Country Name,"Country Code","Series Name","Series Code","1960 [YR1960]","1961 [YR1961]","1962 [YR1962]","1963 [YR1963]","1964 [YR1964]","1965 [YR1965]","1966 [YR1966]","1967 [YR1967]","1968 [YR1968]","1969 [YR1969]","1970 [YR1970]","1971 [YR1971]","1972 [YR1972]","1973 [YR1973]","1974 [YR1974]","1975 [YR1975]","1976 [YR1976]","1977 [YR1977]","1978 [YR1978]","1979 [YR1979]","1980 [YR1980]","1981 [YR1981]","1982 [YR1982]","1983 [YR1983]","1984 [YR1984]","1985 [YR1985]","1986 [YR1986]","1987 [YR1987]","1988 [YR1988]","1989 [YR1989]","1990 [YR1990]","1991 [YR1991]","1992 [YR1992]","1993 [YR1993]","1994 [YR1994]","1995 [YR1995]","1996 [YR1996]","1997 [YR1997]","1998 [YR1998]","1999 [YR1999]","2000 [YR2000]","2001 [YR2001]","2002 [YR2002]","2003 [YR2003]","2004 [YR2004]","2005 [YR2005]","2006 [YR2006]","2007 [YR2007]","2008 [YR2008]","2009 [YR2009]","2010 [YR2010]","2011 [YR2011]","2012 [YR2012]","2013 [YR2013]","2014 [YR2014]","2015 [YR2015]","2016 [YR2016]","2017 [YR2017]","2018 [YR2018]","2019 [YR2019]","2020 [YR2020]","2021 [YR2021]","2022 [YR2022]","2023 [YR2023]","2024 [YR2024]"
Afghanistan,"AFG","Fertility rate, total (births per woman)","SP.DYN.TFRT.IN","7.282","7.284","7.292","7.302","7.304","7.305","7.32","7.339","7.363","7.389","7.4","7.432","7.453","7.487","7.526","7.542","7.561","7.591","7.599","7.612","7.643","7.617","7.6","7.57","7.554","7.55","7.553","7.548","7.551","7.559","7.576","7.631","7.703","7.761","7.767","7.767","7.757","7.732","7.693","7.641","7.566","7.453","7.32","7.174","7.018","6.858","6.686","6.508","6.392","6.295","6.195","6.094","5.985","5.879","5.77","5.652","5.542","5.433","5.327","5.238","5.145","5.039","4.932","4.84",".."
Afghanistan,"AFG","Life expectancy at birth, total (years)","SP.DYN.LE00.IN","32.799","33.291","33.757","34.201","34.673","35.124","35.583","36.042","36.51","36.979","37.46","37.932","38.423","38.951","39.469","39.994","40.518","41.082","40.086","38.844","39.258","39.406","36.058","36.517","31.473","32.132","38.4","38.831","43.238","44.496","45.118","45.521","46.569","51.021","50.969","52.103","52.83","53.212","52.487","54.532","55.005","55.511","56.225","57.171","57.81","58.247","58.553","58.956","59.708","60.248","60.702","61.25","61.735","62.188","62.26","62.27","62.646","62.406","62.443","62.941","61.454","60.417","65.617","66.035",".."
Afghanistan,"AFG","Population, total","SP.POP.TOTL","9035043","9214083","9404406","9604487","9814318","10036008","10266395","10505959","10756922","11017409","11290128","11567667","11853696","12157999","12469127","12773954","13059851","13340756","13611441","13655567","13169311","11937581","10991378","10917982","11190221","11426852","11420074","11387818","11523298","11874088","12045660","12238879","13278974","14943172","16250794","17065836","17763266","18452091","19159996","19887785","20130327","20284307","21378117","22733049","23560654","24404567","25424094","25909852","26482622","27466101","28284089","29347708","30560034","31622704","32792523","33831764","34700612","35688935","36743039","37856121","39068979","40000412","40578842","41454761","42647492"
Albania,"ALB","Fertility rate, total (births per woman)","SP.DYN.TFRT.IN","6.383","6.273","6.106","5.927","5.714","5.474","5.325","5.31","5.317","5.287","5.158","5.083","4.979","4.829","4.7","4.566","4.374","4.204","3.996","3.782","3.59","3.468","3.416","3.319","3.282","3.214","3.141","3.106","3.069","3.03","3.014","2.956","2.885","2.811","2.798","2.762","2.666","2.535","2.425","2.313","2.217","2.141","2.002","2.006","1.889","1.787","1.686","1.633","1.616","1.638","1.653","1.677","1.719","1.741","1.721","1.631","1.555","1.486","1.415","1.395","1.371","1.365","1.355","1.348",".."
Albania,"ALB","Life expectancy at birth, total (years)","SP.DYN.LE00.IN","56.413","57.488","58.494","59.479","60.404","61.273","62.149","62.976","63.788","64.538","65.234","65.896","66.526","67.107","67.633","68.12","68.57","68.992","69.367","69.617","69.903","70.145","70.425","70.705","70.984","71.282","71.665","71.981","72.217","72.457","72.71","73.001","73.303","73.638","73.837","74.022","74.113","73.383","74.357","74.568","74.826","75.083","75.299","75.557","75.951","76.427","76.994","77.691","78.248","78.509","78.414","78.303","78.084","77.995","78.029","78.358","78.643","78.9","79.238","79.467","77.824","76.844","78.769","79.602",".."
Albania,"ALB","Population, total","SP.POP.TOTL","1608800","1659800","1711319","1762621","1814135","1864791","1914573","1965598","2022272","2081695","2135479","2187853","2243126","2296752","2350124","2404831","2458526","2513546","2566266","2617832","2671997","2726056","2784278","2843960","2904429","2964762","3022635","3083605","3142336","3227943","3286542","3266790","3247039","3227287","3207536","3187784","3168033","3148281","3128530","3108778","3089027","3060173","3051010","3039616","3026939","3011487","2992547","2970017","2947314","2927519","2913021","2905195","2900401","2895092","2889104","2880703","2876101","2873457","2866376","2854191","2837849","2811666","2777689","2745972","2714617"
Algeria,"DZA","Fertility rate, total (births per woman)","SP.DYN.TFRT.IN","7.503","7.564","7.607","7.649","7.672","7.711","7.71","7.712","7.711","7.709","7.704","7.671","7.634","7.592","7.545","7.485","7.405","7.312","7.211","7.119","6.994","6.845","6.675","6.496","6.283","6.035","5.645","5.298","5.023","4.761","4.509","4.366","4.274","4.076","3.914","3.487","3.139","2.886","2.691","2.62","2.59","2.519","2.429","2.451","2.5","2.562","2.628","2.704","2.785","2.825","2.875","2.899","2.996","2.997","3.084","3.091","3.091","3.09","3.019","2.997","2.94","2.87","2.817","2.766",".."
Algeria,"DZA","Life expectancy at birth, total (years)","SP.DYN.LE00.IN","40.839","40.792","39.527","43.143","42.987","42.846","42.745","42.731","42.806","42.991","43.328","43.782","44.384","45.102","45.953","46.921","48.034","49.249","50.615","52.409","54.512","57.422","59.594","61.251","62.722","64.155","65.273","66.13","66.91","67.461","67.658","67.692","67.725","67.797","67.284","67.691","68.219","68.859","69.327","70.088","70.576","71.025","71.644","71.906","72.536","72.836","73.116","73.346","73.618","73.871","74.144","74.383","74.609","74.809","74.992","75.159","75.31","75.431","75.555","75.682","73.257","75.208","76.129","76.261",".."
Algeria,"DZA","Population, total","SP.POP.TOTL","11424922","11628883","11800771","11982118","12179813","12365976","12590069","12876118","13172614","13475960","13783719","14098936","14427072","14771147","15133502","15678596","16409170","17015994","17506974","18036655","18607174","19220704","19872348","20558115","21271969","22008544","22745499","23443624","24109536","24754485","25375810","25987928","26628568","27277048","27887279","28470191","29033044","29579301","30054133","30474354","30903893","31331221","31750835","32175818","32628286","33109249","33623506","34189416","34816961","35490445","36188236","36903376","37646166","38414171","39205031","40019529","40850721","41689299","42505035","43294546","44042091","44761099","45477389","46164219","46814308"
American Samoa,"ASM","Fertility rate, total (births per woman)","SP.DYN.TFRT.IN","6.578","6.575","6.603","6.687","6.78","6.73","6.618","6.461","6.281","6.122","5.953","5.765","5.519","5.297","5.139","5.013","4.932","4.953","4.873","4.756","4.627","4.498","4.37","4.267","4.25","4.255","4.276","4.298","4.314","4.41","4.472","4.528","4.557","4.605","4.384","4.121","3.944","3.887","3.878","3.891","3.89","3.87","3.866","3.91","3.945","3.863","3.685","3.509","3.42","3.359","3.292","3.169","3.043","2.932","2.852","2.78","2.699","2.598","2.494","2.404","2.36","2.327","2.305","2.286",".."
American Samoa,"ASM","Life expectancy at birth, total (years)","SP.DYN.LE00.IN","65.053","65.648","66.008","66.161","66.135","65.996","58.284","65.807","65.847","66.05","66.364","66.77","67.186","67.604","67.95","68.256","68.475","68.701","68.881","69.114","69.413","69.731","69.975","70.163","70.326","70.532","70.704","70.828","70.883","70.929","71.107","71.312","71.511","71.54","71.569","71.565","71.576","71.606","71.542","71.484","71.443","71.573","71.755","71.698","72.277","72.382","72.397","72.365","72.43","70.839","72.587","72.662","72.709","72.769","72.687","72.654","72.64","72.801","72.794","72.751","72.672","72.708","72.752","72.852",".."
American Samoa,"ASM","Population, total","SP.POP.TOTL","20133","20666","21298","21966","22673","23406","24136","24863","25614","26375","27026","27533","27995","28436","28875","29390","29959","30521","31076","31611","32403","33584","34909","36271","37667","39103","40571","42072","43615","45191","46640","47882","49038","50159","51251","52316","53353","54362","55334","56248","56855","57053","57062","56971","56818","56617","56374","56113","55828","55528","55228","54895","54489","54006","53466","52878","52245","51586","50908","50209","49761","49225","48342","47521","46765"
Andorra,"AND","Fertility rate, total (births per woman)","SP.DYN.TFRT.IN","2.545","2.543","2.548","2.602","2.689","2.715","2.759","2.78","2.77","2.769","2.787","2.832","2.905","2.826","2.735","2.458","2.207","2.029","1.884","1.795","1.83","1.797","1.726","1.574","1.475","1.434","1.397","1.367","1.365","1.395","1.401","1.397","1.373","1.334","1.317","1.319","1.329","1.354","1.383","1.421","1.273","1.305","1.265","1.18","1.229","1.224","1.234","1.189","1.25","1.208","1.275","1.321","1.26","1.142","1.168","1.223","1.184","1.129","1.053","1.045","1.028","1.058","1.071","1.082",".."
Andorra,"AND","Life expectancy at birth, total (years)","SP.DYN.LE00.IN","72.094","72.573","72.993","73.298","73.624","73.856","74.02","74.119","74.22","74.296","74.452","74.615","74.864","75.096","75.34","75.567","75.869","76.154","76.488","76.819","77.137","77.391","77.617","77.787","77.916","78.006","78.107","78.189","78.364","78.557","78.961","79.346","79.794","80.186","80.587","80.804","81.009","81.145","81.28","81.55","81.863","82.162","82.448","82.718","82.815","83.086","83.374","83.632","83.855","84.1","84.197","84.296","84.334","84.406","84.485","84.532","84.489","84.359","84.242","84.098","79.418","82.331","84.016","84.041",".."
Andorra,"AND","Population, total","SP.POP.TOTL","9510","10283","11086","11915","12764","13634","14626","15837","17176","18555","19977","21442","22957","24523","26130","27773","29436","31097","32735","34306","35782","37169","38764","40565","42273","43825","45734","47653","49416","50620","52597","56667","60200","63272","64612","63912","63984","64700","65382","65710","65685","65852","66506","69486","74325","77421","79585","81877","83495","83888","80706","77783","76834","75194","73737","72174","72181","73763","75162","76474","77380","78364","79705","80856","81938"
Angola,"AGO","Fertility rate, total (births per woman)","SP.DYN.TFRT.IN","6.708","6.79","6.872","6.954","7.036","7.116","7.194","7.267","7.332","7.388","7.434","7.467","7.488","7.498","7.5","7.494","7.485","7.475","7.467","7.461","7.459","7.459","7.461","7.462","7.459","7.451","7.435","7.409","7.373","7.328","7.272","7.208","7.138","7.065","6.99","6.918","6.851","6.789","6.732","6.683","6.639","6.601","6.567","6.533","6.499","6.461","6.419","6.372","6.32","6.26","6.194","6.12","6.039","5.953","5.864","5.774","5.686","5.6","5.519","5.442","5.371","5.304","5.209","5.124",".."
Angola,"AGO","Life expectancy at birth, total (years)","SP.DYN.LE00.IN","37.933","36.902","37.168","37.419","37.704","37.968","38.258","38.616","38.968","39.329","39.688","40.076","40.469","40.871","41.26","40.817","40.812","41.215","41.573","41.913","42.242","42.556","42.857","41.972","42.245","42.495","42.739","40.786","41.471","41.698","41.854","43.812","42.267","42.19","43.567","46.139","46.418","46.688","45.452","45.808","46.501","47.032","47.874","50.218","51.123","52.13","52.965","54.2","55.281","56.225","57.242","58.093","58.916","59.705","60.396","61.042","61.619","62.122","62.622","63.051","63.116","62.958","64.246","64.617",".."
Angola,"AGO","Population, total","SP.POP.TOTL","5231654","5301583","5354310","5408320","5464187","5521981","5581386","5641807","5702699","5763685","5852788","5991102","6174262","6388528","6613367","6842947","7074664","7317829","7576734","7847207","8133872","8435607","8751648","9082983","9425917","9779120","10139450","10497858","10861291","11238562","11626360","12023529","12423712","12827135","13249764","13699778","14170973","14660413","15159370","15667235","16194869","16747208","17327699","17943712","18600423","19291161","20015279","20778561","21578655","22414773","23294825","24218352","25177394","26165620","27160769","28157798","29183070","30234839","31297155","32375632","33451132","34532429","35635029","36749906","37885849"
Antigua and Barbuda,"ATG","Fertility rate, total (births per woman)","SP.DYN.TFRT.IN","4.602","4.559","4.547","4.536","4.484","4.416","4.322","4.178","4.014","3.829","3.628","3.455","3.287","3.126","2.932","2.77","2.78","2.784","2.573","2.632","2.311","2.166","2.087","2.116","2.038","2.151","2.032","2.067","2.132","2.199","2.249","2.036","2.126","2.036","2.069","2.159","2.266","2.19","2.017","1.956","2.196","2.018","1.94","1.887","1.852","1.832","1.831","1.86","2.042","2.006","1.785","1.746","1.655","1.537","1.526","1.567","1.458","1.485","1.371","1.468","1.569","1.58","1.58","1.578",".."
Antigua and Barbuda,"ATG","Life expectancy at birth, total (years)","SP.DYN.LE00.IN","62.635","63.335","63.995","64.697","65.428","66.171","66.902","67.586","68.23","68.827","69.371","69.861","70.304","70.71","71.095","71.447","71.794","72.149","72.5","72.823","73.094","73.32","73.525","73.684","73.808","73.873","73.893","73.873","73.811","73.628","73.602","73.472","73.386","73.39","73.493","73.576","73.839","74.045","74.187","74.456","74.819","75.108","75.237","75.313","75.329","75.364","75.506","75.72","76.075","76.386","76.701","77.023","77.1","77.05","76.912","76.892","76.968","77.03","77.132","77.168","77.161","77.197","77.483","77.598",".."
Antigua and Barbuda,"ATG","Population, total","SP.POP.TOTL","55603","56540","57336","58138","59020","59970","60900","61837","62809","63819","64528","64729","64615","64342","64058","63839","63762","63862","64038","64274","64513","64665","64785","64934","64882","64591","64276","63946","63623","63325","63066","63387","64404","65587","66843","68189","69612","71053","72412","73666","74912","76069","77032","77884","78719","79611","80604","81704","82912","84173","85320","86332","87260","88064","88765","89409","89969","90468","90926","91364","91846","92349","92840","93316","93772"
Argentina,"ARG","Fertility rate, total (births per woman)","SP.DYN.TFRT.IN","3.136","3.12","3.126","3.109","3.075","3.005","2.966","2.982","3.011","3.049","3.085","3.108","3.135","3.17","3.216","3.271","3.317","3.359","3.359","3.339","3.301","3.253","3.204","3.148","3.116","3.066","3.054","3.037","3.046","3.022","3.034","3.012","2.987","2.966","2.935","2.864","2.781","2.706","2.662","2.643","2.591","2.531","2.493","2.451","2.43","2.426","2.4","2.37","2.432","2.4","2.411","2.393","2.304","2.335","2.386","2.35","2.241","2.168","2.067","1.882","1.601","1.585","1.482","1.5",".."
Argentina,"ARG","Life expectancy at birth, total (years)","SP.DYN.LE00.IN","64.242","64.631","64.618","64.855","64.816","65.053","65.398","65.467","65.234","65.085","65.647","65.619","65.953","66.186","66.405","66.965","67.03","67.595","67.999","68.434","68.576","68.858","68.973","69.29","69.353","69.879","70.281","70.699","71.097","71.502","71.615","72.02","72.096","72.303","72.732","72.864","73.056","73.407","73.412","73.683","73.91","74.154","74.312","74.307","74.871","75.231","75.279","74.783","75.428","75.577","75.68","76.1","75.802","75.829","76.268","76.6","76.105","76.543","76.77","76.847","75.878","73.948","75.806","77.395",".."
Argentina,"ARG","Population, total","SP.POP.TOTL","20386045","20726276","21072538","21421705","21769453","22112629","22453893","22799059","23150583","23508711","23878327","24257208","24644328","25046005","25461351","25874107","26282283","26701805","27132158","27568895","28011596","28463959","28924262","29391332","29863093","30336441","30811980","31291762","31780532","32270948","32755901","33230294","33693527","34152717","34613491","35070020","35513793","35947791","36372860","36794682","37213984","37624825","38029349","38424282","38815916","39216789","39622115","40016763","40424148","40854831","41288694","41730660","42161721","42582455","43024071","43477012","43900313","44288894","44654882","44973465","45191965","45312281","45407904","45538401","45696159"
Armenia,"ARM","Fertility rate, total (births per woman)","SP.DYN.TFRT.IN","4.786","4.67","4.521","4.345","4.15","3.988","3.829","3.731","3.622","3.488","3.328","3.286","3.198","3.081","2.984","2.921","2.844","2.739","2.617","2.53","2.48","2.48","2.503","2.558","2.603","2.644","2.662","2.664","2.675","2.705","2.708","2.643","2.499","2.286","2.084","2.067","2.06","1.9","1.81","1.534","1.3","1.2","1.2","1.3","1.4","1.3","1.3","1.4","1.4","1.5","1.5","1.5","1.6","1.6","1.7","1.6","1.6","1.6","1.6","1.6","1.7","1.7","1.7","1.9",".."
Armenia,"ARM","Life expectancy at birth, total (years)","SP.DYN.LE00.IN","59.063","59.4940975609756","59.9166829268293","60.3282682926829","60.7238292682927","61.0993414634146","61.4538292682927","61.784756097561","62.0936341463415","62.3799512195122","62.6447073170732","62.8889024390244","63.1144878048781","63.3309268292683","63.546756097561","63.7678780487805","64.0014878048781","64.2539512195122","64.5261951219512","64.8208292682927","65.1385609756098","65.4824878048781","65.8509268292683","66.229243902439","66.5913658536585","66.9152682926829","67.178","67.3590731707317","52.6001219512195","67.5185609756098","67.5493658536585","67.6270487804878","67.7185365853659","67.9731951219512","68.2718048780488","68.628487804878","69.0061219512195","69.3938292682927","69.7993414634146","70.1989512195122","72.8804878048781","72.9756097560976","72.8268292682927","72.8268292682927","73.0268292682927","73.0756097560976","72.8243902439025","72.8731707317073","73.0731707317073","73.0731707317073","73.1731707317073","73.8170731707317","74.119512195122","74.6219512195122","74.8731707317073","74.8707317073171","74.8682926829268","75.2170731707317","75.619512195122","76.2219512195122","73.3756097560976","72.2780487804878","74.7658536585366","77.4658536585366",".."
Armenia,"ARM","Population, total","SP.POP.TOTL","1863705","1927484","1991689","2056023","2120135","2183635","2246159","2307492","2367319","2424030","2475633","2525345","2577079","2630860","2686445","2743660","2818165","2912827","3012807","3078501","3107415","3135349","3163144","3191539","3224547","3260432","3294847","3328520","3355125","3443100","3552128","3613977","3571861","3453332","3364610","3307581","3278735","3246289","3208401","3167286","3221100","3211800","3199800","3182500","3164900","3146400","3127100","3107400","3087100","3066000","3044800","3027900","3024100","3022000","3013800","3004600","2992300","2979400","2969000","2962500","2961500","2962300","2969200","2964300","3033500"
Aruba,"ABW","Fertility rate, total (births per woman)","SP.DYN.TFRT.IN","4.567","4.422","4.262","4.107","3.94","3.797","3.621","3.452","3.277","3.111","2.973","2.862","2.755","2.655","2.573","2.499","2.432","2.372","2.312","2.257","2.203","2.161","2.142","2.148","2.17","2.188","2.212","2.243","2.273","2.306","2.345","2.362","2.353","2.331","2.298","2.288","2.233","2.138","2.001","1.897","1.845","1.813","1.8","1.808","1.819","1.844","1.862","1.881","1.889","1.875","1.855","1.858","1.907","1.944","1.944","1.899","1.848","1.785","1.732","1.701","1.662","1.631","1.615","1.602",".."
Aruba,"ABW","Life expectancy at birth, total (years)","SP.DYN.LE00.IN","64.049","64.215","64.602","64.944","65.303","65.615","66.126","66.385","66.744","67.098","67.44","67.783","68.335","68.862","69.278","69.564","69.808","70.054","70.271","70.507","70.771","71.344","71.485","71.606","71.711","71.792","71.831","72.448","72.519","72.531","72.546","72.592","72.717","72.777","72.796","72.832","72.856","72.904","72.94","72.857","72.939","73.044","73.135","73.236","73.223","73.415","73.498","73.642","73.783","73.974","74.297","74.578","74.841","75.072","75.261","75.405","75.54","75.62","75.88","76.019","75.406","73.655","76.226","76.353",".."
Aruba,"ABW","Population, total","SP.POP.TOTL","54922","55578","56320","57002","57619","58190","58694","58990","59069","59052","58950","58781","58047","58299","58349","58295","58368","58580","58776","59191","59909","60563","61276","62228","62901","61728","59931","59159","59331","60443","62753","65896","69005","73685","77595","79805","83021","86301","88451","89659","90588","91439","92074","93128","95138","97635","99405","100150","100917","101604","101838","102591","104110","105675","106807","107906","108727","108735","108908","109203","108587","107700","107310","107359","107624"
Australia,"AUS","Fertility rate, total (births per woman)","SP.DYN.TFRT.IN","3.453","3.54","3.442","3.332","3.146","2.977","2.881","2.848","2.888","2.886","2.859","2.961","2.744","2.491","2.397","2.148","2.06","2.007","1.949","1.907","1.891","1.935","1.929","1.924","1.84","1.923","1.868","1.845","1.831","1.838","1.902","1.849","1.888","1.859","1.842","1.822","1.796","1.778","1.762","1.755","1.756","1.739","1.756","1.748","1.768","1.807","1.908","1.959","1.984","1.971","1.928","1.926","1.92","1.855","1.826","1.814","1.752","1.741","1.74","1.657","1.581","1.7","1.63","1.5",".."
Australia,"AUS","Life expectancy at birth, total (years)","SP.DYN.LE00.IN","70.8170731707317","70.9731707317073","70.9424390243903","70.9117073170732","70.8809756097561","70.850243902439","70.819512195122","70.8692682926829","70.9190243902439","70.9687804878049","71.0185365853659","71.0682926829268","71.4575609756098","71.8468292682927","72.2360975609756","72.6253658536586","73.0146341463415","73.3443902439024","73.6741463414634","74.0039024390244","74.3336585365854","74.6634146341463","74.9048780487805","75.1463414634146","75.3878048780488","75.6292682926829","75.8707317073171","76.1517073170732","76.4326829268293","76.7136585365854","76.9946341463415","77.2756097560976","77.3780487804878","77.8780487804878","77.8780487804878","77.8292682926829","78.0780487804878","78.4804878048781","78.6317073170732","78.9317073170732","79.2341463414634","79.6341463414634","79.9365853658537","80.2390243902439","80.490243902439","80.8414634146341","81.0414634146342","81.2926829268293","81.3951219512195","81.5439024390244","81.6951219512195","81.8951219512195","82.0463414634146","82.1487804878049","82.3","82.4","82.4487804878049","82.5","82.7487804878049","82.9","83.2","83.3","83.2","83.0512195121951",".."
Australia,"AUS","Population, total","SP.POP.TOTL","10276477","10483000","10742000","10950000","11167000","11388000","11651000","11799000","12009000","12263000","12507000","12937000","13177000","13380000","13723000","13893000","14033000","14192000","14358000","14514000","14692000","14923260","15184247","15393472","15579391","15788312","16018350","16263874","16532164","16814416","17065128","17284036","17478635","17634808","17805468","18004882","18224767","18423037","18607584","18812264","19028802","19274701","19495210","19720737","19932722","20176844","20450966","20827622","21249199","21691653","22031750","22340024","22733465","23128129","23475686","23815995","24190907","24592588","24963258","25334826","25649248","25685412","26014399","26652777","27204809"
Austria,"AUT","Fertility rate, total (births per woman)","SP.DYN.TFRT.IN","2.69","2.78","2.8","2.82","2.79","2.7","2.66","2.62","2.58","2.49","2.29","2.2","2.08","1.94","1.91","1.83","1.69","1.63","1.6","1.6","1.65","1.67","1.66","1.56","1.52","1.47","1.45","1.43","1.45","1.45","1.46","1.51","1.51","1.5","1.47","1.42","1.45","1.39","1.37","1.34","1.36","1.33","1.39","1.38","1.42","1.41","1.41","1.38","1.42","1.39","1.44","1.43","1.44","1.44","1.46","1.49","1.53","1.52","1.47","1.46","1.44","1.48","1.41","1.32",".."
Austria,"AUT","Life expectancy at birth, total (years)","SP.DYN.LE00.IN","68.5856097560976","69.5773170731707","69.309512195122","69.4436585365854","69.9219512195122","69.7221951219512","70.0458536585366","69.9178048780488","70.0575609756098","69.8331707317073","69.9146341463415","70.1146341463415","70.4634146341463","71.0146341463415","71.0121951219512","71.1146341463415","71.5658536585366","71.9146341463415","72.0121951219512","72.3121951219512","72.4634146341463","72.8121951219512","72.9609756097561","73.0121951219512","73.6121951219512","73.8146341463415","74.3170731707317","74.7682926829268","75.2170731707317","75.2658536585366","75.5682926829269","75.6170731707317","75.8170731707317","76.0682926829268","76.419512195122","76.6682926829268","76.8707317073171","77.319512195122","77.6707317073171","77.8756097560976","78.1268292682927","78.5756097560976","78.6780487804878","78.6317073170732","79.1804878048781","79.3317073170732","79.8804878048781","80.1804878048781","80.4317073170732","80.3317073170732","80.5804878048781","80.9829268292683","80.9365853658537","81.1365853658537","81.490243902439","81.190243902439","81.6414634146342","81.6439024390244","81.6926829268293","81.8951219512195","81.1926829268293","81.190243902439","81.2951219512195","81.5414634146342",".."
Austria,"AUT","Population, total","SP.POP.TOTL","7047539","7086299","7129864","7175811","7223801","7270889","7322066","7376998","7415403","7441055","7467086","7500482","7544201","7586115","7599038","7578903","7565525","7568430","7562305","7549425","7549433","7568710","7574140","7561910","7561434","7564985","7569794","7574586","7585317","7619567","7677850","7754891","7840709","7905633","7936118","7948278","7959017","7968041","7976789","7992324","8011566","8042293","8081957","8121423","8171966","8227829","8268641","8295487","8321496","8343323","8363404","8391643","8429991","8479823","8546356","8642699","8736668","8797566","8840521","8879920","8916864","8955797","9041851","9131761","9178482"
Azerbaijan,"AZE","Fertility rate, total (births per woman)","SP.DYN.TFRT.IN","5.878","5.937","5.961","5.945","5.888","5.792","5.663","5.377","5.222","5.065","4.913","4.769","4.615","4.451","4.33","4.176","4.018","3.869","3.73","3.605","3.497","3.41","3.343","3.293","3.259","2.91","2.9","2.9026","2.8","2.8","2.74","2.87","2.74","2.7","2.52","2.29","2.06","2.07","2","2.07","2","1.8","1.8","1.9","2.0535","2","1.97","1.97","1.9","1.82","1.92","1.96","2","1.98","1.97","1.94","1.9","1.75","1.73","1.81","1.7","1.52","1.67","1.55",".."
Azerbaijan,"AZE","Life expectancy at birth, total (years)","SP.DYN.LE00.IN","50.862","51.435","52.053","52.696","53.292","53.884","54.485","55.032","55.563","56.08","56.586","57.043","57.503","57.926","58.332","58.687","59.477","59.972","60.494","60.931","61.433","61.908","62.23","62.479","62.084","62.674","62.603","62.824","62.672","62.945","62.75","62.544","60.773","61.426","60.277","61.931","62.66","62.953","63.75","64.733","65.377","66.043","66.769","67.036","67.488","67.71","68.489","68.659","69.355","69.874","70.309","70.565","71.08","71.485","71.93","72.349","72.568","72.694","73.016","73.29","70.312","70.999","74.125","74.429",".."
Azerbaijan,"AZE","Population, total","SP.POP.TOTL","3894500","4045750","4168150","4293550","4439250","4574650","4708150","4832000","4948500","5063300","5172050","5282950","5391450","5493900","5594100","5689050","5781000","5876150","5976150","6071300","6160500","6257750","6357550","6459800","6567850","6670150","6770300","6875350","6974600","7076550","7175200","7271300","7382050","7494800","7596550","7684850","7763000","7838250","7913000","7982750","8048600","8111200","8171950","8234100","8306500","8391850","8484550","8581300","8763400","8947243","9054332","9173082","9295784","9416801","9535079","9649341","9757812","9854033","9939771","10024283","10093121","10137750","10141756","10153958","10202850"
"Bahamas, The","BHS","Fertility rate, total (births per woman)","SP.DYN.TFRT.IN","5.093","5.156","5.125","5.062","4.969","4.884","4.788","4.689","4.556","4.38","4.212","4.058","3.886","3.726","3.572","3.424","3.297","3.167","3.052","2.937","2.842","2.771","2.708","2.652","2.591","2.546","2.529","2.52","2.519","2.523","2.52","2.51","2.71","2.61","2.472","2.419","2.353","2.293","2.232","2.134","2.06","2.02","1.984","1.971","1.98","2.008","2.019","2.035","1.999","2.011","1.837","1.791","1.761","1.738","1.687","1.574","1.495","1.424","1.404","1.397","1.386","1.382","1.379","1.373",".."
"Bahamas, The","BHS","Life expectancy at birth, total (years)","SP.DYN.LE00.IN","62.454","62.813","63.187","63.532","63.897","64.272","64.589","65.03","65.399","65.773","66.163","66.526","66.781","67.147","67.585","68.14","68.529","68.762","68.873","68.96","69.091","69.368","69.682","70.003","70.192","70.289","70.316","70.383","70.508","70.719","70.945","71.183","71.298","71.42","71.429","71.422","71.464","71.597","71.84","72.147","72.481","72.765","73.023","73.213","73.235","73.413","73.456","73.463","73.445","73.455","73.449","73.571","73.707","73.93","74.029","73.805","74.042","74.031","74.062","71.408","72.994","70.752","74.491","74.552",".."
"Bahamas, The","BHS","Population, total","SP.POP.TOTL","116317","122197","128493","135087","141528","147952","154874","162267","170089","177981","184982","190857","196055","200791","205342","209886","214501","219157","223761","228230","232526","236614","240614","244698","248863","253154","257536","261935","266448","271178","275945","280731","285927","291339","296509","301461","306268","310904","315368","319614","323835","327836","331614","335618","339782","343894","348375","353334","358120","362810","367478","371729","375469","378953","382298","385346","388055","390485","392717","394675","395863","396373","397538","399440","401283"
Bahrain,"BHR","Fertility rate, total (births per woman)","SP.DYN.TFRT.IN","7.262","7.231","7.185","7.137","7.091","7.027","6.944","6.843","6.708","6.57","6.428","6.284","6.139","5.965","5.787","5.618","5.454","5.287","5.12","4.937","4.762","4.602","4.505","4.406","4.303","4.281","4.254","4.133","4.04","3.956","3.817","3.625","3.548","3.461","3.291","3.128","2.986","2.924","2.889","2.899","2.798","2.653","2.699","2.778","2.774","2.67","2.464","2.282","2.152","2.047","1.987","2.025","2.11","2.166","2.149","2.113","2.042","1.984","1.911","1.843","1.86","1.852","1.839","1.824",".."
Bahrain,"BHR","Life expectancy at birth, total (years)","SP.DYN.LE00.IN","50.634","52.278","53.893","55.449","56.946","58.379","59.745","61.036","62.253","63.35","64.359","65.279","66.095","66.922","67.633","68.276","68.858","69.383","69.85","70.296","70.684","71.037","71.354","71.637","71.884","72.092","72.257","72.377","72.46","72.524","72.587","72.668","72.785","72.939","73.134","73.361","73.61","73.872","74.138","74.405","74.673","74.942","75.209","75.486","75.787","76.125","76.51","76.952","77.457","78.016","78.593","79.141","79.622","79.998","80.214","80.338","80.407","80.407","80.412","80.471","78.683","78.083","80.992","81.284",".."
Bahrain,"BHR","Population, total","SP.POP.TOTL","165477","172346","179349","186501","193816","200866","207543","214189","219337","222469","224809","230733","242113","255320","269038","283243","297863","312823","328046","343457","358978","373524","386983","400707","415154","430358","446286","462854","479929","497327","514797","503052","516458","530225","544366","558879","573792","589115","604842","620989","637582","661316","710553","764517","823741","888822","960424","1039295","1103496","1178415","1228543","1195020","1208964","1253191","1314562","1370322","1423726","1501116","1503091","1483756","1472204","1504365","1524693","1577059","1588670"
Bangladesh,"BGD","Fertility rate, total (births per woman)","SP.DYN.TFRT.IN","6.742","6.78","6.806","6.798","6.785","6.771","6.766","6.79","6.791","6.806","6.839","6.831","6.816","6.8","6.778","6.728","6.66","6.583","6.509","6.421","6.326","6.237","6.118","5.906","5.732","5.539","5.302","5.075","4.849","4.695","4.506","4.261","4.027","3.832","3.737","3.588","3.505","3.502","3.427","3.357","3.279","3.203","3.126","3.029","2.94","2.846","2.755","2.666","2.577","2.484","2.38","2.309","2.263","2.247","2.228","2.227","2.227","2.205","2.193","2.18","2.175","2.173","2.179","2.163",".."
Bangladesh,"BGD","Life expectancy at birth, total (years)","SP.DYN.LE00.IN","43.98","44.887","45.765","45.722","46.752","46.046","47.644","48.066","48.4","48.686","42.667","26.522","49.647","49.914","49.589","50.627","50.951","51.265","51.596","51.959","52.278","52.638","53.012","53.441","53.826","53.937","54.592","54.899","55.174","55.514","55.822","53.781","56.592","57.073","57.64","58.244","58.94","59.671","60.429","61.244","62.049","62.836","63.591","64.288","64.912","65.509","66.048","66.458","67.047","67.527","68.009","68.499","68.989","69.487","70.016","70.543","71.075","71.606","72.122","72.625","71.421","71.103","74.265","74.672",".."
Bangladesh,"BGD","Population, total","SP.POP.TOTL","51828660","53310348","54881146","56504402","58178374","59902519","61669806","63510929","65408276","67294133","69058894","70276758","71641519","73722294","75839348","77854351","79855318","81867264","83889655","85935072","88016432","90303105","92814507","95335155","97814966","100253825","102635572","104959291","107216008","109433799","111633717","113787109","115952192","118132360","120343179","122600370","124862179","127198069","129622332","132108065","134544304","136805810","138933658","140970351","142902856","144715786","146405973","147989278","149474264","150873714","152201981","153591076","155070101","156532141","157964929","159383179","160811932","162186147","163523103","164913055","166298024","167658854","169384897","171466990","173562364"
Barbados,"BRB","Fertility rate, total (births per woman)","SP.DYN.TFRT.IN","4.706","4.153","4.3","4.304","4.214","4.176","4.144","3.599","3.574","3.342","3.079","3.199","3.153","2.865","2.652","2.447","2.241","2.201","1.839","1.862","1.777","1.846","1.859","1.856","1.752","1.769","1.694","1.611","1.58","1.638","1.842","1.838","1.804","1.769","1.733","1.704","1.673","1.645","1.62","1.779","1.933","1.955","1.862","1.856","1.797","1.738","1.702","1.755","1.756","1.77","1.785","1.758","1.731","1.729","1.727","1.726","1.724","1.724","1.72","1.715","1.708","1.709","1.712","1.708",".."
Barbados,"BRB","Life expectancy at birth, total (years)","SP.DYN.LE00.IN","64.149","65.033","65.715","66.204","66.678","67.236","67.71","67.92","68.2","68.504","68.518","68.787","69.132","69.108","69.379","69.79","70.114","70.64","71.143","71.549","72.129","72.63","72.903","73.156","73.302","73.316","73.416","73.463","73.431","73.375","73.463","73.543","73.61","73.739","73.755","73.88","74.065","73.988","74.465","74.587","74.58","74.707","74.82","74.865","75.15","74.96","75.049","75.263","75.3","75.458","75.488","75.599","75.737","75.816","75.926","76.055","76.168","76.237","76.378","76.495","76.647","76.58","75.676","76.178",".."
Barbados,"BRB","Population, total","SP.POP.TOTL","230893","233148","235224","237557","239958","242417","244996","247091","248540","249444","249387","249168","249658","250322","250777","251175","251442","251626","251551","251269","251524","252270","253095","253992","254920","255820","256618","257279","257763","258109","258582","259373","260267","261027","261620","262039","262284","262392","262436","262517","262063","262425","264148","265776","267298","268706","270002","271288","272714","274123","275243","276139","276938","277665","278348","278990","279598","280171","280711","281207","281698","282147","282318","282336","282467"
Belarus,"BLR","Fertility rate, total (births per woman)","SP.DYN.TFRT.IN","2.67","2.59","2.5","2.4","2.31","2.27","2.29","2.26","2.22","2.26","2.31","2.31","2.28","2.25","2.21","2.17","2.12","2.08","2.06","2.05","2.03","2.02","2.05","2.11","2.11","2.09","2.09","2.03","2.031","2.026","1.913","1.805","1.764","1.623","1.533","1.406","1.335","1.25","1.3","1.31","1.317","1.286","1.24","1.232","1.233","1.252","1.335","1.429","1.488","1.509","1.494","1.515","1.62","1.668","1.696","1.724","1.733","1.541","1.448","1.382","1.369","1.371","1.326","1.208",".."
Belarus,"BLR","Life expectancy at birth, total (years)","SP.DYN.LE00.IN","69.2546097560976","69.7383902439024","69.4623170731708","69.7097804878049","70.619243902439","70.5974878048781","70.7689268292683","70.9297804878049","70.8127804878049","70.9780243902439","70.7444878048781","71.0117073170732","70.8493170731708","71.0006585365854","70.8546829268293","70.4570975609756","70.3968292682927","70.2890243902439","70.0817317073171","69.9336341463415","69.9277073170732","69.907512195122","70.0769024390244","69.7948536585366","69.5631951219512","70.9926829268293","71.549512195122","70.990243902439","71.3414634146341","71.4829268292683","70.8365853658537","70.3780487804878","70.0219512195122","68.9707317073171","68.7682926829268","68.4609756097561","68.5121951219512","68.4609756097561","68.4073170731707","67.9073170731707","68.9121951219512","68.5073170731707","68.0560975609756","68.5536585365854","68.9560975609756","68.8512195121951","69.4048780487805","70.2073170731707","70.4560975609756","70.4073170731707","70.4048780487805","70.5536585365854","71.9658536585366","72.4707317073171","72.9707317073171","73.6243902439025","73.8268292682927","74.1292682926829","74.1756097560976","74.2268292682927","72.1385609756098","72.0714634146342","74.1033658536585","74.1837804878049",".."
Belarus,"BLR","Population, total","SP.POP.TOTL","8198000","8271216","8351928","8437232","8524224","8610000","8696496","8785648","8874552","8960304","9040000","9115576","9188968","9257272","9317584","9367000","9411000","9463000","9525000","9584000","9643000","9710000","9776000","9843000","9910000","9975000","10043000","10111000","10140000","10170000","10189348","10194050","10216470","10239050","10226955","10193831","10159569","10117433","10071963","10026738","9979610","9928549","9865548","9796749","9730146","9663915","9604924","9560953","9527985","9504583","9483836","9461643","9446836","9443211","9448515","9461076","9469379","9458989","9438785","9419758","9379952","9302585","9228071","9178298","9133712"
Belgium,"BEL","Fertility rate, total (births per woman)","SP.DYN.TFRT.IN","2.54","2.63","2.59","2.68","2.71","2.61","2.52","2.41","2.31","2.27","2.25","2.21","2.09","1.95","1.83","1.74","1.73","1.71","1.69","1.69","1.68","1.66","1.61","1.57","1.54","1.51","1.54","1.54","1.57","1.58","1.62","1.66","1.65","1.61","1.56","1.56","1.59","1.6","1.6","1.62","1.67","1.67","1.65","1.67","1.72","1.76","1.8","1.82","1.85","1.84","1.86","1.81","1.8","1.76","1.74","1.7","1.68","1.65","1.62","1.6","1.55","1.6","1.53","1.47",".."
Belgium,"BEL","Life expectancy at birth, total (years)","SP.DYN.LE00.IN","69.7019512195122","70.5209756097561","70.219512195122","70.0514634146342","70.7551219512195","70.6253658536586","70.7063414634146","71.0129268292683","70.6931707317073","70.7648780487805","70.9719512195122","71.0604878048781","71.4051219512195","71.6353658536586","71.9858536585366","71.9712195121951","72.119756097561","72.7739024390244","72.6980487804878","73.1936585365854","73.2070731707317","73.6217073170732","73.8880487804878","73.8690243902439","74.4048780487805","74.520243902439","74.7317073170732","75.3658536585366","75.5658536585366","75.6326829268293","76.0519512195122","76.1921951219512","76.3512195121951","76.3453658536585","76.6917073170732","76.8407317073171","77.1873170731707","77.3707317073171","77.4731707317073","77.619512195122","77.7219512195122","77.9731707317073","78.0756097560976","78.1292682926829","78.8780487804878","78.9804878048781","79.380487804878","79.7829268292683","79.6804878048781","80.0341463414634","80.1829268292683","80.5853658536585","80.3853658536585","80.5878048780488","81.2878048780488","80.9926829268293","81.4390243902439","81.4926829268293","81.5951219512195","81.9951219512195","80.6951219512195","81.790243902439","81.7487804878049","82.3975609756098",".."
Belgium,"BEL","Population, total","SP.POP.TOTL","9153489","9183948","9220578","9289770","9378113","9463667","9527807","9580991","9618756","9646032","9655549","9673162","9711115","9741720","9772419","9800700","9818227","9830358","9839534","9848382","9859242","9858982","9856303","9855520","9855372","9858308","9861823","9870234","9901664","9937697","9967379","10004486","10045158","10084475","10115603","10136811","10156637","10181245","10203008","10226419","10251250","10286570","10332785","10376133","10421137","10478617","10547958","10625700","10709973","10796493","10895586","11038264","11106932","11159407","11209057","11274196","11331422","11375158","11427054","11488980","11538604","11586195","11680210","11787423","11876844"
Belize,"BLZ","Fertility rate, total (births per woman)","SP.DYN.TFRT.IN","6.5","6.48","6.46","6.44","6.42","6.4","6.379","6.358","6.337","6.316","6.299","6.288","6.284","6.285","6.287","6.278","6.25","6.195","6.109","5.992","5.849","5.684","5.497","5.309","5.115","4.997","4.937","4.883","4.868","4.864","4.802","4.595","4.429","4.206","3.973","3.876","3.755","3.737","3.752","3.726","3.633","3.526","3.43","3.335","3.252","3.173","3.021","2.885","2.78","2.659","2.552","2.531","2.51","2.498","2.474","2.433","2.396","2.368","2.343","2.142","2.04","1.837","1.949","2.007",".."
Belize,"BLZ","Life expectancy at birth, total (years)","SP.DYN.LE00.IN","57.389","52.944","58.741","59.316","59.84","60.356","60.86","61.437","61.961","62.497","63.044","63.546","64.025","64.487","64.936","65.377","65.765","66.135","66.338","66.677","66.884","67.095","67.339","67.601","67.952","68.347","68.743","69.108","69.401","69.534","69.569","69.645","69.601","69.595","69.585","69.484","69.363","69.183","68.906","68.976","68.911","68.944","69.528","69.819","70.152","70.335","70.535","70.652","70.665","70.806","70.875","70.975","71.134","71.276","71.437","71.647","71.843","72.062","72.322","72.577","71.58","70.917","72.19","73.566",".."
Belize,"BLZ","Population, total","SP.POP.TOTL","91318","93632","96042","98704","101603","104675","107906","111272","114713","118040","120736","122805","124676","126445","128185","130387","133099","135887","138713","141678","145062","148786","152548","156297","160044","163796","167554","171338","175180","179107","183076","187040","190983","194902","199097","204146","210310","217446","225173","233059","240799","248379","256009","263780","271688","279731","287878","296100","304361","312614","320245","327298","334414","341627","348923","356333","364705","373202","380226","385829","390812","395346","402733","411106","417072"
Benin,"BEN","Fertility rate, total (births per woman)","SP.DYN.TFRT.IN","6.282","6.402","6.457","6.51","6.565","6.605","6.625","6.643","6.669","6.705","6.735","6.766","6.799","6.809","6.822","6.83","6.83","6.832","6.824","6.905","6.989","7.056","7.055","7.045","7.031","7.003","6.962","6.918","6.871","6.815","6.741","6.666","6.593","6.51","6.419","6.33","6.279","6.23","6.136","6.032","5.937","5.848","5.793","5.763","5.718","5.692","5.673","5.627","5.548","5.491","5.452","5.436","5.429","5.41","5.374","5.32","5.254","5.155","5.031","4.9","4.795","4.707","4.634","4.556",".."
Benin,"BEN","Life expectancy at birth, total (years)","SP.DYN.LE00.IN","38.775","39.233","39.643","40.081","40.502","40.971","41.274","41.759","42.182","42.591","43.029","43.391","43.928","44.435","44.876","45.405","45.952","46.504","46.941","47.362","47.747","48.122","48.493","48.845","49.399","49.959","50.632","51.258","52.019","52.45","53.02","53.441","54.137","54.612","54.988","55.366","55.648","55.986","56.154","56.336","56.594","56.654","56.851","57.092","57.346","57.738","57.966","58.249","58.099","58.258","58.387","58.462","58.559","58.863","59.008","59.123","59.283","59.528","59.71","59.888","60.154","59.61","60.475","60.774",".."
Benin,"BEN","Population, total","SP.POP.TOTL","2517286","2559223","2604659","2652908","2704003","2757936","2814317","2872997","2934257","2998222","3065057","3134767","3207543","3283496","3362633","3445407","3532196","3623202","3718305","3818528","3925251","4038307","4156596","4278978","4405895","4538012","4675420","4818486","4967341","5121657","5281479","5446932","5617844","5872706","6096506","6226773","6391858","6583365","6789489","7002818","7221619","7445596","7675426","7913070","8159094","8426144","8693242","8953969","9228466","9509423","9797484","10093623","10397657","10708834","11030004","11360681","11697842","12039780","12383347","12726755","13070169","13413417","13759501","14111034","14462724"
Bermuda,"BMU","Fertility rate, total (births per woman)","SP.DYN.TFRT.IN","3.63","3.594","3.441","3.476","3.231","3.077","2.794","2.567","2.451","2.361","2.308","2.277","2.225","2.143","2.023","1.888","1.864","1.689","1.798","1.661","1.664","1.596","1.643","1.812","1.683","1.774","1.732","1.746","1.797","1.76","1.699","1.744","1.725","1.7","1.684","1.677","1.699","1.692","1.794","1.794","1.738","1.861","1.815","1.79","1.76","1.782","1.79","1.934","1.86","1.853","1.767","1.569","1.528","1.522","1.42","1.44","1.45","1.419","1.374","1.383","1.451","1.389","1.397","1.401",".."
Bermuda,"BMU","Life expectancy at birth, total (years)","SP.DYN.LE00.IN","66.482","67.528","67.884","67.689","67.5","67.582","67.718","67.792","67.898","68.088","68.404","68.98","69.643","70.374","70.864","71.171","71.331","71.616","71.968","72.402","72.666","72.892","73.041","73.24","73.365","73.373","73.368","73.454","73.555","73.733","73.952","74.204","74.446","74.766","75.276","75.92","76.52","76.972","77.389","77.854","78.251","78.637","78.841","78.715","78.898","78.874","78.87","79.006","79.101","79.229","79.414","79.651","79.847","80.016","80.199","80.338","80.476","80.686","80.986","81.251","81.456","81.745","82.062","82.309",".."
Bermuda,"BMU","Population, total","SP.POP.TOTL","42208","43123","44239","45340","46410","47461","48534","49514","50404","51306","52124","52607","52803","52946","53056","53129","53210","53322","53431","53517","53673","53997","54387","54777","55169","55547","55889","56265","56699","57129","57559","57984","58407","58816","59194","59526","59813","60177","60639","61124","61550","61867","62142","62386","62555","62711","62834","63010","63300","63565","63725","63733","63646","63574","63529","63464","63449","63578","63831","64107","64382","64648","64749","64698","64636"
Bhutan,"BTN","Fertility rate, total (births per woman)","SP.DYN.TFRT.IN","6.704","6.698","6.692","6.687","6.682","6.679","6.674","6.669","6.664","6.658","6.65","6.643","6.639","6.633","6.618","6.62","6.616","6.605","6.584","6.553","6.511","6.46","6.402","6.336","6.262","6.176","6.103","5.999","5.88","5.757","5.604","5.451","5.267","5.072","4.866","4.624","4.369","4.088","3.853","3.607","3.378","3.188","3.012","2.865","2.781","2.726","2.66","2.589","2.481","2.364","2.252","2.155","2.068","2","1.923","1.835","1.738","1.621","1.517","1.448","1.502","1.488","1.478","1.462",".."
Bhutan,"BTN","Life expectancy at birth, total (years)","SP.DYN.LE00.IN","36.367","36.654","36.992","37.37","37.796","38.263","38.789","39.359","39.96","40.566","41.185","41.83","42.487","43.136","43.8","44.513","45.23","45.95","46.691","47.446","48.198","48.975","49.776","50.553","51.313","52.033","52.826","53.62","54.385","55.12","55.811","56.451","57.208","57.906","58.395","59.277","59.982","60.639","61.322","62.032","61.842","63.323","63.984","64.662","65.29","65.875","66.499","67.152","67.733","68.156","68.765","69.28","69.759","70.161","70.504","70.797","71.119","71.413","71.711","72.005","72.253","72.448","72.754","72.975",".."
Bhutan,"BTN","Population, total","SP.POP.TOTL","224084","230602","237636","245156","252987","261200","269820","278852","288311","298214","308528","319211","330264","341705","353538","365791","378490","391639","405243","419200","433404","447836","462485","477460","492784","508392","524324","540557","556986","573586","589287","599784","577774","554673","554497","547989","548784","558697","569435","582579","596863","610794","624409","637663","650544","661865","670799","678641","686351","693988","701632","709377","717279","725273","733139","740618","747866","754335","759759","764824","770006","775442","780914","786385","791524"
Bolivia,"BOL","Fertility rate, total (births per woman)","SP.DYN.TFRT.IN","6.273","6.257","6.246","6.232","6.21","6.182","6.158","6.133","6.101","6.058","6.004","5.947","5.885","5.847","5.796","5.748","5.739","5.673","5.61","5.542","5.474","5.408","5.346","5.289","5.242","5.153","5.115","5.063","5.025","4.965","4.9","4.846","4.713","4.592","4.494","4.409","4.336","4.219","4.149","4.09","3.991","3.89","3.802","3.721","3.633","3.558","3.533","3.447","3.364","3.287","3.213","3.143","3.076","3.01","2.947","2.886","2.829","2.777","2.73","2.688","2.651","2.618","2.584","2.547",".."
Bolivia,"BOL","Life expectancy at birth, total (years)","SP.DYN.LE00.IN","43.338","43.628","44.002","44.335","44.674","45.09","45.479","45.904","46.342","46.705","47.103","47.483","47.829","48.282","48.752","49.336","49.971","50.387","50.838","51.353","51.828","52.259","52.511","52.861","53.383","53.777","54.247","54.901","55.505","56.146","56.797","57.439","57.923","58.66","59.282","59.787","60.287","60.745","61.227","61.655","62.057","62.538","63.068","63.455","63.819","64.182","64.529","64.939","65.299","65.656","66.003","66.282","66.586","66.777","66.97","67.205","67.392","67.536","67.699","67.82","62.906","61.427","67.434","68.581",".."
Bolivia,"BOL","Population, total","SP.POP.TOTL","3702323","3778731","3857493","3938913","4022996","4109796","4199550","4292572","4388944","4488232","4590010","4694342","4800978","4910200","5022475","5137539","5256496","5379166","5504123","5630849","5758900","5888109","6018088","6149060","6281868","6416185","6552479","6692162","6835508","6981766","7130142","7280289","7430336","7579195","7727322","7874676","8021736","8167900","8313394","8459806","8606326","8752736","8900355","9050700","9204287","9360754","9521689","9685960","9850858","10016275","10182345","10348929","10515807","10682608","10848888","11014705","11180020","11344587","11508368","11671386","11816299","11937360","12077154","12244159","12413315"
Bosnia and Herzegovina,"BIH","Fertility rate, total (births per woman)","SP.DYN.TFRT.IN","3.963","3.888","3.805","3.7","3.6","3.53","3.394","3.219","3.076","2.954","2.791","2.749","2.672","2.539","2.454","2.389","2.314","2.197","2.081","1.993","1.98","2.024","2.052","2.049","2.015","1.96","1.909","1.879","1.849","1.792","1.786","1.782","1.758","1.729","1.698","1.669","1.652","1.686","1.561","1.366","1.282","1.23","1.231","1.219","1.221","1.203","1.18","1.19","1.21","1.267","1.26","1.209","1.252","1.278","1.262","1.322","1.36","1.419","1.504","1.509","1.515","1.49","1.481","1.486",".."
Bosnia and Herzegovina,"BIH","Life expectancy at birth, total (years)","SP.DYN.LE00.IN","58.53","59.285","60.122","60.511","61.511","62.213","63.129","63.734","64.006","64.448","64.844","65.181","65.682","66.586","67.635","68.329","68.574","68.779","68.844","69.083","69.603","70.055","70.076","70.097","70.229","70.582","70.751","70.876","70.97","71.445","71.509","71.813","51.967","50.894","66.603","70.188","73.454","73.895","74.472","74.946","75.292","75.573","75.994","76.449","76.489","76.424","76.028","76.162","76.3","76.701","76.827","76.963","77.037","77.129","77.089","77.073","77.124","77.385","77.942","77.394","76.04","74.567","76.777","77.85",".."
Bosnia and Herzegovina,"BIH","Population, total","SP.POP.TOTL","3281381","3348035","3407532","3461942","3513441","3562834","3610562","3656223","3698794","3737765","3773247","3809376","3848271","3887376","3926472","3965743","4004552","4042124","4078240","4113300","4148426","4184217","4221100","4258728","4295536","4330364","4362115","4390246","4414404","4433983","4448652","4458343","4234616","3904482","3725412","3715564","3875246","4018227","4089356","4130305","4159771","4179438","4188002","4178523","4140987","4096493","4063272","4013424","3947544","3879794","3811472","3741798","3670113","3610859","3564829","3518541","3473003","3428682","3387000","3345533","3299349","3244907","3204802","3185073","3164253"
Botswana,"BWA","Fertility rate, total (births per woman)","SP.DYN.TFRT.IN","6.595","6.564","6.536","6.578","6.613","6.604","6.606","6.598","6.582","6.559","6.55","6.544","6.563","6.587","6.614","6.613","6.599","6.543","6.479","6.395","6.292","6.163","5.97","5.785","5.625","5.482","5.332","5.104","4.878","4.666","4.509","4.365","4.255","4.152","4.021","3.792","3.573","3.431","3.362","3.313","3.294","3.248","3.175","3.106","3.063","3.082","3.114","3.127","3.131","3.133","3.135","3.103","3.07","3.045","3.027","3.008","2.99","2.969","2.941","2.906","2.861","2.827","2.785","2.732",".."
Botswana,"BWA","Life expectancy at birth, total (years)","SP.DYN.LE00.IN","51.22","51.781","52.313","52.848","53.358","53.853","54.36","54.859","55.372","55.903","56.446","57.062","57.669","58.286","58.914","59.53","60.209","60.867","61.485","62.035","62.527","63.027","63.382","63.605","63.706","63.647","63.363","62.837","61.696","61.189","60.104","58.911","58.19","57.316","55.97","54.713","54.284","53.594","52.968","52.499","52.263","52.21","52.373","52.851","53.573","54.386","55.112","56.735","57.661","58.297","59.137","59.715","60.384","61.217","62.167","63.215","64.32","65.42","66.371","67.167","67.643","63.303","68.749","69.163",".."
Botswana,"BWA","Population, total","SP.POP.TOTL","516165","527942","540186","552966","566266","574664","577866","580933","583966","587066","590334","600481","622407","652408","685448","720380","758508","799574","849239","901742","937485","969996","1009269","1046137","1083660","1121945","1160650","1199167","1235476","1270274","1305696","1341756","1380033","1420115","1460023","1498836","1535914","1571691","1606899","1641997","1677382","1712254","1744763","1775736","1807146","1839877","1874516","1911201","1949970","1990673","2033111","2073535","2108617","2140682","2172044","2203273","2234776","2266747","2299141","2332083","2365894","2401441","2439892","2480244","2521139"
Brazil,"BRA","Fertility rate, total (births per woman)","SP.DYN.TFRT.IN","6.051","6.022","5.984","5.93","5.818","5.677","5.516","5.336","5.165","5.041","4.934","4.838","4.735","4.638","4.502","4.415","4.339","4.267","4.195","4.12","4.037","3.943","3.838","3.723","3.6","3.48","3.361","3.232","3.112","3.007","2.896","2.805","2.71","2.66","2.603","2.567","2.511","2.468","2.418","2.335","2.247","2.162","2.081","2.006","1.973","1.942","1.896","1.854","1.815","1.799","1.786","1.777","1.766","1.761","1.775","1.777","1.727","1.74","1.744","1.705","1.653","1.638","1.629","1.619",".."
Brazil,"BRA","Life expectancy at birth, total (years)","SP.DYN.LE00.IN","53.162","53.594","54.017","54.452","54.848","55.243","55.625","56.016","56.47","56.898","57.338","57.786","58.255","58.681","59.081","59.556","60.007","60.461","60.922","61.365","61.819","62.267","62.708","63.133","63.553","63.98","64.389","64.785","65.161","65.514","65.862","66.203","66.539","66.892","67.293","67.701","68.108","68.505","68.848","69.211","69.584","69.98","70.396","70.884","71.361","71.832","72.296","72.73","73.111","73.457","73.779","74.047","74.335","74.609","74.823","75.106","75.081","75.383","75.633","75.809","74.506","73.038","74.872","75.848",".."
Brazil,"BRA","Population, total","SP.POP.TOTL","72388126","74605447","76865323","79164235","81488595","83817583","86139359","88446124","90741240","93045777","95375651","97739273","100146797","102600976","105089675","107619565","110213349","112875292","115600942","118380821","121207461","124063109","126923155","129790077","132658864","135515595","138336370","141104944","143826357","146502972","149143223","151724256","154275079","156794577","159265006","161735073","164202549","166661659","169159655","171641543","174018282","176301203","178503484","180622688","182675143","184688101","186653106","188552320","190367302","192079951","193701929","195284734","196876111","198478299","200085127","201675532","203218114","204703445","206107261","207455459","208660842","209550294","210306415","211140729","211998573"
British Virgin Islands,"VGB","Fertility rate, total (births per woman)","SP.DYN.TFRT.IN","4.812","4.667","4.514","4.363","4.194","4.053","3.965","3.912","3.875","3.807","3.739","3.642","3.542","3.428","3.333","3.254","3.2","3.148","3.113","3.066","2.924","2.334","2.269","2.121","1.987","1.919","1.78","1.717","1.711","1.769","1.779","1.843","1.878","1.81","1.659","1.777","1.894","2.009","1.523","1.786","1.839","1.517","1.247","1.309","1.5","1.34","1.234","1.312","1.272","1.23","1.183","1.268","1.103","1.086","1.235","1.186","0.987","0.873","0.905","0.941","0.975","0.999","1.025","1.045",".."
British Virgin Islands,"VGB","Life expectancy at birth, total (years)","SP.DYN.LE00.IN","62.709","63.274","63.828","64.313","64.757","65.149","65.496","65.857","66.022","66.245","66.407","66.665","66.899","67.191","67.652","68.069","68.408","68.68","69.028","69.315","69.645","69.906","70.138","70.374","70.711","70.987","71.252","71.492","71.763","72.038","72.392","72.75","73.109","73.431","73.794","74.089","74.341","74.469","74.569","74.652","74.753","74.831","74.971","75.183","75.404","75.569","75.745","75.893","76.07","76.205","76.289","76.363","76.433","76.472","76.527","76.558","76.624","75.67","76.728","76.845","76.894","75.297","77.177","77.276",".."
British Virgin Islands,"VGB","Population, total","SP.POP.TOTL","7950","8034","8070","8114","8168","8257","8413","8646","9000","9533","9933","10095","10235","10367","10494","10606","10709","10800","10886","10965","11130","11479","11921","12370","12820","13269","13726","14194","14680","15180","15704","16187","16593","16989","17406","17840","18287","18756","19238","19730","20241","20796","21430","22134","22881","23665","24493","25366","26288","27218","27675","28710","30345","31703","32962","34498","33878","32699","34657","36395","37135","37809","38319","38985","39471"
Brunei Darussalam,"BRN","Fertility rate, total (births per woman)","SP.DYN.TFRT.IN","7.322","7.185","7.03","6.893","6.773","6.647","6.514","6.372","6.204","6.008","5.801","5.619","5.5","5.355","5.183","4.99","4.784","4.58","4.389","4.216","4.067","3.943","3.841","3.751","3.68","3.612","3.549","3.491","3.435","3.364","3.29","3.206","3.111","3.007","2.901","2.787","2.681","2.6","2.533","2.461","2.398","2.337","2.264","2.185","2.104","2.024","1.969","1.933","1.918","1.921","1.937","1.957","1.973","1.978","1.969","1.947","1.915","1.881","1.848","1.819","1.796","1.778","1.764","1.747",".."
Brunei Darussalam,"BRN","Life expectancy at birth, total (years)","SP.DYN.LE00.IN","58.721","59.387","58.824","60.625","61.267","61.721","62.401","62.909","63.47","63.963","64.49","64.975","65.447","65.95","66.442","66.95","67.411","67.833","68.258","68.642","69.014","69.344","69.669","69.991","70.236","70.499","70.762","70.982","71.183","71.408","71.629","71.858","72.09","72.333","72.571","72.838","73.079","73.326","73.584","73.806","74.017","74.209","74.365","74.509","74.603","74.683","74.753","74.793","74.814","74.814","74.82","74.835","74.843","74.854","74.862","74.88","74.905","74.943","74.992","75.049","75.114","74.869","72.917","75.327",".."
Brunei Darussalam,"BRN","Population, total","SP.POP.TOTL","88347","92517","96719","101159","105922","110838","115874","121017","126222","131446","135138","137921","142189","147369","152656","158070","163607","169277","174884","180422","186111","191977","198165","204741","211661","218919","226495","233860","240913","248064","255292","262596","269839","276971","284091","291195","298276","305341","312385","319411","326424","333345","340099","346637","352911","358916","364663","370873","377793","384952","392332","399389","405557","411202","416750","422212","427564","432772","437810","442680","447404","451721","455370","458949","462721"
Bulgaria,"BGR","Fertility rate, total (births per woman)","SP.DYN.TFRT.IN","2.31","2.29","2.24","2.21","2.19","2.09","2.03","2.02","2.27","2.27","2.17","2.1","2.03","2.15","2.29","2.23","2.24","2.21","2.15","2.16","2.05","2","2.01","2.01","2.01","1.97","2.02","1.96","1.97","1.9","1.82","1.66","1.55","1.46","1.37","1.23","1.23","1.09","1.11","1.23","1.26","1.21","1.23","1.26","1.33","1.37","1.44","1.49","1.56","1.66","1.57","1.51","1.5","1.54","1.62","1.64","1.67","1.71","1.73","1.79","1.77","1.8","1.78","1.81",".."
Bulgaria,"BGR","Life expectancy at birth, total (years)","SP.DYN.LE00.IN","69.2475609756098","70.1956097560976","69.4919512195122","70.3092682926829","71.1212195121951","71.2939024390244","71.2234146341464","70.4139024390244","71.2251219512195","70.43","71.2563414634146","70.8736585365854","70.899512195122","71.3421951219512","71.2080487804878","71.049756097561","71.3948780487805","70.8160975609756","71.1846341463415","71.3082926829268","71.1575609756098","71.5719512195122","71.1860975609756","71.3863414634146","71.499756097561","71.2280487804878","71.7307317073171","71.5268292682927","71.6043902439024","71.7224390243903","71.6414634146342","71.5609756097561","71.4943902439024","71.3468292682927","71.2087804878049","71.0534146341463","70.8973170731707","70.3512195121951","71.0609756097561","71.4121951219512","71.6634146341463","71.7682926829268","71.8658536585366","72.0658536585366","72.5634146341463","72.5609756097561","72.6121951219512","72.6634146341463","72.9634146341463","73.4121951219512","73.5121951219512","74.1634146341463","74.3146341463415","74.8609756097561","74.4658536585366","74.6146341463415","74.8121951219512","74.8146341463415","74.9634146341464","75.1121951219512","73.3560975609756","71.2121951219512","74.1609756097561","75.7073170731707",".."
Bulgaria,"BGR","Population, total","SP.POP.TOTL","7867374","7943118","8012946","8078145","8144340","8204168","8258057","8310226","8369603","8434172","8489574","8536395","8576200","8620967","8678745","8720742","8758599","8804183","8814032","8825940","8861535","8891117","8917457","8939738","8960679","8960547","8958171","8971359","8981446","8876972","8718289","8632367","8540164","8472313","8443591","8406067","8362826","8312068","8256786","8210624","8170172","8009142","7837161","7775327","7716860","7658972","7601022","7545338","7492561","7444443","7395599","7348328","7305888","7160005","7073572","6984225","6894139","6803468","6710798","6616726","6550696","6507301","6465097","6446596","6444366"
Burkina Faso,"BFA","Fertility rate, total (births per woman)","SP.DYN.TFRT.IN","6.248","6.286","6.322","6.356","6.419","6.471","6.527","6.585","6.645","6.664","6.685","6.698","6.719","6.77","6.842","6.913","6.952","7.046","7.148","7.194","7.222","7.256","7.253","7.251","7.245","7.242","7.218","7.168","7.109","7.047","7.009","6.973","6.936","6.889","6.843","6.814","6.779","6.724","6.661","6.586","6.519","6.431","6.339","6.28","6.216","6.182","6.17","6.11","6.05","5.992","5.936","5.869","5.793","5.697","5.595","5.478","5.331","5.17","4.921","4.681","4.44","4.361","4.275","4.186",".."
Burkina Faso,"BFA","Life expectancy at birth, total (years)","SP.DYN.LE00.IN","36.074","36.361","36.753","37.093","37.399","37.758","38.091","38.432","38.76","39.023","39.54","39.853","40.399","40.947","41.711","42.486","43.327","44.167","44.995","45.702","46.465","46.866","47.633","48.061","48.464","48.748","48.987","49.097","49.215","49.27","49.315","49.33","49.378","49.412","49.469","49.554","49.693","49.56","50.163","50.463","50.808","51.188","51.447","51.959","52.6","53.271","53.784","54.377","55.199","55.791","56.343","57.001","57.457","57.903","58.331","58.778","59.173","59.578","59.972","60.184","60.454","60.046","60.7","61.092",".."
Burkina Faso,"BFA","Population, total","SP.POP.TOTL","4778621","4848224","4919672","4993623","5071034","5152833","5237933","5326348","5418644","5513177","5610304","5707999","5807234","5911927","6024904","6147569","6280635","6428734","6590984","6763903","6947900","7140271","7340197","7551129","7772256","7999935","8228847","8457109","8687435","8921175","9159356","9394632","9629275","9871713","10123798","10386722","10655942","10934223","11240664","11574928","11925546","12295001","12680897","13082532","13500533","13932123","14373707","14816307","15258093","15710066","16176498","16661908","17172287","17695409","18229461","18777487","19334856","19894407","20438288","20961952","21478690","21995243","22509038","23025776","23548781"
Burundi,"BDI","Fertility rate, total (births per woman)","SP.DYN.TFRT.IN","7.003","7.023","7.038","7.067","7.09","7.113","7.135","7.156","7.18","7.215","7.214","7.213","7.21","7.215","7.222","7.244","7.248","7.245","7.259","7.307","7.353","7.329","7.314","7.298","7.295","7.294","7.32","7.38","7.383","7.387","7.365","7.336","7.301","7.272","7.23","7.184","7.123","7.04","6.958","6.897","6.872","6.849","6.819","6.785","6.746","6.708","6.659","6.588","6.515","6.409","6.26","6.108","5.991","5.889","5.794","5.695","5.587","5.481","5.38","5.271","5.177","5.078","4.98","4.878",".."
Burundi,"BDI","Life expectancy at birth, total (years)","SP.DYN.LE00.IN","43.262","43.364","43.492","43.559","43.601","41.844","43.529","43.332","43.405","43","43.225","43.172","25.777","37.409","43.337","43.445","43.691","43.97","44.404","45.038","45.731","46.412","47.012","47.433","47.687","47.662","47.402","47.066","42.889","45.745","45.184","44.66","44.469","37.221","44.515","44.589","44.807","45.721","46.678","47.627","47.617","48.509","49.924","50.997","52.217","53.053","53.962","54.832","55.581","56.422","57.088","57.804","58.501","59.179","59.764","60.107","60.789","61.345","61.806","62.18","62.569","62.101","62.882","63.651",".."
Burundi,"BDI","Population, total","SP.POP.TOTL","2764258","2835119","2907943","2969841","3055650","3141367","3217960","3300690","3380387","3454590","3530432","3617289","3617128","3611991","3703590","3796612","3882626","3983582","4100338","4203530","4383706","4566014","4681390","4808528","4926465","5034042","5129414","5247787","5365327","5471706","5587052","5703857","5858407","5676843","5713854","6066316","6070506","6070042","6187108","6337155","6470194","6634365","6824132","7043154","7310656","7587299","7865547","8161874","8505637","8947646","9376444","9717978","10071028","10439341","10799785","11047580","11239451","11506762","11859446","12255336","12617036","12965481","13321097","13689450","14047786"
Cabo Verde,"CPV","Fertility rate, total (births per woman)","SP.DYN.TFRT.IN","6.885","6.922","6.953","6.976","6.989","6.993","6.99","6.982","6.97","6.954","6.935","6.913","6.887","6.855","6.818","6.771","6.714","6.645","6.564","6.473","6.375","6.273","6.17","6.068","5.97","5.921","5.81","5.681","5.552","5.452","5.36","5.262","5.123","4.953","4.723","4.494","4.257","4.052","3.898","3.727","3.545","3.366","3.192","3.033","2.9","2.726","2.555","2.409","2.298","2.246","2.329","2.329","2.153","2.067","2.031","1.968","1.966","1.93","1.804","1.698","1.591","1.554","1.533","1.522",".."
Cabo Verde,"CPV","Life expectancy at birth, total (years)","SP.DYN.LE00.IN","48.713","49.419","50.239","51.145","52.089","53.04","53.922","54.716","55.426","56.038","56.559","57.027","57.486","57.979","58.432","58.976","59.396","59.986","60.381","60.726","61.031","61.299","61.519","61.767","61.829","62.281","62.584","62.91","63.242","63.566","63.869","64.066","64.253","64.458","64.648","63.691","65.521","66.082","66.714","67.409","68.117","68.707","69.447","70.006","70.499","70.936","71.341","71.487","71.888","72.142","72.507","72.913","73.315","73.481","73.788","74.096","74.35","74.71","74.84","75.449","73.818","74.424","75.907","76.059",".."
Cabo Verde,"CPV","Population, total","SP.POP.TOTL","210024","215087","221919","229373","237006","244856","252976","261404","270164","279248","287885","294046","297386","299881","302570","305847","309455","312834","316147","319480","323301","327846","332724","337654","342505","347365","352312","357302","362329","367803","375428","384586","393415","401965","410228","418104","425581","432798","439784","446519","453317","460293","467046","473383","479370","485115","490728","496190","501355","506141","509784","511447","511955","512225","512326","512394","512554","512893","513415","514104","514679","516649","519741","522331","524877"
Cambodia,"KHM","Fertility rate, total (births per woman)","SP.DYN.TFRT.IN","6.313","6.302","6.301","6.292","6.288","6.267","6.237","6.201","6.165","6.124","6.071","6.007","5.943","5.559","4.797","4.103","3.409","2.716","3.338","4.556","5.774","6.042","6.193","6.296","6.338","6.313","6.226","6.097","5.944","5.681","5.642","5.588","5.486","5.433","5.281","5.076","4.867","4.395","4.13","3.933","3.794","3.687","3.57","3.429","3.307","3.238","3.175","3.13","3.048","2.971","2.859","2.782","2.751","2.742","2.734","2.729","2.725","2.719","2.724","2.725","2.699","2.664","2.616","2.579",".."
Cambodia,"KHM","Life expectancy at birth, total (years)","SP.DYN.LE00.IN","42.134","42.588","43.079","43.612","44.044","44.497","44.948","45.193","45.586","45.935","38.628","38.7","38.909","39.078","39.296","12.784","11.632","11.295","11.573","41.072","47.498","48.035","48.755","49.383","50.089","50.799","51.555","53.674","54.433","54.768","55.205","55.582","55.747","56.036","56.221","56.562","56.832","57.266","57.859","58.611","59.491","60.457","61.395","62.345","63.256","64.113","64.886","65.549","66.147","66.747","67.311","67.869","68.371","68.755","69.117","69.398","69.635","69.842","69.993","70.127","70.059","69.301","70.528","70.668",".."
Cambodia,"KHM","Population, total","SP.POP.TOTL","5449966","5571168","5697558","5823010","5946178","6072289","6201232","6332944","6467324","6604725","6639182","6620880","6673886","6739726","6783240","6581371","6134991","5668551","5211653","5088808","5199872","5284495","5436432","5636203","5845117","6043783","6285693","6557970","6812014","7073473","7374752","7686850","8113083","8616381","9239162","10018497","10801270","11570982","12058173","12265731","12462336","12658484","12855241","13050968","13244731","13439202","13639028","13841770","14053479","14276810","14500726","14722584","14945085","15170208","15396772","15623251","15852803","16073372","16274522","16481304","16725474","16974305","17201724","17423880","17638801"
Cameroon,"CMR","Fertility rate, total (births per woman)","SP.DYN.TFRT.IN","5.725","5.732","5.729","5.731","5.739","5.796","5.854","5.951","6.043","6.144","6.197","6.259","6.293","6.326","6.361","6.401","6.447","6.508","6.545","6.581","6.613","6.61","6.594","6.575","6.563","6.564","6.572","6.538","6.481","6.414","6.362","6.324","6.256","6.155","6.043","5.919","5.795","5.706","5.656","5.604","5.514","5.441","5.435","5.432","5.436","5.421","5.369","5.343","5.294","5.236","5.154","5.052","4.982","4.905","4.844","4.841","4.842","4.804","4.74","4.651","4.557","4.468","4.397","4.322",".."
Cameroon,"CMR","Life expectancy at birth, total (years)","SP.DYN.LE00.IN","34.667","35.186","42.599","43.074","43.596","44.175","44.839","45.602","46.389","47.191","47.954","48.577","49.12","49.517","49.734","49.891","50.017","50.13","50.319","50.535","50.852","51.227","51.801","52.447","52.886","53.465","53.572","54.188","54.359","54.389","54.348","54.168","54.053","53.872","53.537","53.347","53.2","53.105","53.043","53.166","53.338","53.598","53.922","54.253","54.578","54.904","55.301","55.71","56.116","56.486","56.965","57.482","58.17","58.73","59.13","59.687","60.293","60.817","61.189","61.695","61.674","61.146","62.443","63.7",".."
Cameroon,"CMR","Population, total","SP.POP.TOTL","5159057","5239273","5338620","5456623","5578257","5704686","5837295","5977318","6125863","6283462","6449793","6624408","6806872","6996660","7193583","7397120","7597962","7796501","8011921","8239641","8512219","8816377","9028678","9215397","9475078","9761730","10060342","10370749","10684968","11002745","11331821","11667180","12006353","12353131","12704903","13058516","13414757","13775214","14144860","14525140","14912631","15309490","15725528","16160340","16610487","17074594","17550407","18049896","18574056","19113974","19668066","20232304","20809529","21402376","22059893","22763414","23454161","24128601","24806383","25506095","26210558","26915758","27632771","28372687","29123744"
Canada,"CAN","Fertility rate, total (births per woman)","SP.DYN.TFRT.IN","3.811","3.753","3.681","3.607","3.456","3.115","2.749","2.528","2.386","2.334","2.258","2.141","1.98","1.89","1.837","1.824","1.796","1.782","1.768","1.754","1.74","1.7","1.69","1.68","1.65","1.67","1.675","1.68","1.68","1.77","1.83","1.72","1.71","1.69","1.69","1.67","1.63","1.57","1.56","1.55","1.51","1.54","1.52","1.55","1.56","1.58","1.63","1.67","1.7","1.69","1.65","1.63","1.63","1.61","1.61","1.6","1.59","1.55","1.51","1.47","1.41","1.44","1.33","1.26",".."
Canada,"CAN","Life expectancy at birth, total (years)","SP.DYN.LE00.IN","71.1331707317073","71.3460975609756","71.3670731707317","71.3807317073171","71.7763414634146","71.8721951219512","72.0043902439024","72.2078048780488","72.3534146341463","72.5014634146341","72.7004878048781","73.0292682926829","72.9339024390244","73.1626829268293","73.2375609756098","73.5217073170732","73.8560975609756","74.2156097560976","74.529756097561","74.8663414634146","75.1021951219512","75.4978048780488","75.7251219512195","76.0604878048781","76.3319512195122","76.3273170731707","76.4639024390244","76.7787804878049","76.8587804878049","77.1248780487805","77.4365853658537","77.5934146341464","77.8380487804878","77.7048780487805","77.8717073170732","77.9773170731707","78.220243902439","78.4124390243903","78.6236585365854","78.8390243902439","79.1668292682927","79.3980487804878","79.5307317073171","79.7151219512195","79.9921951219512","80.1126829268293","80.5436585365854","80.5436585365854","80.7246341463415","81.0660975609756","81.3221951219512","81.4826829268293","81.6636585365854","81.7448780487805","81.7843902439025","81.8258536585366","81.94","81.8129268292683","81.8087804878049","82.1636585365854","81.5351219512195","81.5168292682927","81.2453658536585","81.6465853658537",".."
Canada,"CAN","Population, total","SP.POP.TOTL","17909356","18271000","18614000","18964000","19325000","19678000","20048000","20412000","20744000","21028000","21324000","21962032","22218463","22491777","22807969","23143275","23449808","23725843","23963203","24201544","24515667","24819915","25116942","25366451","25607053","25842116","26100278","26446601","26791747","27276781","27691138","28037420","28371264","28684764","29000663","29302311","29610218","29905948","30155173","30401286","30685730","31020855","31359199","31642461","31938807","32242732","32571193","32888886","33247298","33630069","34005902","34339221","34713395","35080992","35434066","35704498","36110803","36545075","37072620","37618495","38028638","38239864","38935934","40083484","41288599"
Cayman Islands,"CYM","Fertility rate, total (births per woman)","SP.DYN.TFRT.IN","4.713","4.781","4.793","4.686","4.411","4.159","4.078","4.045","3.992","3.522","4.662","3.465","4.887","3.562","2.958","2.715","2.529","2.413","2.366","2.368","2.405","2.384","2.008","1.832","1.79","1.752","1.691","1.582","1.63","1.755","1.783","1.846","1.726","1.669","1.66","1.674","1.691","1.701","1.702","1.708","1.707","1.697","1.681","1.672","1.671","1.665","1.665","1.681","1.703","1.723","1.694","1.637","1.531","1.445","1.334","1.269","1.231","1.222","1.277","1.508","1.554","1.551","1.541","1.531",".."
Cayman Islands,"CYM","Life expectancy at birth, total (years)","SP.DYN.LE00.IN","58.782","59.426","60.09","60.78","61.436","62.186","62.841","63.205","63.597","63.965","64.383","64.827","65.365","65.889","66.489","67.044","67.549","68.08","68.533","69.02","69.487","69.951","70.407","70.839","71.187","71.558","71.869","72.13","72.351","72.545","72.744","72.911","73.088","73.25","73.42","73.597","73.74","73.904","74.08","74.232","74.378","74.529","74.609","74.639","74.596","74.863","75","75.152","75.386","75.671","76.069","76.562","77.121","77.652","77.865","78.119","78.367","78.615","78.835","79.052","79.23","79.3","79.984","80.358",".."
Cayman Islands,"CYM","Population, total","SP.POP.TOTL","8428","8601","8781","8970","9166","9361","9560","9769","9971","10165","10517","11098","11764","12438","13114","13788","14454","15105","15727","16351","17079","17905","18750","19598","20454","21324","22197","23073","23951","24874","25999","27294","28621","29976","31352","32743","34143","35543","36922","38284","39674","41089","42514","43934","45352","46788","48232","49687","51151","52618","54099","55606","57136","58655","60160","61642","63100","64535","65941","67327","68684","70108","71591","73038","74457"
Central African Republic,"CAF","Fertility rate, total (births per woman)","SP.DYN.TFRT.IN","5.948","5.958","5.97","5.985","6.005","6.028","6.057","6.076","6.101","6.063","6.027","5.993","5.959","5.925","5.899","5.877","5.936","5.986","6.039","6.09","6.13","6.167","6.16","6.151","6.138","6.119","6.106","6.12","6.098","6.073","6.049","6.03","5.964","5.926","5.919","5.943","5.963","5.924","5.889","5.875","5.851","5.807","5.785","5.799","5.784","5.812","5.84","5.867","5.902","5.936","5.963","6.009","6.047","6.075","6.099","6.126","6.126","6.127","6.108","6.09","6.059","6.052","6.023","6.012",".."
Central African Republic,"CAF","Life expectancy at birth, total (years)","SP.DYN.LE00.IN","39.572","40.056","40.562","41.09","41.64","42.207","42.787","43.379","43.98","44.58","45.176","45.764","46.332","46.884","47.405","47.892","48.355","48.778","49.161","49.5","49.789","50.028","50.213","50.342","50.427","50.463","50.445","50.371","50.243","50.074","49.854","49.575","49.213","48.899","48.509","48.109","47.7","47.284","47.089","46.91","46.609","46.734","46.84","47.306","47.696","48.207","48.687","49.327","49.873","14.665","46.871","50.107","51.336","49.487","40.265","51.934","50.999","45.231","52.297","31.53","50.596","40.279","18.818","57.408",".."
Central African Republic,"CAF","Population, total","SP.POP.TOTL","1702346","1734580","1768115","1803063","1839583","1877854","1918082","1960444","2005100","2051515","2097505","2141450","2183769","2226008","2269338","2313916","2348566","2372930","2397961","2423794","2450535","2478402","2507375","2537399","2568610","2600932","2634258","2669155","2713965","2783970","2871910","2963191","3058831","3157839","3257954","3348052","3435965","3531700","3628827","3729450","3833416","3919487","4006077","4103086","4192826","4288810","4377579","4462770","4558984","4529047","4492995","4565021","4610848","4642419","4623182","4629320","4713663","4793511","4878657","4944703","5026628","5112100","5098039","5152421","5330690"
Chad,"TCD","Fertility rate, total (births per woman)","SP.DYN.TFRT.IN","6.25","6.268","6.285","6.301","6.318","6.337","6.362","6.393","6.432","6.477","6.528","6.582","6.85","6.869","6.864","6.876","6.893","6.896","6.891","6.905","6.908","6.942","6.961","6.979","7.015","7.037","7.067","7.105","7.154","7.186","7.219","7.261","7.296","7.337","7.31","7.29","7.292","7.274","7.266","7.262","7.249","7.231","7.201","7.179","7.16","7.134","7.118","7.092","7.063","7.021","6.99","6.948","6.905","6.839","6.781","6.706","6.623","6.537","6.464","6.412","6.346","6.255","6.215","6.12",".."
Chad,"TCD","Life expectancy at birth, total (years)","SP.DYN.LE00.IN","39.216","39.421","39.608","39.893","40.12","40.05","40.089","40.393","40.702","41.019","41.386","40.869","41.922","42.399","42.601","42.736","42.687","42.884","43.017","43.239","43.452","43.497","43.91","44.446","44.732","45.315","45.598","43.071","46.352","46.434","45.074","46.596","46.777","47.002","47.08","47.453","47.551","47.762","47.802","47.934","47.937","48.306","48.36","48.609","48.687","48.86","48.747","49.21","49.503","49.828","50.107","50.426","50.765","51.051","51.141","51.32","51.603","51.875","52.447","52.993","53.082","53.136","54.528","55.069",".."
Chad,"TCD","Population, total","SP.POP.TOTL","3049838","3111947","3175598","3240905","3307479","3374220","3440903","3508512","3578231","3651113","3727828","3807316","3893252","3985909","4078356","4167234","4251297","4331667","4411366","4505384","4515453","4520959","4738483","4979130","5045145","5096269","5251069","5438309","5625602","5819586","5982833","6205676","6474656","6629146","6783450","7089064","7410108","7670366","7938840","8222705","8512093","8804124","9116192","9487833","9920036","10328092","10706424","11081660","11476296","11893754","12312575","12754997","13210998","13691079","14188678","14647621","15114655","15622759","16156531","16685223","17224679","17828273","18455316","19319064","20299123"
Channel Islands,"CHI","Fertility rate, total (births per woman)","SP.DYN.TFRT.IN","2.34","2.41","2.52","2.63","2.66","2.57","2.42","2.28","2.21","2.13","2.01","1.95","1.76","1.66","1.58","1.51","1.44","1.47","1.46","1.47","1.45","1.42","1.39","1.44","1.4","1.4","1.43","1.46","1.48","1.49","1.51","1.47","1.47","1.42","1.47","1.45","1.49","1.51","1.51","1.51","1.49","1.48","1.47","1.51","1.5","1.46","1.47","1.53","1.56","1.57","1.58","1.59","1.58","1.56","1.54","1.5","1.46","1.41","1.37","1.35","1.33","1.36","1.37","1.37",".."
Channel Islands,"CHI","Life expectancy at birth, total (years)","SP.DYN.LE00.IN","72.5","71.6","72","72.2","72","71.6","72.3","72.2","71.7","71.7","71.8","72","72","72.7","72.5","72.6","72.7","72.9","73.1","73.2","73.9","73.8","73.1","74.9","75.2","75.3","75.4","75.7","76","76.5","76.3","76.5","77.1","76.8","77","77.7","77.8","78.2","78.5","79.1","78.8","79","79.1","79.4","79.8","80.1","80.4","80.6","80.8","81","81.2","81.4","81.3","81.5","81.6","81.4","81.2","81","81.1","81.2","80.9","80.3","81","81.1",".."
Channel Islands,"CHI","Population, total","SP.POP.TOTL","110808","111782","112953","114234","115561","116879","118186","119505","120793","122039","123288","124555","125764","126873","127893","128781","129391","129726","129981","130220","130462","131078","132172","133413","134727","136075","137413","138743","140089","141501","143087","144269","144733","144984","145163","145247","145565","146214","146906","147554","148110","148850","149881","150960","152039","153126","154214","155309","156408","157511","158621","159706","160767","161777","162726","163454","163883","164319","164949","165639","166235","166741","167215","167691","168126"
Chile,"CHL","Fertility rate, total (births per woman)","SP.DYN.TFRT.IN","4.697","4.655","4.602","4.536","4.457","4.364","4.259","4.144","4.025","3.902","3.778","3.654","3.53","3.409","3.293","3.182","3.078","2.981","2.892","2.812","2.744","2.689","2.648","2.619","2.601","2.592","2.589","2.59","2.591","2.589","2.579","2.558","2.478","2.43","2.377","2.353","2.284","2.202","2.149","2.074","2.046","2.007","1.934","1.885","1.844","1.825","1.798","1.826","1.85","1.855","1.844","1.823","1.798","1.786","1.774","1.737","1.686","1.563","1.543","1.43","1.307","1.176","1.255","1.167",".."
Chile,"CHL","Life expectancy at birth, total (years)","SP.DYN.LE00.IN","57.216","57.309","57.811","58.349","58.812","59.473","60.373","61.054","61.68","62.341","62.634","63.072","63.717","64.42","65.085","66.037","66.819","67.529","68.042","68.858","69.475","69.822","70.291","70.83","71.215","71.615","72.061","72.466","72.788","73.188","73.675","74.082","74.367","74.679","74.973","75.298","75.555","75.826","76.324","76.738","77.128","77.58","77.84","77.884","78.276","78.459","78.533","78.652","78.752","78.89","79.095","79.236","79.221","79.551","79.714","80.008","80.295","80.61","80.559","80.324","79.349","78.876","79.176","81.167",".."
Chile,"CHL","Population, total","SP.POP.TOTL","8153350","8324802","8497059","8670144","8842525","9012938","9181722","9348939","9514716","9680282","9845344","10009701","10174678","10340362","10505817","10671559","10838251","11005519","11172695","11339779","11508550","11678717","11850214","12026138","12207733","12395274","12588914","12790150","12999424","13215005","13437176","13662491","13884577","14102276","14316256","14527381","14734046","14932434","15127799","15319313","15503635","15683849","15857925","16024752","16187322","16348778","16509195","16671581","16838988","17009731","17181464","17351816","17519119","17687006","17864195","18047625","18267221","18558868","18893191","19197744","19370624","19456334","19553036","19658835","19764771"
China,"CHN","Fertility rate, total (births per woman)","SP.DYN.TFRT.IN","4.451","3.863","6.085","7.513","6.672","6.605","6.307","5.806","6.508","6.175","6.085","5.523","5.112","4.726","4.17","3.571","3.235","2.844","2.716","2.745","2.739","2.792","2.972","2.559","2.607","2.633","2.721","2.76","2.539","2.52","2.514","1.934","1.776","1.691","1.628","1.588","1.554","1.527","1.522","1.53","1.628","1.563","1.566","1.57","1.605","1.624","1.644","1.666","1.701","1.714","1.687","1.668","1.798","1.714","1.769","1.67","1.772","1.795","1.539","1.496","1.236","1.117","1.034","0.999",".."
China,"CHN","Life expectancy at birth, total (years)","SP.DYN.LE00.IN","33.419","40.158","50.959","51.67","52.343","53.001","53.662","54.401","55.191","55.988","56.824","57.731","58.579","59.496","60.241","60.952","61.225","62.458","63.102","63.704","64.243","64.778","65.249","65.728","66.148","66.532","66.887","67.263","67.607","67.93","68.155","68.61","69.059","69.492","69.835","70.363","70.823","71.227","71.601","71.952","72.288","72.675","73.034","73.385","73.727","74.085","74.404","74.789","74.833","75.317","75.668","75.889","76.2","76.452","76.714","76.975","77.214","77.235","77.709","77.94","78.019","78.117","78.202","77.953",".."
China,"CHN","Population, total","SP.POP.TOTL","667070000","660330000","665770000","682335000","698355000","715185000","735400000","754550000","774510000","796025000","818315000","841105000","862030000","881940000","900350000","916395000","930685000","943455000","956165000","969005000","981235000","993885000","1008630000","1023310000","1036825000","1051040000","1066790000","1084035000","1101630000","1118650000","1135185000","1150780000","1164970000","1178440000","1191835000","1204855000","1217550000","1230075000","1241935000","1252735000","1262645000","1271850000","1280400000","1288400000","1296075000","1303720000","1311020000","1317885000","1324655000","1331260000","1337705000","1345035000","1354190000","1363240000","1371860000","1379860000","1387790000","1396215000","1402760000","1407745000","1411100000","1412360000","1412175000","1410710000","1408975000"
Colombia,"COL","Fertility rate, total (births per woman)","SP.DYN.TFRT.IN","6.735","6.712","6.663","6.584","6.475","6.333","6.159","5.957","5.737","5.506","5.276","5.057","4.857","4.68","4.527","4.398","4.285","4.163","3.998","3.888","3.798","3.706","3.618","3.501","3.35","3.225","3.147","3.087","3.039","3.012","2.995","2.982","2.983","2.978","2.937","2.85","2.768","2.743","2.717","2.637","2.574","2.522","2.489","2.45","2.384","2.309","2.241","2.195","2.155","2.096","2.01","1.938","1.899","1.86","1.822","1.771","1.719","1.717","1.715","1.71","1.694","1.68","1.663","1.645",".."
Colombia,"COL","Life expectancy at birth, total (years)","SP.DYN.LE00.IN","56.609","57.203","57.737","58.296","58.77","59.247","59.713","60.15","60.572","61.031","61.465","62.005","62.53","62.991","63.497","64.012","64.642","65.237","65.827","66.162","66.693","67.189","67.861","68.121","68.308","65.359","68.303","68.166","68.301","68.616","68.701","68.772","68.764","69.083","69.422","69.81","70.209","70.632","70.924","70.913","70.905","71.185","71.537","72.309","72.76","73.156","73.497","73.751","74.206","74.531","74.876","75.18","75.611","75.834","75.95","76.067","76.228","76.418","76.579","76.793","74.757","72.698","76.508","77.725",".."
Colombia,"COL","Population, total","SP.POP.TOTL","15606209","16095203","16599029","17113823","17637411","18169050","18702688","19235618","19766796","20291942","20811782","21319096","21819563","22325374","22833469","23344644","23858810","24393494","24950337","25515626","26104498","26713267","27338331","27988173","28642690","29268470","29879112","30499467","31130524","31776279","32440069","33098372","33760571","34441473","35127410","35804662","36462745","37121149","37792165","38454863","39089934","39709262","40324680","40937429","41543171","42128977","42691084","43235374","43758808","44271541","44777319","45259614","45715810","46151584","46565429","46969940","47437512","48131078","49024465","49907985","50629997","51188173","51737944","52321152","52886363"
Comoros,"COM","Fertility rate, total (births per woman)","SP.DYN.TFRT.IN","6.792","6.849","6.897","6.916","6.938","6.967","7.001","7.02","7.051","7.073","7.099","7.116","7.142","7.165","7.163","7.162","7.159","7.15","7.155","7.162","7.154","7.143","7.134","7.11","7.072","7.021","6.953","6.87","6.764","6.646","6.505","6.354","6.186","6.022","5.864","5.73","5.627","5.513","5.392","5.28","5.227","5.195","5.155","5.115","5.065","5.012","4.934","4.859","4.805","4.778","4.755","4.722","4.652","4.572","4.489","4.42","4.348","4.278","4.208","4.138","4.071","3.999","3.935","3.878",".."
Comoros,"COM","Life expectancy at birth, total (years)","SP.DYN.LE00.IN","40.777","41.157","41.534","41.909","42.328","42.676","43.153","43.593","44.101","44.643","45.226","45.849","46.463","47.045","47.609","46.866","48.645","49.17","49.702","50.126","50.681","51.211","51.75","52.121","52.784","53.263","53.756","54.134","54.678","54.983","55.62","56.104","56.576","57.026","57.458","57.83","58.151","58.228","58.301","58.853","58.941","59.587","59.723","60.24","60.557","60.883","61.229","61.475","61.955","62.302","62.747","63.105","63.463","63.839","64.143","64.473","64.792","65.127","65.401","65.662","65.756","65.201","66.481","66.777",".."
Comoros,"COM","Population, total","SP.POP.TOTL","197700","201201","204702","208185","211644","214967","218663","223859","230244","237001","244185","251865","260077","268820","278075","287692","297538","307579","317688","327791","337721","347382","357139","367233","377637","388352","399318","410439","421687","433103","444596","455556","465113","473682","482142","490586","499107","507777","516597","525886","536080","547220","558923","569798","580704","592677","604753","616927","629307","641947","654836","668056","681630","696192","711503","726682","741741","756669","771590","786578","802163","818174","834188","850387","866628"
"Congo, Dem. Rep.","COD","Fertility rate, total (births per woman)","SP.DYN.TFRT.IN","6.105","6.124","6.141","6.158","6.188","6.21","6.242","6.267","6.286","6.304","6.329","6.344","6.369","6.385","6.404","6.419","6.437","6.45","6.463","6.479","6.495","6.519","6.54","6.564","6.586","6.612","6.634","6.651","6.656","6.65","6.649","6.645","6.639","6.641","6.643","6.676","6.672","6.69","6.7","6.692","6.702","6.663","6.606","6.549","6.53","6.526","6.547","6.559","6.58","6.591","6.587","6.582","6.559","6.527","6.483","6.437","6.392","6.349","6.302","6.253","6.206","6.156","6.106","6.051",".."
"Congo, Dem. Rep.","COD","Life expectancy at birth, total (years)","SP.DYN.LE00.IN","40.752","40.161","40.382","40.604","40.099","40.767","42.169","42.339","42.667","42.959","43.3","43.578","43.869","44.09","44.311","44.53","44.695","44.866","44.628","45.278","45.543","45.726","45.946","46.207","46.514","46.663","47.016","47.362","47.755","48.149","48.538","48.944","49.323","49.621","49.88","50.381","49.376","50.461","49.664","50.089","51.887","52.205","52.371","52.952","53.534","54.001","54.498","54.954","55.388","55.798","56.411","56.911","57.35","57.795","58.236","58.658","59.081","59.495","59.926","60.242","60.428","60.044","60.979","61.895",".."
"Congo, Dem. Rep.","COD","Population, total","SP.POP.TOTL","15264846","15662374","16075724","16507599","16955327","17427802","17931929","18462782","19012189","19570445","20137436","20695569","21251160","21827665","22418878","23021101","23624031","24229061","24992689","25886782","26711099","27500515","28338190","29250963","30245081","31264816","32265196","33298904","34382752","35486866","36684063","37925817","39228910","40656336","42626876","44433704","45296124","46029902","47297600","48912971","50507442","52132646","53750524","55343867","56997741","58775724","60615908","62477752","64390664","66412044","68563038","70849311","73254618","75789395","78403242","81035531","83956415","87083398","90047644","92947442","95989998","99148932","102396968","105789731","109276265"
"Congo, Rep.","COG","Fertility rate, total (births per woman)","SP.DYN.TFRT.IN","6.085","6.093","6.099","6.147","6.183","6.229","6.267","6.29","6.327","6.35","6.376","6.416","6.444","6.42","6.39","6.356","6.317","6.271","6.21","6.143","6.065","5.984","5.85","5.758","5.658","5.587","5.514","5.458","5.392","5.327","5.266","5.221","5.177","5.134","5.103","5.068","5.033","4.997","4.909","4.805","4.724","4.67","4.697","4.696","4.69","4.669","4.651","4.649","4.726","4.808","4.851","4.826","4.785","4.731","4.665","4.607","4.546","4.496","4.442","4.38","4.329","4.28","4.215","4.157",".."
"Congo, Rep.","COG","Life expectancy at birth, total (years)","SP.DYN.LE00.IN","47.595","48.351","49.038","49.729","50.363","50.996","51.557","51.91","52.62","53.114","53.555","53.983","54.361","54.744","55.053","55.402","55.699","56.027","56.248","56.524","56.803","57.065","57.236","57.428","57.54","57.608","57.633","57.59","57.493","57.292","57.07","56.764","56.483","56.041","55.641","55.474","55.24","48.575","52.551","54.427","55.371","55.885","56.414","57.131","57.957","58.73","59.474","60.05","60.79","61.215","61.731","62.286","62.662","62.969","63.349","63.662","63.911","64.203","64.472","63.152","64.391","64.192","65","65.772",".."
"Congo, Rep.","COG","Population, total","SP.POP.TOTL","1056732","1084389","1113175","1143263","1174816","1207880","1242534","1278691","1316519","1356182","1397638","1441039","1486468","1533680","1582301","1627032","1667225","1707568","1748089","1788524","1828985","1869759","1910430","1950321","1999528","2059311","2120602","2183473","2247653","2313558","2380560","2449229","2519465","2595124","2673144","2749461","2826785","2887862","2952061","3032874","3151345","3272537","3350771","3445753","3565554","3696393","3837409","3980430","4113517","4281219","4462290","4609724","4740450","4857099","4975880","5097581","5222536","5351011","5483118","5616661","5752791","5892183","6035104","6182885","6332961"
Costa Rica,"CRI","Fertility rate, total (births per woman)","SP.DYN.TFRT.IN","6.712","6.651","6.543","6.389","6.193","5.96","5.697","5.416","5.028","4.835","4.585","4.362","4.158","3.991","3.893","3.804","3.747","3.701","3.662","3.651","3.583","3.556","3.54","3.525","3.519","3.511","3.454","3.384","3.314","3.238","3.167","3.075","3.001","2.928","2.857","2.779","2.681","2.589","2.527","2.481","2.413","2.312","2.162","2.084","2.028","2.038","1.937","1.954","1.98","1.953","1.827","1.877","1.851","1.779","1.8","1.797","1.746","1.714","1.706","1.6","1.448","1.353","1.335","1.33",".."
Costa Rica,"CRI","Life expectancy at birth, total (years)","SP.DYN.LE00.IN","63.463","63.86","64.232","64.326","64.493","64.76","65.096","65.552","65.78","66.363","66.787","67.413","68.014","68.731","69.446","70.253","70.946","71.519","72.029","72.537","73.034","73.441","73.865","74.245","74.581","74.765","74.949","75.224","75.546","75.85","76.094","76.237","76.385","76.315","76.329","76.44","76.428","76.603","76.869","77.058","77.317","77.609","77.939","78.214","78.512","78.877","79.049","79.098","79.18","79.372","79.354","79.624","79.925","80.189","80.231","80.407","79.988","79.994","80.09","80.296","79.725","78.05","79.316","80.799",".."
Costa Rica,"CRI","Population, total","SP.POP.TOTL","1327496","1377920","1429445","1481604","1533960","1586208","1638116","1689523","1739731","1789276","1838949","1888539","1938248","1988343","2039643","2092719","2147774","2205025","2264510","2326490","2390633","2456637","2524806","2595153","2667595","2741894","2817216","2892699","2968103","3043827","3121706","3202176","3284258","3367434","3451122","3535176","3619013","3701711","3782838","3862101","3937739","4008947","4075705","4138784","4200078","4261240","4321340","4380248","4440056","4499791","4555962","4609833","4663934","4716147","4767119","4818038","4866998","4913177","4957818","4999553","5034320","5059988","5081765","5105525","5129910"
Cote d'Ivoire,"CIV","Fertility rate, total (births per woman)","SP.DYN.TFRT.IN","7.691","7.72","7.75","7.781","7.811","7.841","7.868","7.893","7.912","7.927","7.936","7.941","7.942","7.939","7.929","7.91","7.877","7.828","7.669","7.625","7.586","7.539","7.488","7.417","7.352","7.273","7.187","7.09","6.969","6.85","6.719","6.585","6.426","6.27","6.128","6.038","5.954","5.902","5.854","5.805","5.773","5.704","5.641","5.572","5.527","5.499","5.448","5.403","5.357","5.332","5.292","5.244","5.19","5.135","5.071","4.97","4.873","4.757","4.596","4.523","4.461","4.411","4.349","4.283",".."
Cote d'Ivoire,"CIV","Life expectancy at birth, total (years)","SP.DYN.LE00.IN","37.244","37.923","38.62","39.315","39.966","40.643","41.297","41.959","42.648","43.345","44.045","44.783","45.575","46.372","47.207","48.03","48.863","49.624","50.361","50.983","51.437","51.791","52.09","52.352","52.648","52.861","53.009","53.118","53.062","52.955","52.796","52.621","52.429","52.247","52.005","51.713","51.596","51.498","51.22","51.273","51.393","51.428","51.544","51.443","51.939","52.432","52.885","53.452","54.179","54.744","55.282","55.972","56.57","57.057","57.772","58.281","58.814","59.315","59.795","60.274","60.14","60.29","61.562","61.944",".."
Cote d'Ivoire,"CIV","Population, total","SP.POP.TOTL","3673666","3810151","3956939","4112061","4273952","4442377","4617519","4799744","4990021","5192221","5411567","5650868","5909716","6184944","6474057","6776297","7057958","7321950","7603130","7902267","8220714","8556596","8907936","9272744","9650516","10040483","10440917","10851475","11275189","11719771","12189778","12683870","13200310","13735951","14287201","14855565","15442312","16047170","16663948","17215935","17699004","18178913","18654771","19125542","19595000","20068458","20546802","21030558","21514439","21997940","22488065","22982000","23467078","23939775","24527395","25246342","25989405","26733372","27464173","28193009","28915449","29639736","30395002","31165654","31934230"
Croatia,"HRV","Fertility rate, total (births per woman)","SP.DYN.TFRT.IN","2.239","2.219","2.192","2.145","2.142","2.224","2.227","2.102","2.027","1.951","1.882","1.974","2.007","2.013","1.983","1.951","1.936","1.947","1.955","1.947","1.931","1.926","1.9","1.88","1.87","1.82","1.76","1.64","1.79","1.63","1.63","1.53","1.48","1.52","1.47","1.58","1.67","1.69","1.45","1.38","1.39","1.46","1.42","1.41","1.43","1.5","1.47","1.48","1.47","1.5","1.46","1.41","1.52","1.46","1.46","1.41","1.43","1.42","1.47","1.47","1.48","1.62","1.53","1.46",".."
Croatia,"HRV","Life expectancy at birth, total (years)","SP.DYN.LE00.IN","65.7464878048781","66.3461463414634","67.0652682926829","67.4221463414634","67.8488780487805","68.2781951219512","68.7118292682927","68.8450243902439","68.6990731707317","68.7662926829268","68.9891219512195","69.2641707317073","69.5739268292683","69.9239024390244","70.4333414634146","70.0019512195122","70.4553658536585","70.7443902439024","70.5387804878049","70.4273170731707","70.1753658536586","70.3443902439025","70.4826829268293","70.2748780487805","70.2185365853659","70.8860975609756","71.4190243902439","71.470243902439","71.4882926829268","71.8446341463415","72.1704878048781","72.1853658536586","71.2414634146342","71.5224390243903","71.8034146341463","72.0843902439024","72.3653658536585","72.4951219512195","72.3170731707317","72.6419512195122","72.8078048780488","74.5129268292683","74.7173170731707","74.6139024390244","75.520243902439","75.2446341463415","75.8368292682927","75.7056097560976","75.9121951219512","76.1682926829268","76.4756097560976","76.7756097560976","77.1682926829268","77.5707317073171","77.7243902439024","77.2756097560976","77.9219512195122","77.7268292682927","77.919512195122","78.2243902439024","77.5243902439024","76.4243902439025","77.5756097560976","78.4731707317073",".."
Croatia,"HRV","Population, total","SP.POP.TOTL","4140181","4167292","4196712","4225675","4252876","4280923","4310701","4338683","4365628","4391490","4412252","4431275","4450564","4470161","4490660","4512082","4535934","4559571","4581085","4594778","4599782","4611509","4634234","4658254","4680285","4701417","4721446","4739745","4755207","4767260","4777368","4689022","4575818","4600463","4652024","4620030","4557097","4534920","4532135","4512597","4468302","4299642","4302174","4303399","4304600","4310145","4311159","4310217","4309705","4305181","4295427","4280622","4260368","4233922","4201598","4151725","4106867","4041407","3988775","3949390","3914206","3878981","3855641","3859686","3866300"
Cuba,"CUB","Fertility rate, total (births per woman)","SP.DYN.TFRT.IN","4.129","4.265","4.421","4.559","4.528","4.504","4.398","4.294","4.194","4.124","3.981","3.799","3.612","3.402","3.164","2.824","2.506","2.209","1.884","1.771","1.637","1.591","1.776","1.801","1.774","1.772","1.779","1.8","1.853","1.832","1.806","1.663","1.562","1.489","1.467","1.481","1.457","1.59","1.617","1.64","1.608","1.595","1.645","1.627","1.546","1.486","1.402","1.436","1.576","1.678","1.673","1.734","1.668","1.678","1.655","1.685","1.6","1.585","1.607","1.54","1.489","1.427","1.412","1.439",".."
Cuba,"CUB","Life expectancy at birth, total (years)","SP.DYN.LE00.IN","63.316","63.743","64.374","64.347","65.264","65.636","66.074","66.514","66.944","67.358","67.935","68.432","68.949","69.347","69.867","70.375","70.878","71.411","71.89","72.272","72.603","72.996","73.439","73.564","73.552","73.464","73.558","73.596","73.724","73.69","73.823","73.757","73.846","73.874","74.092","74.346","74.69","75.064","75.412","75.719","75.922","76.429","76.766","77.405","77.326","77.54","77.406","77.55","77.589","77.584","77.876","78.051","78.162","78.028","77.825","77.745","77.571","77.3","77.426","77.413","77.407","73.201","77.629","78.085",".."
Cuba,"CUB","Population, total","SP.POP.TOTL","7238081","7387117","7541098","7701660","7866020","8030797","8193450","8352625","8509522","8666640","8824382","8979085","9123891","9255328","9374183","9479726","9571242","9648440","9711980","9763355","9804796","9849320","9912681","9991026","10073299","10157228","10244247","10335342","10432585","10533243","10631799","10717640","10785801","10841031","10886021","10925362","10962010","10997934","11034712","11072230","11109109","11144132","11177418","11209383","11238756","11262554","11278550","11287272","11291762","11294719","11297409","11301571","11303175","11298167","11285775","11275065","11265612","11247829","11227118","11202846","11176354","11122168","11059820","11019931","10979783"
Curacao,"CUW","Fertility rate, total (births per woman)","SP.DYN.TFRT.IN","5.13","5.042","4.927","4.798","4.641","4.475","4.265","4.059","3.827","3.608","3.397","3.18","2.992","2.872","2.773","2.662","2.554","2.463","2.38","2.312","2.272","2.249","2.236","2.238","2.237","2.242","2.241","2.242","2.253","2.269","2.303","2.372","2.433","2.438","2.43","2.419","2.403","2.367","2.315","2.285","2.342","2.405","2.3","2.191","2.099","2.037","2.1","2","2.2","2.1","2.2","2.1","2.2","2.1","2","1.9","1.7","1.5","1.7","1.6","1.4","1.4","1.3","1.2",".."
Curacao,"CUW","Life expectancy at birth, total (years)","SP.DYN.LE00.IN","65.406","65.745","66.027","66.312","66.59","66.862","67.136","67.405","67.67","67.929","68.23","68.505","68.811","69.092","69.394","69.672","69.951","70.202","70.445","70.716","70.951","71.175","71.377","71.534","71.715","71.867","71.996","72.139","72.23","72.151","72.439","72.536","72.65","72.703","72.791","72.831","72.945","73.035","73.084","73.174","73.283","73.36","73.472","73.603","73.735","73.873","73.978","74.137","74.314","74.485","75.117","75.576","75.96","76.239","76.384","76.482","76.322","76.423","76.493","76.492","76.501","75.686","76.729","76.8",".."
Curacao,"CUW","Population, total","SP.POP.TOTL","124826","126125","128414","130860","133148","135266","136682","138140","140298","142581","144739","147389","147710","146912","148351","149129","149399","149459","148341","147851","148041","148629","150101","151159","151940","152711","152662","151456","149254","146937","145400","144403","143912","144299","144630","145139","146306","146956","144472","139428","133860","129047","129205","131897","134192","137658","141239","144056","145880","146833","148703","150831","152088","153822","155909","157980","159664","160175","159336","157441","154947","152369","149996","155800","155900"
Cyprus,"CYP","Fertility rate, total (births per woman)","SP.DYN.TFRT.IN","3.393","3.619","3.51","3.494","3.409","3.47","3.395","3.324","3.267","3.188","3.065","3.036","2.988","2.403","2.28","2.107","2.327","2.089","2.079","2.136","2.298","2.154","2.487","2.493","2.512","2.432","2.452","2.388","2.47","2.369","2.402","2.34","2.459","2.247","2.163","2.032","1.953","1.86","1.761","1.672","1.638","1.566","1.497","1.505","1.512","1.479","1.509","1.449","1.479","1.475","1.434","1.36","1.382","1.304","1.312","1.323","1.357","1.323","1.319","1.33","1.361","1.392","1.393","1.389",".."
Cyprus,"CYP","Life expectancy at birth, total (years)","SP.DYN.LE00.IN","63.32","64.076","64.72","61.779","62.24","66.124","66.489","66.906","67.251","67.599","68.05","68.351","68.629","69.005","54.551","70.336","70.805","71.258","71.741","72.179","72.844","73.053","73.518","73.708","74","74.64","74.93","75.264","75.39","75.841","76.044","76.246","76.291","76.294","76.383","76.583","76.88","77.119","77.164","77.572","77.9","78.185","78.758","78.908","79.007","79.198","79.456","79.798","79.906","80.375","80.632","80.855","81.128","81.317","81.337","81.464","81.534","81.543","81.556","81.454","81.23","80.573","80.434","81.648",".."
Cyprus,"CYP","Population, total","SP.POP.TOTL","586490","595514","601466","607252","612521","617736","623390","629251","635157","641189","647446","654050","661063","665937","663254","659405","662032","667101","672249","677549","683076","688893","696497","707225","719334","731277","743105","754785","766235","777420","788351","798944","810341","826034","844667","862695","880290","897568","914548","931234","947667","964127","981440","999590","1017875","1036151","1054418","1072714","1091026","1109371","1127816","1146493","1165397","1183895","1201801","1219502","1237112","1254275","1270737","1286671","1302247","1317309","1331370","1344976","1358282"
Czechia,"CZE","Fertility rate, total (births per woman)","SP.DYN.TFRT.IN","2.09","2.11","2.12","2.31","2.34","2.18","2.02","1.91","1.84","1.87","1.92","2","2.09","2.31","2.46","2.43","2.39","2.34","2.33","2.27","2.08","2","2","1.97","1.97","1.95","1.92","1.91","1.94","1.87","1.9","1.86","1.71","1.67","1.44","1.28","1.18","1.17","1.16","1.13","1.15","1.15","1.17","1.18","1.23","1.29","1.34","1.45","1.51","1.51","1.51","1.43","1.45","1.46","1.53","1.57","1.63","1.69","1.71","1.71","1.74","1.83","1.64","1.45",".."
Czechia,"CZE","Life expectancy at birth, total (years)","SP.DYN.LE00.IN","70.3487804878049","70.5126829268293","69.7868292682927","70.3043902439025","70.459512195122","70.1631707317073","70.3848780487805","70.2641463414634","69.8407317073171","69.3670731707317","69.440243902439","69.6770731707317","70.1765853658537","70.0226829268293","70.0865853658537","70.4146341463415","70.5326829268293","70.5734146341463","70.6439024390244","70.749512195122","70.2780487804878","70.7221951219512","70.8078048780488","70.5914634146341","70.8375609756098","71.0463414634146","70.9973170731707","71.4456097560976","71.6414634146342","71.6756097560976","71.3839024390244","71.8982926829268","72.2717073170732","72.7678048780488","72.9726829268293","73.0748780487805","73.7146341463415","73.8248780487805","74.5146341463415","74.6682926829268","74.9682926829268","75.1731707317073","75.2219512195122","75.1707317073171","75.7219512195122","75.9243902439025","76.5243902439024","76.7243902439025","76.9756097560976","77.0780487804878","77.4243902439025","77.8731707317073","78.0756097560976","78.1756097560976","78.8243902439024","78.5780487804878","79.0268292682927","78.9780487804878","79.0292682926829","79.2292682926829","78.2268292682927","77.2219512195122","78.9292682926829","79.8780487804878",".."
Czechia,"CZE","Population, total","SP.POP.TOTL","9602006","9586651","9624660","9670685","9727804","9779358","9821040","9852899","9876346","9896580","9858071","9826815","9867632","9922266","9988459","10058620","10125939","10186755","10242098","10292341","10304193","10300591","10314826","10323856","10330213","10337118","10342227","10347318","10355276","10361068","10333355","10308578","10319123","10329855","10333587","10327253","10315241","10304131","10294373","10283860","10255063","10216605","10196916","10193998","10197101","10211216","10238905","10298828","10384603","10443936","10474410","10496088","10510785","10514272","10525347","10546059","10566332","10594438","10629928","10671870","10697858","10505772","10672118","10864042","10882164"
Denmark,"DNK","Fertility rate, total (births per woman)","SP.DYN.TFRT.IN","2.57","2.55","2.55","2.67","2.6","2.61","2.62","2.35","2.12","2","1.95","2.04","2.03","1.92","1.9","1.92","1.75","1.66","1.67","1.6","1.55","1.44","1.43","1.38","1.4","1.45","1.48","1.5","1.56","1.62","1.67","1.68","1.76","1.75","1.81","1.8","1.75","1.75","1.72","1.73","1.77","1.74","1.72","1.76","1.78","1.8","1.85","1.84","1.89","1.84","1.87","1.75","1.73","1.67","1.69","1.71","1.79","1.75","1.73","1.7","1.68","1.72","1.55","1.5",".."
Denmark,"DNK","Life expectancy at birth, total (years)","SP.DYN.LE00.IN","72.1765853658537","72.4382926829268","72.319756097561","72.4004878048781","72.4851219512195","72.3707317073171","72.4441463414634","72.9221951219512","73.1214634146341","73.2209756097561","73.3434146341463","73.4146341463415","73.4390243902439","73.6821951219512","73.8082926829268","74.0751219512195","73.739756097561","74.6324390243903","74.3929268292683","74.2192682926829","74.1017073170732","74.2304878048781","74.5512195121951","74.4204878048781","74.5621951219512","74.4275609756098","74.579756097561","74.6912195121951","74.7717073170732","74.799756097561","74.8053658536585","75.1578048780488","75.1941463414634","75.1168292682927","75.3751219512195","75.2126829268293","75.5914634146342","75.9451219512195","76.1390243902439","76.3414634146341","76.5926829268293","76.7926829268293","76.8951219512195","77.1439024390244","77.4926829268293","77.8439024390244","78.0951219512195","78.1951219512195","78.4463414634146","78.5975609756098","79.1","79.8","80.0512195121951","80.3","80.7","80.7024390243902","80.8536585365854","81.1024390243903","80.9536585365854","81.4512195121951","81.6024390243903","81.4048780487805","81.3048780487805","81.8536585365854",".."
Denmark,"DNK","Population, total","SP.POP.TOTL","4579603","4611687","4647727","4684483","4722072","4759012","4797381","4835354","4864883","4891860","4928757","4963126","4991596","5021861","5045297","5059862","5072596","5088419","5104248","5116801","5123027","5121572","5117810","5114297","5111619","5113691","5120534","5127024","5129516","5132594","5140939","5154298","5171370","5188628","5206180","5233373","5263074","5284991","5304219","5321799","5339616","5358783","5375931","5390574","5404523","5419432","5437272","5461438","5493621","5523095","5547683","5570572","5591572","5614932","5643475","5683483","5728010","5764980","5793636","5814422","5831404","5856733","5903037","5946952","5976992"
Djibouti,"DJI","Fertility rate, total (births per woman)","SP.DYN.TFRT.IN","6.847","6.848","6.854","6.86","6.872","6.864","6.875","6.87","6.876","6.878","6.879","6.882","6.851","6.817","6.78","6.737","6.691","6.64","6.586","6.523","6.46","6.397","6.342","6.298","6.247","6.192","6.139","6.086","6.03","5.973","5.931","5.856","5.751","5.638","5.507","5.331","5.149","4.966","4.795","4.687","4.601","4.518","4.41","4.296","4.162","4.035","3.899","3.756","3.621","3.521","3.431","3.341","3.255","3.187","3.116","3.041","2.969","2.916","2.858","2.798","2.745","2.699","2.653","2.609",".."
Djibouti,"DJI","Life expectancy at birth, total (years)","SP.DYN.LE00.IN","43.421","43.781","44.092","44.442","44.812","45.234","45.62","46.103","46.552","47.067","47.536","47.259","48.532","49.097","49.52","49.923","50.335","50.755","51.172","51.597","52.046","52.355","52.893","53.334","53.745","54.075","54.494","54.832","55.133","55.369","55.469","55.194","54.375","55.734","55.592","56.234","56.33","56.207","56.426","56.564","56.734","57.506","57.824","58.041","58.103","58.548","58.962","59.362","59.815","60.351","60.743","61.337","61.719","62.116","62.427","62.833","63.335","63.71","64.105","64.381","64.2","63.83","65.54","65.987",".."
Djibouti,"DJI","Population, total","SP.POP.TOTL","86024","89390","93283","97872","103198","109092","115269","121649","128250","136078","145175","155136","166256","178449","192613","209908","230737","254613","280031","304513","325815","343047","356880","369553","384053","402687","426341","454399","484523","523355","579538","631092","626010","614245","626710","633074","648348","671817","699352","724218","747318","771313","795574","813519","826124","839167","855764","874528","892734","911527","930251","948558","966747","984824","1002717","1020313","1037653","1054841","1071882","1088709","1105188","1121248","1137096","1152944","1168722"
Dominica,"DMA","Fertility rate, total (births per woman)","SP.DYN.TFRT.IN","6.178","6.156","6.122","6.084","6.027","5.952","5.856","5.737","5.587","5.412","5.215","4.985","4.671","4.275","3.842","3.461","3.191","3.02","2.955","2.96","3.035","3.114","3.166","3.178","3.151","3.116","3.084","3.063","3.056","3.059","3.092","3.145","3.177","3.201","2.964","2.708","2.546","2.406","2.315","2.458","2.346","2.399","2.16","2.075","2.023","1.998","2.074","2.022","1.968","1.918","1.887","1.861","1.827","1.778","1.713","1.648","1.581","1.54","1.517","1.504","1.495","1.484","1.482","1.484",".."
Dominica,"DMA","Life expectancy at birth, total (years)","SP.DYN.LE00.IN","60.076","61.022","61.894","62.612","63.278","63.913","64.457","64.856","65.277","65.704","66.208","66.763","67.468","68.097","68.585","69.059","69.411","69.715","70.115","69.195","71.013","71.46","71.749","72.005","71.913","71.918","71.671","71.368","70.974","70.663","70.471","70.398","70.473","70.612","70.777","70.832","71.039","71.195","71.352","71.527","71.715","71.862","71.927","71.942","71.987","72.016","72.007","71.901","71.945","71.835","71.68","71.517","71.391","71.228","71.189","69.968","71.189","68.62","71.378","71.305","71.269","69.832","71.081","71.132",".."
Dominica,"DMA","Population, total","SP.POP.TOTL","59372","60209","60948","61739","62587","63505","64507","65585","66732","67934","68908","69532","70060","70585","71091","71570","72017","72406","72724","72959","73083","72986","72688","72365","72056","71744","71406","71023","70608","70153","69627","69296","69325","69433","69477","69469","69410","69299","69124","68870","68511","68288","68367","68531","68649","68734","68806","68847","68854","68864","68859","69053","69118","69715","70373","70410","69606","68496","68174","67880","67573","67202","66826","66510","66205"
Dominican Republic,"DOM","Fertility rate, total (births per woman)","SP.DYN.TFRT.IN","7.555","7.487","7.404","7.303","7.186","7.053","6.949","6.755","6.548","6.366","6.184","6.009","5.841","5.667","5.44","5.235","5.046","4.842","4.644","4.473","4.302","4.149","4.014","3.947","3.822","3.686","3.603","3.528","3.5","3.475","3.411","3.349","3.287","3.226","3.163","3.101","3.04","2.922","2.835","2.846","2.869","2.827","2.764","2.703","2.641","2.574","2.508","2.51","2.546","2.574","2.556","2.527","2.497","2.474","2.451","2.43","2.41","2.398","2.397","2.366","2.329","2.294","2.267","2.243",".."
Dominican Republic,"DOM","Life expectancy at birth, total (years)","SP.DYN.LE00.IN","51.705","52.447","53.199","53.754","54.653","52.842","55.965","56.646","57.272","57.886","58.493","59.09","59.661","60.228","60.757","61.254","61.739","62.2","62.624","62.425","63.391","63.776","64.198","64.63","65.134","65.614","66.059","66.49","66.914","67.331","67.746","68.154","68.525","68.86","69.16","69.394","69.595","69.809","69.875","70.178","70.365","70.553","70.719","70.856","70.73","71.043","71.054","71.097","71.331","71.587","72.039","72.496","72.817","73.038","73.145","72.982","72.889","73.37","73.555","73.112","72.636","71.757","74.211","73.72",".."
Dominican Republic,"DOM","Population, total","SP.POP.TOTL","3268336","3373233","3479936","3588287","3698559","3808963","3921847","4038928","4157189","4277035","4399290","4524234","4651883","4782227","4914197","5046776","5180404","5315443","5451882","5589690","5729037","5868453","6007114","6147248","6289040","6430404","6571208","6712515","6855734","7002295","7151166","7299853","7447474","7594572","7741694","7888115","8032894","8174078","8310362","8446208","8584190","8720283","8852235","8980620","9104892","9225034","9341183","9455658","9573130","9695265","9820175","9945621","10070411","10193833","10315528","10434829","10551430","10666843","10782053","10894043","11008300","11123476","11230734","11331265","11427557"
Ecuador,"ECU","Fertility rate, total (births per woman)","SP.DYN.TFRT.IN","6.721","6.7","6.676","6.646","6.61","6.564","6.507","6.436","6.351","6.252","6.138","6.011","5.873","5.727","5.577","5.426","5.276","5.13","4.989","4.855","4.73","4.612","4.501","4.395","4.305","4.145","4","3.87","3.787","3.736","3.68","3.633","3.575","3.491","3.42","3.381","3.351","3.288","3.228","3.166","3.102","3.037","2.972","2.911","2.853","2.8","2.753","2.704","2.688","2.678","2.615","2.605","2.509","2.362","2.274","2.209","2.122","2.128","2.111","2.035","1.967","1.909","1.861","1.823",".."
Ecuador,"ECU","Life expectancy at birth, total (years)","SP.DYN.LE00.IN","53.396","54.052","54.681","55.322","55.95","56.524","57.019","57.482","57.946","58.267","58.85","59.343","59.816","60.306","60.7","61.085","61.425","61.935","62.397","62.854","63.326","63.809","64.271","64.659","65.202","65.625","66.123","66.587","67.038","67.817","68.445","69.04","69.468","70.07","70.876","71.349","71.82","72.007","71.949","71.92","72.09","72.571","73.164","73.632","73.868","73.909","74.01","74.226","74.709","74.901","75.188","75.179","75.486","75.832","76.141","76.222","76.094","76.22","77.248","77.286","72.004","72.746","76.577","77.392",".."
Ecuador,"ECU","Population, total","SP.POP.TOTL","4590891","4722331","4859269","5001716","5149918","5303963","5463748","5629057","5799680","5975236","6155387","6340052","6529034","6722033","6918573","7118251","7320912","7526819","7736167","7948869","8165877","8386910","8611298","8840417","9074782","9311154","9545998","9779290","10010808","10241852","10473673","10702380","10930128","11154274","11372197","11590514","11810950","12031127","12251184","12470795","12689206","12910740","13138472","13372306","13608701","13846163","14086131","14328773","14575202","14825954","15076695","15326227","15572194","15807128","16035124","16266225","16505139","16759519","17049547","17340021","17546065","17682454","17823897","17980083","18135478"
"Egypt, Arab Rep.","EGY","Fertility rate, total (births per woman)","SP.DYN.TFRT.IN","6.793","6.758","6.709","6.648","6.541","6.387","6.308","6.252","6.193","6.12","6.059","5.99","5.929","5.843","5.784","5.749","5.727","5.678","5.629","5.569","5.494","5.368","5.329","5.308","5.207","5.116","4.998","4.911","4.833","4.676","4.512","4.315","4.149","3.993","3.865","3.764","3.7","3.682","3.681","3.599","3.505","3.46","3.412","3.352","3.283","3.254","3.223","3.237","3.238","3.259","3.296","3.311","3.4","3.49","3.49","3.5","3.35","3.31","3.02","2.87","2.85","2.75","2.75","2.75",".."
"Egypt, Arab Rep.","EGY","Life expectancy at birth, total (years)","SP.DYN.LE00.IN","44.436","45.146","45.844","46.493","47.075","47.577","47.988","48.13","48.602","48.7","49","49.48","49.908","50.098","51.044","51.734","52.484","53.272","54.075","54.876","55.673","56.454","57.219","57.967","58.697","59.405","60.085","60.736","61.358","61.949","62.513","63.059","63.585","64.147","64.663","65.214","65.733","66.207","66.635","67.01","67.332","67.612","67.846","68.045","68.211","68.355","68.493","68.627","68.761","68.915","69.078","69.232","69.464","69.632","69.911","70.135","70.437","70.709","70.974","71.213","69.79","68.976","71.01","71.633",".."
"Egypt, Arab Rep.","EGY","Population, total","SP.POP.TOTL","26896479","27600898","28337013","29091869","29858922","30629174","31406541","32196360","32998319","33811615","34623990","35433368","36258328","37102043","37969667","38875327","39795557","40748870","41761431","42818628","43950413","45147224","46407611","47786402","49247334","50734968","52206295","53674435","55187681","56710642","58396618","60028997","61480660","62915681","64285589","65652622","67028048","68431740","69943294","71520954","73083284","74652029","76239137","77853548","79477443","81101004","82700403","84276225","85864789","87501636","89196072","91093059","93161001","95333553","97528654","99597342","101644589","103696057","105682094","107553158","109315124","110957008","112618250","114535772","116538258"
El Salvador,"SLV","Fertility rate, total (births per woman)","SP.DYN.TFRT.IN","6.618","6.644","6.675","6.69","6.684","6.636","6.565","6.487","6.386","6.278","6.178","6.13","6.032","5.929","5.822","5.705","5.59","5.473","5.357","5.234","5.107","4.986","4.826","4.65","4.478","4.316","4.194","4.175","4.103","4.033","3.964","3.889","3.802","3.691","3.613","3.568","3.482","3.377","3.342","3.217","3.076","2.93","2.775","2.636","2.516","2.44","2.395","2.354","2.291","2.261","2.239","2.224","2.187","2.154","2.126","2.067","1.965","1.896","1.849","1.838","1.819","1.803","1.785","1.775",".."
El Salvador,"SLV","Life expectancy at birth, total (years)","SP.DYN.LE00.IN","48.292","48.633","49.001","49.38","49.75","50.208","50.672","50.844","50.837","51.279","51.364","51.665","51.956","52.782","52.891","53.422","54.375","54.047","54.709","53.805","48.589","50.889","53.342","54.373","56.571","58.031","59.329","59.402","59.977","61.254","61.981","62.542","62.944","63.998","64.47","64.903","65.48","66.248","66.655","67.285","67.711","67.965","68.526","68.792","69.295","69.336","69.612","69.82","70.138","70.359","70.909","71.192","71.42","71.225","71.144","70.952","70.908","71.007","71.384","71.725","70.244","69.941","71.969","72.099",".."
El Salvador,"SLV","Population, total","SP.POP.TOTL","2791459","2870016","2949204","3028679","3111883","3199466","3290961","3385184","3480773","3576485","3668796","3757523","3846830","3938068","4029671","4120449","4210310","4301256","4394114","4480388","4540382","4570599","4622477","4707367","4798003","4894706","4992769","5092441","5195833","5298979","5399726","5495077","5585609","5659957","5714129","5762131","5805286","5844578","5880781","5913900","5943366","5968060","5986631","5998599","6004671","6005578","6002319","6009824","6029297","6048279","6068249","6090127","6113975","6138839","6162955","6183676","6200800","6213533","6219807","6222318","6234673","6255782","6280319","6309624","6338193"
Equatorial Guinea,"GNQ","Fertility rate, total (births per woman)","SP.DYN.TFRT.IN","5.653","5.661","5.673","5.69","5.711","5.734","5.756","5.776","5.791","5.802","5.808","5.808","5.805","5.8","5.795","5.791","5.791","5.795","5.804","5.817","5.835","5.856","5.88","5.903","5.926","5.946","5.962","5.974","5.982","5.986","5.987","5.985","5.984","5.981","5.978","5.971","5.96","5.941","5.914","5.878","5.834","5.785","5.731","5.675","5.618","5.559","5.498","5.433","5.363","5.288","5.209","5.126","5.04","4.952","4.863","4.774","4.686","4.599","4.513","4.429","4.346","4.266","4.17","4.081",".."
Equatorial Guinea,"GNQ","Life expectancy at birth, total (years)","SP.DYN.LE00.IN","42.742","43.008","43.275","43.54","43.805","44.069","44.334","44.595","44.852","31","31.086","37.229","44.441","44.658","41.486","37.32","30.537","42.008","42.331","43.033","48.78","49.107","49.666","50.046","50.195","50.599","50.848","50.99","51.184","51.292","51.397","51.497","51.579","51.671","51.785","51.926","52.123","52.365","52.646","53.001","53.395","53.827","54.324","54.791","55.307","55.766","56.354","56.857","57.384","57.881","58.344","58.827","59.301","59.784","60.228","60.635","61.081","61.481","61.915","62.297","62.141","62.447","63.355","63.707",".."
Equatorial Guinea,"GNQ","Population, total","SP.POP.TOTL","269807","274896","280286","285965","291942","298238","304859","311805","318849","322517","320803","315940","309468","302281","294953","287901","281031","276779","276531","279846","288644","303252","322216","343421","364899","385547","404728","422522","439651","456808","474274","492217","510770","530023","550138","571264","593492","616893","641474","667214","703279","749836","797957","847862","899917","947367","990343","1036044","1084530","1135673","1189085","1241835","1293483","1346218","1399828","1453923","1508186","1562396","1616422","1670177","1716468","1758786","1803545","1847549","1892516"
Eritrea,"ERI","Fertility rate, total (births per woman)","SP.DYN.TFRT.IN","6.483","6.474","6.496","6.481","6.487","6.494","6.497","6.504","6.503","6.503","6.541","6.541","6.538","6.548","6.567","6.586","6.603","6.608","6.607","6.621","6.614","6.622","6.634","6.646","6.623","6.587","6.555","6.52","6.467","6.413","6.338","6.242","6.156","6.069","6.005","5.939","5.841","5.743","5.633","5.516","5.397","5.306","5.233","5.143","5.036","4.934","4.881","4.812","4.737","4.656","4.571","4.486","4.407","4.335","4.273","4.217","4.164","4.112","4.056","3.997","3.933","3.867","3.786","3.713",".."
Eritrea,"ERI","Life expectancy at birth, total (years)","SP.DYN.LE00.IN","37.443","37.912","38.346","38.833","39.184","39.576","37.634","40.151","40.483","40.792","41.162","41.527","40.723","41.131","39.001","39.031","42.587","42.984","43.38","43.78","44.625","44.974","44.891","37.173","37.679","38.586","39.541","47.363","48.094","47.802","49.733","50.516","52.436","53.189","54.027","54.822","55.498","56.155","49.997","44.506","56.285","58.359","58.941","59.455","60.063","60.628","61.457","61.998","62.422","63.203","63.665","64.231","64.697","65.005","65.517","65.909","66.242","66.612","66.979","67.306","66.98","66.94","67.789","68.624",".."
Eritrea,"ERI","Population, total","SP.POP.TOTL","972547","995573","1019788","1045092","1071287","1098335","1124957","1152339","1181737","1212005","1243453","1276154","1309235","1342669","1375688","1408210","1443807","1482565","1522378","1563332","1605797","1649939","1695461","1736160","1771730","1807816","1845164","1888669","1938255","1987017","2032737","1919571","1798748","1856006","1913915","2025267","2128464","2152135","2180419","2212780","2247031","2312079","2392978","2493903","2598284","2661215","2703502","2743222","2816327","2887885","2945186","2998485","3036988","3074360","3095173","3105546","3124698","3150347","3192760","3240194","3291271","3350183","3409447","3470390","3535603"
Estonia,"EST","Fertility rate, total (births per woman)","SP.DYN.TFRT.IN","1.98","1.98","1.95","1.89","1.94","1.88","1.87","1.9","2.03","2.13","2.17","2.19","2.13","2.06","2.07","2.04","2.07","2.06","2.02","2","2.02","2.07","2.07","2.16","2.17","2.13","2.18","2.27","2.27","2.22","2.05","1.8","1.71","1.49","1.42","1.38","1.37","1.32","1.28","1.3","1.36","1.32","1.36","1.37","1.47","1.52","1.58","1.69","1.72","1.7","1.72","1.61","1.56","1.52","1.54","1.58","1.6","1.59","1.67","1.66","1.58","1.61","1.41","1.31",".."
Estonia,"EST","Life expectancy at birth, total (years)","SP.DYN.LE00.IN","68.749268292683","69.0778780487805","69.2920243902439","69.3215609756098","70.0720975609756","70.1765853658537","70.1464634146342","70.4324146341464","70.0807804878049","69.7894634146342","69.9242195121951","70.1225609756098","69.9291951219512","70.2300243902439","70.3461951219512","69.7081219512195","69.3450731707317","69.4489512195122","69.2972682926829","69.0543170731707","69.1147804878049","68.9780487804878","69.1268292682927","69.3756097560976","69.2780487804878","69.3804878048781","70.0853658536585","70.6439024390244","70.6975609756098","70.0390243902439","69.4756097560976","69.3731707317073","68.8634146341464","67.909756097561","66.5","67.5439024390244","69.6121951219512","69.809756097561","69.3585365853659","70.0634146341463","70.4170731707317","70.2585365853659","70.9048780487805","71.3170731707317","71.909756097561","72.5682926829268","72.6914634146341","72.8146341463415","73.7707317073171","74.8243902439024","75.4292682926829","76.2292682926829","76.3268292682927","77.1414634146341","77.0341463414634","77.590243902439","77.6414634146342","78.0926829268293","78.2439024390244","78.6463414634147","78.5951219512195","76.9439024390244","77.8439024390244","78.490243902439",".."
Estonia,"EST","Population, total","SP.POP.TOTL","1211537","1225077","1241623","1258857","1277086","1294566","1308597","1318946","1331214","1345249","1360076","1376955","1392518","1405951","1418169","1429352","1439576","1450211","1460188","1468333","1477219","1487666","1498414","1508745","1518617","1528781","1540190","1552221","1561900","1568131","1569174","1561314","1533091","1494128","1462514","1436634","1415594","1399535","1386156","1390244","1396985","1388115","1379350","1370720","1362550","1354775","1346810","1340680","1337090","1334515","1331475","1327439","1322696","1317997","1314545","1315407","1315790","1317384","1321977","1326898","1329522","1330932","1348840","1370286","1371986"
Eswatini,"SWZ","Fertility rate, total (births per woman)","SP.DYN.TFRT.IN","6.752","6.774","6.794","6.804","6.789","6.794","6.802","6.766","6.761","6.761","6.749","6.739","6.722","6.715","6.71","6.707","6.701","6.676","6.647","6.607","6.574","6.539","6.491","6.432","6.36","6.282","6.106","5.902","5.693","5.479","5.295","5.132","4.981","4.815","4.662","4.523","4.378","4.235","4.125","4.089","4.03","3.944","3.854","3.796","3.76","3.704","3.632","3.58","3.567","3.504","3.375","3.317","3.266","3.237","3.181","3.122","3.068","3.018","2.971","2.925","2.888","2.841","2.801","2.753",".."
Eswatini,"SWZ","Life expectancy at birth, total (years)","SP.DYN.LE00.IN","46.389","46.75","47.145","47.471","47.922","48.431","48.99","49.526","50.084","50.641","51.208","51.779","52.352","52.99","53.656","54.399","55.172","55.973","56.785","57.536","58.227","58.788","59.467","58.418","60.439","61.165","61.598","61.899","61.934","61.669","61.167","60.392","59.284","58.092","56.643","55.08","53.296","51.699","50.066","48.808","47.627","46.344","45.38","44.632","43.906","43.958","44.563","45.16","45.853","46.913","48.331","49.057","50.714","52.11","53.491","54.941","56.228","57.574","58.707","59.85","59.862","58.228","63.028","64.123",".."
Eswatini,"SWZ","Population, total","SP.POP.TOTL","345337","353264","361365","369759","378656","388336","398766","409031","419147","429875","441216","453183","465788","479038","492988","507673","523330","540348","558446","577199","596644","616808","637652","658957","680783","706196","734732","763811","799798","837800","872428","908189","943416","971318","971212","970433","989841","1006635","1019653","1030782","1041414","1051064","1059441","1066700","1073159","1079022","1084436","1090705","1098091","1105153","1111650","1117833","1123863","1129990","1136299","1142813","1149507","1158195","1168929","1179874","1192729","1206593","1218917","1230506","1242822"
Ethiopia,"ETH","Fertility rate, total (births per woman)","SP.DYN.TFRT.IN","6.514","6.533","6.561","6.586","6.612","6.63","6.661","6.684","6.7","6.719","6.782","6.838","6.895","6.962","7.018","7.079","7.129","7.189","7.229","7.248","7.287","7.313","7.337","7.351","7.356","7.338","7.318","7.293","7.262","7.229","7.196","7.161","7.125","7.088","7.051","6.998","6.928","6.869","6.792","6.721","6.654","6.579","6.499","6.4","6.301","6.194","6.047","5.887","5.695","5.488","5.282","5.08","4.887","4.708","4.605","4.529","4.473","4.401","4.371","4.347","4.274","4.177","4.082","3.989",".."
Ethiopia,"ETH","Life expectancy at birth, total (years)","SP.DYN.LE00.IN","39.615","40.198","40.531","40.967","41.261","41.413","39.343","41.941","42.092","42.131","42.115","42.216","41.035","41.103","39.083","38.941","41.32","41.397","41.506","42.376","42.815","43.084","43.434","36.319","36.737","37.747","38.371","45.892","45.682","45.644","45.117","46.657","47.279","47.676","47.926","48.156","48.697","49.21","49.785","49.486","50.88","51.428","52.085","52.877","53.735","54.364","55.402","56.566","57.733","58.715","59.709","60.595","61.443","62.161","62.927","63.592","64.162","64.766","65.257","65.741","65.969","65.33","66.897","67.315",".."
Ethiopia,"ETH","Population, total","SP.POP.TOTL","21376693","21906102","22465126","23051637","23666548","24310612","24952689","25620276","26337930","27072571","27829128","28600106","29374608","30166785","30957273","31723252","32534418","33167272","33734592","34238652","34428514","35304012","36701290","37740817","38735722","39842136","41037656","42460039","44150825","45879690","47609755","49717198","51853747","53708891","55611508","57537335","59467635","61404539","63363524","65374561","67411494","69487762","71635517","73832663","76077206","78367470","80703490","83103217","85543668","88007636","90538514","93149970","95798767","98438751","101115610","103867135","106718162","109666481","112664152","115737383","118917671","122138588","125384287","128691692","132059767"
Faroe Islands,"FRO","Fertility rate, total (births per woman)","SP.DYN.TFRT.IN","3.854","3.757","3.835","3.896","3.975","4.086","4.044","3.978","3.856","3.564","3.418","3.215","3.256","3.22","3.065","2.902","2.738","2.684","2.597","2.696","2.463","2.467","2.348","2.161","2.167","2.2878","2.41","2.3584","2.5722","2.7063","2.796","2.6244","2.5207","2.5093","2.3916","2.4547","2.5859","2.5149","2.3363","2.325","2.5861","2.3369","2.5567","2.5412","2.5937","2.6386","2.5039","2.5669","2.5809","2.3826","2.5146","2.3118","2.5709","2.5459","2.5767","2.4278","2.6393","2.4926","2.5118","2.4341","2.3498","2.325","2.0713","1.8586",".."
Faroe Islands,"FRO","Life expectancy at birth, total (years)","SP.DYN.LE00.IN","72.1079268292683","72.7121219512195","73.1757804878049","73.5539024390244","73.8559268292683","74.1064634146341","74.3161951219512","74.4996097560976","74.6961707317073","74.8429268292683","74.9766097560976","75.1171707317073","75.2144146341464","75.327243902439","75.3675609756098","75.4443414634146","75.5123414634146","75.633512195122","75.7200243902439","75.7627804878049","75.8484390243903","75.9368536585366","76.0023170731707","76.0578048780488","76.1203414634146","76.1981707317073","75.1634146341463","75.3634146341464","75.6634146341463","75.9146341463415","76.1146341463415","76.3658536585366","76.5658536585366","76.8170731707317","77.0682926829268","77.319512195122","77.5219512195122","77.7756097560976","77.9780487804878","78.1804878048781","78.3829268292683","78.5853658536585","78.7878048780488","78.9390243902439","79.190243902439","79.4414634146342","79.6926829268293","79.9414634146342","80.1414634146341","80.390243902439","80.6390243902439","80.890243902439","81.090243902439","81.3414634146341","81.5926829268293","81.7926829268293","81.9926829268293","82.1439024390244","82.2926829268293","82.4439024390244","82.6439024390244","82.8439024390244","82.9439024390244","83.1439024390244",".."
Faroe Islands,"FRO","Population, total","SP.POP.TOTL","34127","34557","34963","35391","35847","36347","36816","37202","37560","37907","38269","38703","39172","39636","40106","40568","41020","41468","41968","42521","43072","43626","44171","44670","45141","45707","46131","46701","47355","47958","47740","47446","47286","46473","44694","43610","43580","44131","44674","45146","45754","46635","47335","48032","48384","48359","48335","48378","48547","48791","48657","48543","48291","48246","48428","48901","49464","50180","50996","51793","52567","53305","53927","54439","54719"
Fiji,"FJI","Fertility rate, total (births per woman)","SP.DYN.TFRT.IN","6.364","6.284","6.198","6.088","5.96","5.763","5.546","5.333","5.113","4.905","4.708","4.51","4.316","4.158","4.068","4.104","4.123","4.108","4.098","4.078","4.038","3.991","3.941","3.877","3.796","3.663","3.535","3.478","3.432","3.398","3.386","3.365","3.331","3.293","3.258","3.251","3.248","3.188","3.118","3.051","2.992","2.973","2.968","2.957","2.941","2.917","2.905","2.872","2.819","2.76","2.696","2.631","2.612","2.604","2.591","2.567","2.518","2.461","2.419","2.385","2.357","2.332","2.305","2.281",".."
Fiji,"FJI","Life expectancy at birth, total (years)","SP.DYN.LE00.IN","58.602","59.102","59.654","60.155","60.714","61.413","61.565","61.442","61.719","61.397","61.652","61.74","61.63","60.649","61.194","61.689","62.1","62.691","63.065","62.305","62.406","62.255","62.195","62.916","63.238","63.998","63.961","64.278","64.951","65.386","65.056","65.457","65.407","65.51","65.796","66.007","66.202","66.293","66.536","66.728","66.194","66.205","65.492","65.653","65.841","65.983","66.126","66.161","66.32","66.347","66.778","66.88","65.812","66.545","66.581","66.48","66.657","67.06","66.965","67.009","66.924","64.904","67.148","67.316",".."
Fiji,"FJI","Population, total","SP.POP.TOTL","404887","417406","430536","444276","458324","472575","486487","498873","510002","520797","531188","541121","550499","559222","567489","575906","585534","597805","612091","626862","641975","657471","673414","689835","706716","723761","739306","750540","758697","766321","773316","779656","785346","790369","794771","798746","803789","812139","822258","831828","840909","849596","858049","866286","874366","882379","890365","897832","903399","907239","910419","912989","914918","916352","917585","918578","919166","918759","917180","914899","914963","916711","919422","924145","928784"
Finland,"FIN","Fertility rate, total (births per woman)","SP.DYN.TFRT.IN","2.72","2.72","2.68","2.68","2.59","2.48","2.41","2.32","2.14","1.93","1.83","1.68","1.58","1.49","1.61","1.68","1.7","1.68","1.64","1.64","1.63","1.64","1.71","1.74","1.69","1.64","1.6","1.59","1.69","1.71","1.78","1.79","1.85","1.81","1.85","1.81","1.78","1.75","1.7","1.73","1.73","1.73","1.72","1.76","1.8","1.8","1.84","1.83","1.85","1.86","1.87","1.83","1.8","1.75","1.71","1.65","1.57","1.49","1.41","1.35","1.37","1.46","1.32","1.26",".."
Finland,"FIN","Life expectancy at birth, total (years)","SP.DYN.LE00.IN","68.819756097561","68.8441463414634","68.5778048780488","69.0126829268293","69.2209756097561","68.9778048780488","69.4770731707317","69.6665853658537","69.6163414634146","69.5034146341464","70.179512195122","70.0175609756098","70.7073170731707","71.2236585365854","71.1348780487805","71.6736585365854","71.8129268292683","72.350243902439","72.8970731707317","73.1553658536586","73.44","73.7465853658537","74.2980487804878","74.2009756097561","74.5190243902439","74.2229268292683","74.56","74.5919512195122","74.5770731707317","74.7921951219512","74.8131707317073","75.2275609756098","75.4553658536585","75.7051219512195","76.3956097560976","76.409512195122","76.6934146341464","76.8785365853659","77.0907317073171","77.2912195121951","77.4658536585366","77.9658536585366","78.119512195122","78.3682926829268","78.7146341463415","78.8170731707317","79.2146341463415","79.2634146341464","79.5682926829268","79.719512195122","79.8707317073171","80.4707317073171","80.6268292682927","80.9756097560976","81.1804878048781","81.4804878048781","81.4292682926829","81.6317073170732","81.7341463414634","81.9829268292683","81.9317073170732","81.8853658536585","81.1878048780488","81.6853658536585",".."
Finland,"FIN","Population, total","SP.POP.TOTL","4429634","4461005","4491443","4523309","4548543","4563732","4580869","4605744","4626469","4623785","4606307","4612124","4639657","4666081","4690574","4711440","4725664","4738902","4752528","4764690","4779535","4799964","4826933","4855787","4881803","4902206","4918154","4932123","4946481","4964371","4986431","5013740","5041992","5066447","5088333","5107790","5124573","5139835","5153498","5165474","5176209","5188008","5200598","5213014","5228172","5246096","5266268","5288720","5313399","5338871","5363352","5388272","5413971","5438972","5461512","5479531","5495303","5508214","5515525","5521606","5529543","5541017","5556106","5583911","5637214"
France,"FRA","Fertility rate, total (births per woman)","SP.DYN.TFRT.IN","2.85","2.87","2.89","2.89","2.87","2.84","2.8","2.75","2.69","2.62","2.55","2.47","2.38","2.28","2.18","2.09","2.01","1.94","1.89","1.87","1.85","1.85","1.86","1.86","1.86","1.86","1.85","1.83","1.81","1.79","1.77","1.75","1.74","1.73","1.73","1.74","1.75","1.77","1.78","1.81","1.89","1.9","1.88","1.89","1.92","1.94","2","1.98","2.01","2","2.03","2.01","2.01","1.99","2","1.96","1.92","1.89","1.87","1.86","1.83","1.84","1.79","1.66",".."
France,"FRA","Life expectancy at birth, total (years)","SP.DYN.LE00.IN","69.8682926829268","70.1170731707317","70.3146341463415","70.5146341463415","70.6634146341463","70.8121951219512","70.9609756097561","71.1609756097561","71.309756097561","71.4585365853659","71.6585365853659","71.9073170731707","72.1073170731707","72.3560975609756","72.6048780487805","72.8536585365854","73.1024390243903","73.3512195121951","73.6024390243903","73.8512195121951","74.0512195121951","74.3","74.5","74.8","75","75.3","75.6","75.8","76.1","76.3487804878049","76.6","76.8487804878049","77.1","77.3","77.6487804878049","77.7512195121951","77.9536585365854","78.3048780487805","78.6048780487805","78.7560975609756","79.0560975609756","79.1585365853659","79.2609756097561","79.1146341463415","80.1634146341463","80.1634146341463","80.8121951219512","81.1121951219512","81.2146341463415","81.4146341463415","81.6634146341463","82.1146341463415","81.9682926829268","82.219512195122","82.719512195122","82.3219512195122","82.5731707317073","82.5756097560976","82.6756097560976","82.8268292682927","82.1756097560976","82.3243902439024","82.1292682926829","82.9292682926829",".."
France,"FRA","Population, total","SP.POP.TOTL","47412964","47905982","48389516","48877567","49401492","49877725","50311637","50722791","51112980","51536014","52007169","52499553","52962356","53392161","53746571","54002853","54232383","54486467","54734030","54979851","55274184","55603353","55806789","56108330","56383085","56665619","56956002","57266167","57598186","57943062","58261012","58554242","58846584","59103094","59324863","59541294","59754504","59968066","60190684","60501986","60918661","61364377","61812142","62249855","62707588","63180854","63622342","64016890","64375116","64706436","65026211","65340830","65657659","65997932","66312067","66548272","66724104","66918020","67158348","67382061","67601110","67842811","68065015","68287487","68516699"
French Polynesia,"PYF","Fertility rate, total (births per woman)","SP.DYN.TFRT.IN","5.931","5.946","5.968","5.975","5.98","6","5.981","5.951","5.9","5.818","5.628","5.446","5.272","5.091","4.906","4.713","4.512","4.366","4.045","3.941","3.935","3.934","3.797","3.743","3.834","3.862","3.714","3.622","3.748","3.49","3.434","3.259","3.15","3.084","2.942","2.781","2.716","2.59","2.49","2.581","2.596","2.523","2.425","2.26","2.198","2.181","2.217","2.122","2.195","2.148","2.165","2.061","2.026","1.937","1.957","1.872","1.763","1.669","1.645","1.567","1.57","1.532","1.515","1.501",".."
French Polynesia,"PYF","Life expectancy at birth, total (years)","SP.DYN.LE00.IN","59.445","59.85","60.201","60.514","60.797","61.069","61.353","61.645","61.931","62.214","62.495","62.782","63.082","63.401","63.778","64.249","64.761","65.31","65.891","66.612","67.405","68.157","68.922","69.702","70.559","71.203","71.967","72.448","73.088","73.494","73.908","74.295","74.746","75.191","75.65","76.243","76.813","77.38","77.842","78.574","79","79.316","79.544","79.71","79.829","79.951","80.1","80.328","80.587","80.867","81.141","81.434","81.695","81.935","82.151","82.339","82.555","82.774","82.985","83.195","82.459","79.571","83.859","84.07",".."
French Polynesia,"PYF","Population, total","SP.POP.TOTL","83671","85434","87261","89737","92823","96017","99320","102754","106353","110111","114010","117945","121886","125897","129960","134045","138114","142313","146821","151569","156471","161506","166646","171750","176469","180988","185669","190449","195193","199643","203776","207744","211559","215219","218738","222118","225489","229121","232891","236595","240337","244097","247775","251637","255654","259507","263223","266438","268379","269481","270580","271727","273084","274728","276387","277866","279178","280087","279815","279034","279209","279792","280378","281118","281807"
Gabon,"GAB","Fertility rate, total (births per woman)","SP.DYN.TFRT.IN","4.422","4.504","4.587","4.649","4.713","4.785","4.861","4.919","4.984","5.049","5.097","5.163","5.237","5.287","5.327","5.391","5.457","5.516","5.568","5.608","5.664","5.726","5.74","5.759","5.733","5.713","5.688","5.667","5.623","5.55","5.459","5.373","5.289","5.186","5.044","4.884","4.742","4.657","4.576","4.502","4.469","4.417","4.36","4.299","4.252","4.21","4.17","4.142","4.118","4.138","4.153","4.151","4.086","4.019","3.953","3.921","3.921","3.913","3.908","3.884","3.831","3.776","3.712","3.647",".."
Gabon,"GAB","Life expectancy at birth, total (years)","SP.DYN.LE00.IN","46.443","47.115","47.777","48.425","48.994","49.71","50.322","50.928","51.545","52.127","52.697","53.259","53.811","54.352","54.911","55.455","55.97","56.467","56.954","57.438","57.893","58.332","58.644","58.994","59.34","59.665","59.956","60.2","60.398","60.584","60.736","60.891","61.013","61.125","61.183","61.27","61.265","61.395","61.506","61.658","61.81","61.982","62.175","62.463","62.694","62.978","63.259","63.619","64.011","64.361","64.715","65.102","65.438","65.751","66.07","66.336","66.583","66.816","67.043","67.337","67.073","67.072","67.713","68.337",".."
Gabon,"GAB","Population, total","SP.POP.TOTL","512316","518266","524649","531452","538657","546308","554463","563108","572257","583276","595846","608348","620960","633995","647691","662197","677628","693984","711245","729375","748389","768385","789286","811005","833501","856726","880705","905479","931020","957138","983734","1010818","1038380","1066405","1094720","1123213","1152015","1181439","1211736","1243016","1275572","1309589","1345135","1382350","1421609","1463495","1508337","1556237","1607175","1661556","1719879","1781985","1846889","1913059","1978399","2040989","2100306","2156900","2212318","2267706","2322539","2376722","2430747","2484789","2538952"
"Gambia, The","GMB","Fertility rate, total (births per woman)","SP.DYN.TFRT.IN","6.246","6.228","6.213","6.202","6.195","6.192","6.183","6.206","6.221","6.246","6.257","6.33","6.366","6.405","6.415","6.428","6.434","6.433","6.421","6.411","6.414","6.399","6.396","6.393","6.385","6.357","6.344","6.3","6.258","6.254","6.246","6.191","6.111","6.034","6.035","5.994","5.925","5.851","5.818","5.772","5.716","5.67","5.656","5.656","5.683","5.708","5.736","5.685","5.625","5.574","5.558","5.542","5.519","5.392","5.197","5.003","4.809","4.614","4.42","4.33","4.248","4.165","4.078","4.006",".."
"Gambia, The","GMB","Life expectancy at birth, total (years)","SP.DYN.LE00.IN","34.574","35.063","35.599","36.086","36.579","37.12","37.559","38.063","38.533","39.004","39.532","40.048","40.549","41.088","41.676","42.192","42.876","43.366","43.573","44.517","44.977","44.489","46.25","46.892","47.513","48.151","48.798","49.392","50.146","50.725","51.278","51.857","52.477","53.15","53.768","54.292","54.849","55.225","56.007","56.466","56.899","57.283","57.736","58.223","58.749","59.11","59.667","60.001","60.473","60.735","61.167","61.561","61.9","62.252","62.576","62.971","63.386","63.708","64.034","64.427","64.418","63.847","64.859","65.86",".."
"Gambia, The","GMB","Population, total","SP.POP.TOTL","398060","408930","420163","431757","443687","455952","468516","481588","495269","509440","524105","539388","555370","571991","589085","606821","625667","645770","667103","689781","713913","739125","765753","794525","825631","858874","894019","931091","970160","1011357","1054696","1099959","1145582","1188365","1227226","1264313","1301410","1338889","1376987","1415779","1455084","1495011","1535691","1577611","1621312","1667037","1715275","1765774","1817852","1871422","1926630","1983784","2043094","2103820","2164528","2224529","2283769","2342189","2399632","2456844","2515733","2576010","2636470","2697845","2759988"
Georgia,"GEO","Fertility rate, total (births per woman)","SP.DYN.TFRT.IN","2.942","2.943","2.937","2.949","2.891","2.774","2.728","2.743","2.689","2.687","2.695","2.707","2.674","2.617","2.565","2.552","2.51","2.441","2.417","2.382","2.347","2.33","2.312","2.339","2.378","2.399","2.38","2.319","2.318","2.322","2.306","2.208","2.045","1.912","1.835","1.807","1.759","1.728","1.703","1.643","1.609","1.579","1.571","1.552","1.566","1.583","1.617","1.697","1.832","1.993","1.973","1.915","1.929","1.993","2.18","2.214","2.228","2.136","2.093","2.021","1.976","1.98","1.82","1.81",".."
Georgia,"GEO","Life expectancy at birth, total (years)","SP.DYN.LE00.IN","61.347","61.72","62.078","62.457","62.818","63.097","63.397","63.772","64.139","64.509","64.869","65.189","65.516","65.851","66.18","66.512","66.894","67.246","67.597","67.942","68.273","68.741","69.109","69.135","68.795","69.006","69.225","69.219","68.825","68.635","68.679","68.202","67.78","67.405","68.669","69.398","70.637","69.683","69.787","70.012","70.091","70.371","70.438","71.377","71.011","70.689","70.983","70.985","70.949","71.058","71.732","72.485","72.672","73.025","73.105","73.241","73.136","73.435","73.985","74.165","73.509","71.635","74.141","74.496",".."
Georgia,"GEO","Population, total","SP.POP.TOTL","3645600","3703600","3760300","3816100","3870300","3921600","3966700","4005800","4042300","4080300","4119900","4163000","4205300","4242500","4279500","4311200","4342400","4372100","4397700","4430200","4467700","4504500","4542800","4582900","4622200","4662900","4704500","4743500","4790700","4803300","4802000","4835900","4873500","4911100","4836076","4657722","4491699","4349913","4243607","4157192","4077131","4014373","3978515","3951736","3927340","3902469","3880347","3860158","3848449","3814419","3786695","3756441","3728874","3717668","3719414","3725276","3727505","3728004","3726549","3720161","3722716","3708610","3712502","3715483","3673850"
Germany,"DEU","Fertility rate, total (births per woman)","SP.DYN.TFRT.IN","2.37","2.45","2.44","2.51","2.54","2.5","2.53","2.48","2.38","2.21","2.03","1.92","1.71","1.54","1.51","1.45","1.45","1.4","1.38","1.38","1.44","1.43","1.41","1.33","1.29","1.37","1.43","1.43","1.46","1.42","1.45","1.33","1.29","1.28","1.24","1.25","1.3","1.35","1.36","1.36","1.38","1.35","1.34","1.34","1.36","1.34","1.33","1.37","1.38","1.36","1.39","1.39","1.41","1.42","1.47","1.5","1.6","1.57","1.57","1.54","1.53","1.58","1.455","1.39",".."
Germany,"DEU","Life expectancy at birth, total (years)","SP.DYN.LE00.IN","69.0640731707317","69.6448780487805","69.7992195121951","69.9140731707317","70.4355609756098","70.4103658536585","70.5215853658537","70.7317317073171","70.3784634146342","70.2288048780488","70.4471951219512","70.676756097561","70.9067073170732","71.1128048780488","71.4189268292683","71.259243902439","71.7122195121951","72.3073170731707","72.2904146341464","72.6301707317073","72.8003170731707","73.0402195121951","73.3331463414634","73.6221463414634","74.0722926829268","74.1890975609756","74.3968292682927","74.8070243902439","74.9987317073171","75.1915365853659","75.0856341463415","75.319512195122","75.819512195122","75.8707317073171","76.2707317073171","76.4219512195122","76.6731707317073","77.0731707317073","77.4756097560976","77.7268292682927","77.9268292682927","78.3292682926829","78.2292682926829","78.3804878048781","78.6804878048781","78.9317073170732","79.1317073170732","79.5341463414634","79.7365853658537","79.8365853658537","79.9878048780488","80.4365853658537","80.5390243902439","80.490243902439","81.090243902439","80.6414634146341","80.990243902439","80.9926829268293","80.8926829268293","81.2926829268293","81.0414634146342","80.790243902439","80.6080487804878","80.5414634146342",".."
Germany,"DEU","Population, total","SP.POP.TOTL","72814900","73377632","74025784","74714353","75318337","75963695","76600311","76951336","77294314","77909682","78169289","78312842","78688452","78936666","78967433","78673554","78336950","78159814","78091820","78126350","78288576","78407907","78333366","78128282","77858685","77684873","77720436","77839920","78144619","78751283","79433029","80013896","80624598","81156363","81438348","81678051","81914831","82034771","82047195","82100243","82211508","82349925","82488495","82534176","82516260","82469422","82376451","82266372","82110097","81902307","81776930","80274983","80425823","80645605","80982500","81686611","82348669","82657002","82905782","83092962","83160871","83196078","83797985","83901923","83510950"
Ghana,"GHA","Fertility rate, total (births per woman)","SP.DYN.TFRT.IN","6.89","6.912","6.942","6.936","6.902","6.88","6.862","6.893","6.892","6.954","6.952","6.946","6.916","6.872","6.822","6.762","6.703","6.637","6.564","6.513","6.474","6.415","6.312","6.227","6.153","6.119","6.084","6.022","5.922","5.818","5.737","5.63","5.517","5.414","5.254","5.106","4.959","4.884","4.829","4.822","4.827","4.768","4.687","4.597","4.504","4.496","4.399","4.288","4.217","4.179","4.181","4.177","4.154","4.114","4.029","3.982","3.873","3.715","3.65","3.593","3.541","3.492","3.434","3.397",".."
Ghana,"GHA","Life expectancy at birth, total (years)","SP.DYN.LE00.IN","46.942","47.127","47.335","47.476","47.637","47.689","47.708","47.734","47.758","47.895","47.888","47.949","48.274","48.577","48.918","49.323","49.732","50.079","50.461","50.787","51.059","51.313","51.425","51.78","52.232","52.732","53.276","53.818","54.396","54.936","55.395","55.722","56.055","56.286","56.234","56.662","56.957","57.241","57.525","57.835","58.139","58.403","58.709","59.014","59.316","59.638","59.975","60.282","60.578","60.928","61.297","61.617","61.995","62.397","62.832","63.175","63.522","63.829","64.138","64.455","64.309","64.286","65.246","65.498",".."
Ghana,"GHA","Population, total","SP.POP.TOTL","6961215","7162667","7337375","7514714","7695739","7882606","8074521","8271913","8475729","8690383","8925813","9176264","9438187","9714617","10000523","10294308","10594913","10911871","11248450","11597255","11941448","12281712","12643819","13029836","13370590","13661229","13965217","14289108","14636568","15006813","15394648","15787496","16184855","16589519","16993190","17399017","17810181","18238958","18688036","19149864","19637087","20167069","20729388","21296705","21868298","22449438","23040702","23642279","24249946","24862664","25474995","26095088","26734268","27386193","28041592","28696068","29356742","30008354","30637585","31258945","31887809","32518665","33149152","33787914","34427414"
Gibraltar,"GIB","Fertility rate, total (births per woman)","SP.DYN.TFRT.IN","3.102","3.26","3.528","4.061","4.26","3.989","3.604","3.183","2.98","2.949","2.948","2.944","2.788","2.671","2.596","2.527","2.479","2.468","2.486","2.523","2.567","2.534","2.491","2.436","2.398","2.371","2.356","2.35","2.345","2.353","2.39","2.431","2.443","2.42","2.38","2.334","2.251","2.233","2.204","2.189","2.185","2.104","1.683","1.634","1.689","1.754","1.802","1.852","1.903","1.926","1.954","1.974","1.999","2.099","2.084","2.074","1.94","1.93","1.921","1.912","1.907","1.899","1.895","1.888",".."
Gibraltar,"GIB","Life expectancy at birth, total (years)","SP.DYN.LE00.IN","70.209","70.165","70.174","70.249","70.438","70.755","71.178","71.54","71.709","71.812","71.888","72.103","72.356","72.707","73.053","73.322","73.443","73.479","73.512","73.585","73.755","73.999","74.325","74.613","74.935","75.232","75.557","75.871","76.18","76.474","76.814","77.118","77.412","77.722","78.052","78.345","78.696","79.097","79.477","79.812","80.145","80.419","80.59","80.713","80.856","80.991","81.103","81.269","81.541","81.807","82.08","82.333","82.527","82.586","82.644","82.668","82.741","82.858","83.028","83.183","83.07","80.274","83.517","83.553",".."
Gibraltar,"GIB","Population, total","SP.POP.TOTL","21839","21872","22197","22753","23315","23878","24444","25015","25578","26120","26634","27020","27290","27537","27755","27951","28134","28300","28446","28575","28675","28740","28765","28733","28643","28512","28328","28096","27839","27544","27200","26898","26878","27070","27239","27377","27487","27582","27650","27692","27709","27657","27831","28274","28715","29163","29594","30006","30413","30823","31248","31660","32029","32407","32813","33193","33658","34245","34854","35494","36173","36858","37609","38471","39329"
Greece,"GRC","Fertility rate, total (births per woman)","SP.DYN.TFRT.IN","2.23","2.13","2.16","2.14","2.24","2.25","2.32","2.45","2.42","2.36","2.4","2.32","2.32","2.27","2.38","2.33","2.35","2.27","2.28","2.26","2.23","2.09","2.03","1.94","1.83","1.67","1.6","1.5","1.5","1.4","1.39","1.37","1.36","1.32","1.33","1.28","1.26","1.27","1.24","1.23","1.25","1.25","1.28","1.29","1.31","1.34","1.4","1.41","1.5","1.5","1.48","1.4","1.34","1.29","1.3","1.33","1.38","1.35","1.35","1.34","1.39","1.43","1.32","1.32",".."
Greece,"GRC","Life expectancy at birth, total (years)","SP.DYN.LE00.IN","70.4343170731707","70.2830243902439","70.2246097560976","70.5639756097561","70.4581707317073","71.3916829268293","71.800512195122","71.307","71.4037317073171","71.9788780487805","72.6807804878049","72.8671707317073","72.656243902439","72.9059268292683","73.3943658536585","73.4011707317073","73.6791219512195","73.6803414634146","74.3631707317073","74.5928292682927","74.5065609756098","74.9156829268293","75.2026829268293","75.4804146341463","75.7576097560976","76.0950487804878","76.4882195121951","76.0558536585366","76.9481951219512","76.6878048780488","76.9390243902439","77.1365853658537","77.3829268292683","77.390243902439","77.6390243902439","77.5853658536585","77.6853658536585","78.1365853658537","77.8390243902439","77.9878048780488","77.8878048780488","78.3878048780488","78.6414634146341","78.8414634146341","79.0390243902439","79.2390243902439","79.4390243902439","79.4390243902439","79.9390243902439","80.1878048780488","80.3878048780488","80.7317073170732","80.6341463414634","81.2853658536585","81.3853658536585","81.0365853658537","81.3878048780488","81.2878048780488","81.7878048780488","81.6390243902439","81.2878048780488","80.0829268292683","80.7878048780488","81.5365853658537",".."
Greece,"GRC","Population, total","SP.POP.TOTL","8331725","8398050","8448233","8479625","8510429","8550333","8613651","8684088","8740765","8772764","8792806","8831036","8888628","8929086","8962022","9046541","9188150","9308479","9429959","9548258","9642505","9729350","9789513","9846627","9895801","9934300","9967213","10000595","10036983","10089498","10196792","10319927","10399061","10460415","10512922","10562153","10608800","10661259","10720509","10761698","10805808","10862132","10902022","10928070","10955141","10987314","11020362","11048473","11077841","11107017","11121341","11104899","11045011","10965211","10892413","10820883","10775971","10754679","10732882","10721582","10698599","10569207","10436882","10405588","10388805"
Greenland,"GRL","Fertility rate, total (births per woman)","SP.DYN.TFRT.IN","6.686","6.781","6.785","6.757","6.654","6.419","6.031","5.545","4.928","4.209","3.541","3.202","3.012","2.739","2.45","2.345","2.255","2.349","2.197","2.187","2.435","2.332","2.236","2.054","2.107","2.241","2.044","2.083","2.317","2.299","2.444","2.421","2.607","2.578","2.527","2.512","2.493","2.69","2.457","2.415","2.329","2.51","2.566","2.372","2.415","2.377","2.256","2.299","2.247","2.359","2.195","2.117","2.019","2.077","2.037","2.01","2","2.09","2","2.08","2.019","1.82","1.818","1.769",".."
Greenland,"GRL","Life expectancy at birth, total (years)","SP.DYN.LE00.IN","58.552243902439","59.4261219512195","60.0291219512195","60.4535365853659","60.9083658536586","61.4213902439024","61.8018292682927","62.3363414634146","62.7596341463415","63.1216097560976","63.1156585365854","63.0539756097561","62.7973658536585","62.4474878048781","62.025512195122","61.8320243902439","61.8058292682927","61.8398780487805","63.4146341463415","63.9548780487805","63.449756097561","63.0748780487805","63.1926829268293","63.3","63.4665853658537","63.8336585365854","64.2487804878049","64.6541463414634","64.5824390243903","64.6675609756098","65.0682926829268","65.0317073170732","65.1960975609756","65.5853658536585","65.9009756097561","65.6441463414634","65.7673170731707","65.7980487804878","66.1570731707317","66.4975609756098","66.0990243902439","66.1965853658537","66.6117073170732","67.1817073170732","67.7263414634146","68.2351219512195","68.6165853658537","69.0482926829268","69.37","69.779512195122","70.0807317073171","70.2648780487805","70.5463414634146","70.8385365853659","71.0609756097561","71.4790243902439","71.8385365853659","71.9321951219512","71.9675609756098","71.9443902439024","71.8507317073171","71.8139024390244","71.5404878048781","71.549756097561",".."
Greenland,"GRL","Population, total","SP.POP.TOTL","32500","33700","35000","36400","37600","39200","40500","41900","43400","44900","46400","47200","48300","49000","49500","49600","49700","49400","49200","49600","50200","51000","51500","52100","52700","53200","53500","54100","54800","55300","55600","55500","55300","55200","55500","55800","55900","56000","56100","56100","56185","56379","56595","56751","56898","56935","56775","56555","56328","56323","56534","56890","56810","56483","56295","56114","56186","56172","56023","56225","56367","56653","56661","56865","56836"
Grenada,"GRD","Fertility rate, total (births per woman)","SP.DYN.TFRT.IN","6.743","6.627","6.442","6.196","5.906","5.597","5.3","5.04","4.835","4.69","4.46","4.307","4.175","4.046","3.92","3.754","3.597","3.457","3.351","3.344","3.298","2.989","3.154","3.306","3.224","3.478","3.584","3.581","3.193","3.233","3.058","3.106","2.97","2.805","2.794","2.822","2.848","2.803","2.494","2.392","2.441","2.421","2.378","2.332","2.285","2.242","2.195","2.154","2.116","2.078","2.038","2.006","1.967","1.913","1.799","1.715","1.616","1.438","1.53","1.542","1.532","1.517","1.502","1.487",".."
Grenada,"GRD","Life expectancy at birth, total (years)","SP.DYN.LE00.IN","63.144","63.553","63.752","63.783","64.199","64.78","65.649","66.46","66.912","66.975","66.856","66.874","67.151","67.557","67.884","68.004","67.949","67.869","67.856","67.941","68.117","68.348","68.597","64.333","69.095","69.338","69.574","69.808","70.045","70.289","70.546","70.823","71.125","71.45","71.78","72.094","72.373","72.6","72.762","72.873","72.955","73.034","73.142","73.291","72.447","73.7","73.93","74.159","74.374","74.567","74.731","74.861","74.961","75.022","75.045","75.037","75.01","74.977","74.957","74.971","75.019","74.522","75.151","75.205",".."
Grenada,"GRD","Population, total","SP.POP.TOTL","94058","95335","96375","97195","97760","98067","98121","98066","98078","98204","98414","98648","98777","98709","98486","98126","97632","97017","96305","95490","94538","94052","94383","94948","95498","96111","96790","97526","98308","99121","99957","100793","101602","102382","103138","103869","104584","105293","106009","106727","107451","107987","108404","108884","109323","109734","110135","110522","110896","111254","111586","112079","112775","113487","114132","114676","115130","115438","115691","115981","116341","116688","116913","117081","117207"
Guam,"GUM","Fertility rate, total (births per woman)","SP.DYN.TFRT.IN","5.969","5.948","5.899","5.571","5.393","5.137","5.072","4.646","4.346","4.44","4.343","4.202","4.046","3.89","3.764","3.658","3.534","3.363","3.105","3.033","3.039","2.969","2.912","3.029","2.855","2.905","2.934","2.966","2.986","3.001","3.015","3.028","3.042","3.054","3.044","3.04","3.033","3.023","3.008","2.969","2.915","2.817","2.582","2.657","2.772","2.638","2.807","2.905","2.905","2.891","2.973","2.876","3.117","2.883","2.946","2.933","3.171","3.088","2.995","2.938","2.895","2.856","2.819","2.781",".."
Guam,"GUM","Life expectancy at birth, total (years)","SP.DYN.LE00.IN","62.882","63.226","63.349","63.833","64.104","64.367","64.639","64.916","65.201","65.499","65.811","66.064","66.469","66.93","67.532","68.011","68.275","69.024","69.57","70.116","70.674","71.18","71.681","72.141","72.589","73.07","73.324","73.468","73.429","73.503","73.455","73.518","73.632","74.004","74.344","74.511","74.638","74.7","74.753","74.789","74.894","75.195","75.506","75.885","76.114","76.427","76.477","76.397","76.233","76.141","76.095","76.153","76.237","76.361","76.423","76.444","76.449","76.463","76.561","76.645","75.529","75.434","77.102","77.209",".."
Guam,"GUM","Population, total","SP.POP.TOTL","69525","71311","73192","75095","77008","78932","80844","82719","84563","86404","88365","90466","92619","94781","96939","99057","101166","103298","105424","107636","110141","112902","115711","118508","121302","124117","126965","129858","132799","135799","138610","141073","143393","145654","147868","150054","152169","154215","156237","158289","160065","161329","162315","163137","163810","164365","164839","165267","165693","166173","166522","166543","166331","165966","165486","164905","164233","163490","162679","161808","162158","163730","165180","166506","167777"
Guatemala,"GTM","Fertility rate, total (births per woman)","SP.DYN.TFRT.IN","6.999","6.979","6.934","6.899","6.871","6.839","6.802","6.755","6.699","6.646","6.6","6.546","6.511","6.487","6.458","6.41","6.368","6.319","6.261","6.216","6.171","6.121","6.057","5.976","5.855","5.729","5.663","5.639","5.621","5.559","5.48","5.377","5.314","5.254","5.191","5.105","5.008","4.906","4.8","4.687","4.583","4.502","4.371","4.25","4.134","3.974","3.845","3.716","3.571","3.465","3.375","3.292","3.219","3.151","3.088","3.029","2.973","2.857","2.743","2.593","2.47","2.388","2.343","2.311",".."
Guatemala,"GTM","Life expectancy at birth, total (years)","SP.DYN.LE00.IN","45.76","46.12","46.492","46.622","47.055","47.185","47.511","47.727","47.758","47.521","48.507","50.276","51.817","52.848","53.023","52.832","47.617","55.184","56.412","56.6","55.297","54.709","48.863","57.913","59.074","59.788","60.341","60.991","61.538","61.745","61.767","61.926","61.992","62.442","63.026","63.662","64.54","65.249","65.969","66.634","67.102","67.436","67.835","68.204","68.245","68.167","68.79","69.299","69.493","69.676","69.885","70.321","70.722","70.878","70.942","70.915","71.215","71.583","71.496","71.639","69.971","67.858","71.206","72.602",".."
Guatemala,"GTM","Population, total","SP.POP.TOTL","4063655","4186201","4312044","4440264","4571109","4704965","4840958","4978862","5118111","5257081","5396966","5538355","5682833","5831631","5981197","6128731","6262404","6401515","6561534","6727797","6900212","7075648","7240241","7419642","7630682","7849693","8070818","8296485","8532099","8775546","9024773","9272584","9522266","9779761","10043718","10312996","10583526","10857754","11139145","11422965","11697592","11969422","12246915","12525842","12807402","13087629","13367459","13652040","13935174","14215611","14500112","14792126","15089647","15387337","15681725","15971743","16268760","16567357","16845685","17103803","17357325","17598650","17847877","18124838","18406359"
Guinea,"GIN","Fertility rate, total (births per woman)","SP.DYN.TFRT.IN","6.112","6.126","6.14","6.153","6.166","6.178","6.19","6.202","6.214","6.228","6.243","6.262","6.283","6.308","6.336","6.367","6.4","6.434","6.44","6.45","6.459","6.459","6.487","6.487","6.512","6.527","6.548","6.571","6.561","6.548","6.515","6.484","6.453","6.409","6.358","6.288","6.205","6.123","6.051","5.985","5.918","5.834","5.781","5.744","5.733","5.727","5.704","5.664","5.596","5.528","5.435","5.337","5.232","5.151","5.07","5.002","4.915","4.793","4.669","4.576","4.489","4.399","4.303","4.217",".."
Guinea,"GIN","Life expectancy at birth, total (years)","SP.DYN.LE00.IN","36.623","36.816","36.997","37.196","37.415","37.653","37.959","38.224","38.501","38.824","39.06","39.372","39.683","39.937","40.229","40.606","41.028","41.409","41.882","42.343","42.842","43.33","43.863","44.226","44.858","45.31","45.719","46.107","46.478","46.86","47.252","47.781","48.266","48.819","49.188","49.836","50.546","51.113","51.61","51.987","52.42","52.669","53.2","53.589","53.975","54.422","54.875","55.233","55.703","56.052","56.431","56.778","57.117","57.459","57.581","57.899","58.49","58.715","59.043","59.379","59.35","59.373","60.432","60.74",".."
Guinea,"GIN","Population, total","SP.POP.TOTL","3556749","3619551","3684273","3750954","3819722","3890716","3964155","4040153","4118550","4198300","4277535","4355200","4431292","4506324","4580510","4653876","4727022","4801128","4877854","4959283","5047419","5143288","5247672","5359814","5480096","5610373","5750668","5900198","6056574","6215811","6434374","6697166","6914366","7128177","7345107","7553249","7770035","7931370","8081990","8265123","8428832","8539960","8674066","8870781","9062726","9245844","9441171","9662281","9898870","10143534","10396086","10656810","10921581","11191873","11472924","11767070","12073030","12385659","12704774","13034346","13371183","13710513","14055137","14405468","14754785"
Guinea-Bissau,"GNB","Fertility rate, total (births per woman)","SP.DYN.TFRT.IN","5.921","5.931","5.941","5.951","5.961","5.971","5.982","5.994","6.008","6.024","6.041","6.06","6.078","6.098","6.12","6.15","6.192","6.249","6.32","6.401","6.487","6.569","6.64","6.694","6.727","6.739","6.734","6.717","6.693","6.663","6.501","6.474","6.435","6.369","6.299","6.223","6.141","6.06","5.97","5.871","5.786","5.688","5.634","5.577","5.5","5.46","5.406","5.365","5.266","5.176","5.111","5.067","5.003","4.93","4.79","4.661","4.519","4.347","4.241","4.153","4.075","3.998","3.911","3.836",".."
Guinea-Bissau,"GNB","Life expectancy at birth, total (years)","SP.DYN.LE00.IN","37.554","37.788","38.032","35.644","35.807","35.92","36.083","36.344","36.672","36.959","37.258","37.538","37.82","38.17","41.613","41.934","42.253","42.578","42.908","43.239","43.57","43.926","44.293","44.6","44.943","45.266","45.523","45.844","46.279","46.614","46.89","47.201","47.518","47.84","47.775","48.531","48.772","48.033","48.123","48.492","50.565","51.054","51.608","52.186","52.8","52.949","54.089","54.87","55.3","56.297","56.999","57.663","58.27","58.879","59.476","60.071","60.619","61.148","61.652","62.161","61.343","61.653","63.605","64.085",".."
Guinea-Bissau,"GNB","Population, total","SP.POP.TOTL","577633","582532","589474","594418","588543","575005","566908","569011","578170","581610","584403","586221","586620","592808","613338","650966","694191","741789","791694","819867","829303","842432","855891","869592","883519","897697","912126","926862","942061","957789","973669","994639","1024356","1058745","1092031","1119949","1143535","1165545","1187473","1210206","1234741","1261273","1289307","1318806","1349563","1381585","1415303","1450986","1488054","1526377","1566347","1608076","1651417","1695973","1741122","1786457","1831893","1877072","1922168","1967696","2013255","2058841","2105529","2153339","2201352"
Guyana,"GUY","Fertility rate, total (births per woman)","SP.DYN.TFRT.IN","6.331","6.339","6.333","6.307","6.232","6.135","6.021","5.888","5.751","5.581","5.411","5.257","5.077","4.866","4.638","4.45","4.28","4.116","3.967","3.86","3.77","3.719","3.678","3.637","3.541","3.47","3.381","3.305","3.228","3.186","3.181","3.183","3.188","3.199","3.226","3.238","3.23","3.221","3.182","3.125","3.057","2.958","2.844","2.75","2.681","2.648","2.659","2.681","2.697","2.694","2.684","2.694","2.701","2.711","2.695","2.667","2.634","2.593","2.553","2.521","2.491","2.462","2.437","2.412",".."
Guyana,"GUY","Life expectancy at birth, total (years)","SP.DYN.LE00.IN","57.51","57.912","58.303","58.644","58.958","59.137","59.329","59.53","59.69","59.835","59.961","60.068","60.133","60.211","60.305","60.375","60.449","60.558","60.646","60.735","60.808","60.91","61.01","61.157","61.255","61.379","61.521","61.698","61.849","62.054","62.254","62.463","62.816","63.016","63.007","62.668","62.691","62.879","63.429","63.772","64.075","64.38","64.183","64.117","64.214","64.392","64.848","65.462","65.721","66.03","66.204","66.469","66.443","66.71","67.334","67.719","68.069","68.543","68.829","69.067","67.751","64.323","69.888","70.18",".."
Guyana,"GUY","Population, total","SP.POP.TOTL","569143","582568","595461","608537","621764","635128","648646","662311","676160","690223","702705","712662","721617","730138","738057","745393","752253","758654","764586","770062","774367","776453","776712","775891","774111","771477","768098","764120","759663","754865","749894","747861","749911","752965","755822","758388","760526","762245","763586","764483","764832","764477","763652","763101","762418","760914","758966","756861","754606","752094","749256","746153","746288","750021","754229","758781","763548","768479","791556","807665","807481","815482","821637","826353","831087"
Haiti,"HTI","Fertility rate, total (births per woman)","SP.DYN.TFRT.IN","6.178","6.179","6.175","6.173","6.164","6.129","6.093","6.051","6.009","5.957","5.911","5.877","5.849","5.811","5.781","5.748","5.71","5.674","5.642","5.594","5.557","5.533","5.526","5.513","5.505","5.495","5.479","5.471","5.472","5.444","5.414","5.317","5.208","5.099","4.991","4.884","4.777","4.669","4.561","4.452","4.39","4.248","4.125","4.047","3.943","3.835","3.761","3.687","3.621","3.565","3.497","3.431","3.321","3.221","3.164","3.11","3.054","2.985","2.924","2.862","2.804","2.748","2.699","2.656",".."
Haiti,"HTI","Life expectancy at birth, total (years)","SP.DYN.LE00.IN","43.44","43.825","44.196","42.724","44.928","45.371","45.565","46.135","46.522","46.903","47.265","47.619","47.884","48.194","48.458","48.72","48.972","49.226","49.484","49.749","49.971","50.31","50.626","50.946","51.254","51.583","51.874","52.245","52.554","52.88","53.215","53.524","54.041","54.478","54.731","55.582","56.111","56.675","57.137","57.692","58.175","58.591","59.041","59.44","58.517","60.318","60.74","61.09","61.28","61.694","45.577","61.581","62.273","62.624","62.969","63.224","63.325","63.832","64.077","64.328","63.773","62.613","63.948","64.936",".."
Haiti,"HTI","Population, total","SP.POP.TOTL","3858443","3929030","4001575","4073068","4146244","4223820","4302639","4382999","4465328","4549334","4635124","4723244","4813868","4906743","5001796","5099086","5198357","5299476","5402580","5507590","5614493","5723725","5835937","5951096","6069230","6190862","6316122","6445123","6578145","6714730","6854441","6995450","7136571","7278181","7419771","7562546","7707557","7854298","8002143","8151296","8303151","8455918","8607641","8759912","8910263","9061273","9216562","9373296","9530774","9689581","9803294","9914904","10069771","10222362","10373235","10523242","10671457","10817754","10962362","11105163","11243848","11374586","11503606","11637398","11772557"
Honduras,"HND","Fertility rate, total (births per woman)","SP.DYN.TFRT.IN","7.458","7.448","7.443","7.441","7.443","7.442","7.41","7.359","7.295","7.228","7.172","7.113","7.058","6.985","6.913","6.866","6.814","6.732","6.634","6.531","6.418","6.301","6.179","6.059","5.935","5.816","5.7","5.581","5.468","5.354","5.271","5.191","5.113","5.028","4.935","4.835","4.713","4.59","4.473","4.366","4.289","4.153","4","3.844","3.71","3.577","3.449","3.351","3.26","3.173","3.078","2.998","2.927","2.855","2.793","2.746","2.704","2.663","2.645","2.611","2.577","2.548","2.522","2.5",".."
Honduras,"HND","Life expectancy at birth, total (years)","SP.DYN.LE00.IN","47.149","47.71","48.647","49.385","50.197","50.863","51.588","52.331","53.041","53.712","54.36","55.012","55.689","54.565","52.519","57.523","58.151","58.704","59.248","59.829","60.388","61.033","61.688","62.408","62.819","63.223","63.651","64.066","64.393","64.782","65.183","65.584","65.908","66.074","66.523","66.919","67.263","67.542","62.432","68.005","68.302","68.491","68.714","68.874","69.05","69.198","69.364","69.539","69.657","69.823","69.77","70.116","70.46","70.765","71.032","71.323","71.615","71.805","72.001","72.124","70.864","69.492","72.715","72.884",".."
Honduras,"HND","Population, total","SP.POP.TOTL","2062060","2121242","2182064","2244878","2309855","2377157","2446751","2518648","2593057","2670289","2750715","2834616","2922064","3011459","3099836","3193234","3294457","3398655","3505463","3614981","3727173","3841778","3958728","4078174","4199850","4323342","4448899","4576910","4707677","4841838","4980488","5123792","5271431","5423249","5579242","5739637","5903954","6071454","6234431","6400463","6577773","6757993","6938859","7119213","7298994","7478355","7656832","7834798","8012587","8189899","8365878","8540583","8715076","8889278","9063122","9237305","9412380","9588137","9765210","9943633","10119640","10289877","10463872","10644851","10825703"
"Hong Kong SAR, China","HKG","Fertility rate, total (births per woman)","SP.DYN.TFRT.IN","5.085","5.169","5.177","5.152","5.085","4.923","4.464","4.123","3.783","3.599","3.386","3.459","3.315","3.177","2.967","2.666","2.48","2.376","2.272","2.12","2.047","1.933","1.86","1.722","1.559","1.491","1.367","1.311","1.4","1.296","1.272","1.281","1.347","1.342","1.355","1.295","1.191","1.127","1.016","0.981","1.032","0.931","0.941","0.901","0.922","0.959","0.984","1.028","1.064","1.055","1.127","1.204","1.285","1.125","1.235","1.196","1.205","1.128","1.08","1.064","0.883","0.772","0.701","0.751",".."
"Hong Kong SAR, China","HKG","Life expectancy at birth, total (years)","SP.DYN.LE00.IN","65.6971219512195","66.4416585365854","66.9104634146342","67.6451707317073","68.2190975609756","68.8668048780488","69.2658536585366","69.8278536585366","70.2170243902439","70.6271707317073","70.9346829268293","71.4680487804878","71.4509756097561","72.090243902439","72.5978048780488","73.3621951219512","72.7890243902439","73.3492682926829","73.5407317073171","73.6631707317073","74.6534146341464","75.3490243902439","75.4385365853659","75.2863414634146","76.009512195122","76.4292682926829","76.6843902439024","76.8978048780488","77.0834146341464","77.0287804878049","77.3707317073171","77.8729268292683","77.6734146341464","78.0160975609756","78.5436585365854","78.6787804878049","79.6275609756098","80.1121951219512","80.1068292682927","80.3726829268293","80.8731707317073","81.4192682926829","81.4521951219512","81.3434146341464","81.7992682926829","81.6090243902439","82.3848780487805","82.3668292682927","82.3404878048781","82.7751219512195","82.9575609756098","83.4119512195122","83.450243902439","83.8312195121951","83.9356097560976","84.2526829268293","84.2114634146342","84.6956097560976","84.869756097561","85.1558536585366","85.4963414634146","85.5326829268293","83.6609756097561","85.2473170731707",".."
"Hong Kong SAR, China","HKG","Population, total","SP.POP.TOTL","3094840","3168100","3305200","3420900","3504600","3597900","3629900","3722800","3802700","3863900","3959000","4045300","4123600","4241600","4377800","4461600","4518000","4583700","4667500","4929700","5063100","5183400","5264500","5345100","5397900","5456200","5524600","5580500","5627600","5686200","5704500","5752000","5800500","5901000","6035400","6156100","6435500","6489300","6543700","6606500","6665000","6714300","6744100","6730800","6783500","6813200","6857100","6916300","6957800","6972800","7024200","7071600","7150100","7178900","7229500","7291300","7336600","7393200","7452600","7507900","7481000","7413100","7346100","7536100","7524100"
Hungary,"HUN","Fertility rate, total (births per woman)","SP.DYN.TFRT.IN","2.02","1.94","1.79","1.82","1.82","1.82","1.89","2.01","2.06","2.04","1.98","1.93","1.93","1.93","2.27","2.35","2.23","2.15","2.06","2.01","1.91","1.88","1.8","1.75","1.75","1.85","1.84","1.82","1.81","1.82","1.87","1.87","1.77","1.68","1.64","1.57","1.46","1.37","1.32","1.28","1.32","1.31","1.3","1.27","1.28","1.31","1.34","1.32","1.35","1.32","1.25","1.23","1.34","1.35","1.44","1.45","1.53","1.54","1.55","1.55","1.59","1.61","1.56","1.51",".."
Hungary,"HUN","Life expectancy at birth, total (years)","SP.DYN.LE00.IN","68.0031707317073","68.9360975609756","67.8658536585366","68.8741463414634","69.3809756097561","69.0712195121951","69.8224390243902","69.4070731707317","69.230243902439","69.3146341463415","69.1646341463415","69.0524390243903","69.6646341463415","69.5180487804878","69.2480487804878","69.29","69.5731707317073","69.8480487804878","69.3939024390244","69.6153658536585","69.0617073170732","69.1392682926829","69.3578048780488","68.9736585365854","69.0258536585366","68.9721951219512","69.1734146341463","69.6512195121951","70.0234146341463","69.4617073170732","69.3156097560976","69.3770731707317","69.1170731707317","69.1012195121951","69.469756097561","69.7917073170732","70.3287804878049","70.7024390243902","70.5578048780488","70.6770731707317","71.2463414634146","72.2487804878049","72.3487804878049","72.3","72.6487804878049","72.6487804878049","73.0975609756098","73.1512195121951","73.7024390243903","73.9048780487805","74.2073170731707","74.8585365853659","75.0634146341463","75.5658536585366","75.7634146341463","75.5682926829269","76.0634146341464","75.8170731707317","76.0658536585366","76.3195121951219","75.419512195122","74.0658536585366","75.8682926829268","76.7707317073171",".."
Hungary,"HUN","Population, total","SP.POP.TOTL","9983512","10027958","10060825","10087947","10119835","10147935","10178653","10216604","10255815","10298723","10337910","10367537","10398489","10432055","10478720","10540525","10598677","10648031","10684822","10704152","10711122","10711848","10705535","10689463","10668095","10648713","10630564","10612741","10596487","10481719","10373988","10373400","10369341","10357523","10343355","10328965","10311238","10290486","10266570","10237530","10210971","10187576","10158608","10129552","10107146","10087065","10071370","10055780","10038188","10022650","10000023","9971727","9920362","9872734","9833038","9797755","9759755","9726756","9706964","9694824","9670419","9630932","9605074","9592186","9562314"
Iceland,"ISL","Fertility rate, total (births per woman)","SP.DYN.TFRT.IN","4.29","3.88","3.98","3.99","3.88","3.73","3.59","3.28","3.06","2.99","2.81","2.92","3.09","2.94","2.66","2.65","2.52","2.31","2.35","2.49","2.48","2.33","2.27","2.24","2.08","1.93","1.92","2.06","2.26","2.19","2.3","2.18","2.21","2.22","2.14","2.08","2.12","2.04","2.05","1.99","2.08","1.95","1.93","1.99","2.04","2.05","2.08","2.09","2.15","2.23","2.2","2.02","2.04","1.93","1.93","1.8","1.74","1.71","1.71","1.74","1.72","1.82","1.589","1.59",".."
Iceland,"ISL","Life expectancy at birth, total (years)","SP.DYN.LE00.IN","74.0400731707317","73.5034146341464","73.7219512195122","73.0429268292683","73.5417073170732","73.8687804878049","73.3004878048781","73.7831707317073","74.0058536585366","73.7763414634147","73.9339024390244","73.5704878048781","74.4558536585366","74.4509756097561","74.5117073170732","75.5787804878049","76.9721951219512","76.3736585365854","76.6492682926829","76.7731707317073","76.8465853658537","76.5214634146341","77.0378048780488","76.8456097560976","77.5765853658537","77.6024390243903","77.9907317073171","77.3390243902439","77.0829268292683","78.1409756097561","78.0363414634146","77.9919512195122","78.760243902439","78.9346341463415","79.2470731707317","77.9843902439024","78.7778048780488","78.8853658536585","79.6024390243903","79.3512195121951","79.6536585365854","80.690243902439","80.5024390243903","80.9634146341464","80.9975609756098","81.5024390243902","81.1585365853659","81.4536585365854","81.609756097561","81.7512195121951","81.8975609756097","82.3585365853659","82.9170731707317","82.0609756097561","82.8609756097561","82.4682926829268","82.2048780487805","82.6609756097561","82.8609756097561","83.1634146341463","83.0634146341463","83.1658536585366","82.119512195122","82.6073170731707",".."
Iceland,"ISL","Population, total","SP.POP.TOTL","175574","179029","182378","185653","188983","192286","195570","198751","201488","203369","204438","206098","209137","212317","215209","217979","220154","221799","223537","225735","228138","230755","233860","236977","239511","241405","243180","245859","249740","252852","254826","257797","261057","263725","266021","267468","268916","271128","274047","277381","281205","284968","287523","289521","292074","296734","303782","311566","317414","318499","318041","319014","320716","323764","327386","330815","335439","343400","352721","360563","366463","372520","382003","393349","404610"
India,"IND","Fertility rate, total (births per woman)","SP.DYN.TFRT.IN","5.921","5.937","5.953","5.969","5.979","5.941","5.881","5.825","5.76","5.684","5.624","5.565","5.482","5.402","5.325","5.195","5.13","5.007","4.888","4.808","4.775","4.698","4.62","4.565","4.516","4.432","4.399","4.311","4.222","4.132","4.045","3.959","3.877","3.799","3.723","3.651","3.582","3.514","3.446","3.383","3.35","3.303","3.217","3.122","3.046","2.958","2.867","2.775","2.711","2.674","2.598","2.532","2.47","2.399","2.293","2.289","2.284","2.193","2.184","2.12","2.047","2.014","1.994","1.975",".."
India,"IND","Life expectancy at birth, total (years)","SP.DYN.LE00.IN","45.61","45.824","46.133","46.458","46.742","45.558","45.884","46.184","47.925","48.26","48.585","48.902","49.213","49.642","50.259","50.761","51.302","51.822","52.42","53.014","53.593","54.173","54.735","55.283","55.813","56.324","56.819","57.291","57.744","58.196","58.618","59.032","59.445","59.823","60.237","60.63","61.027","61.439","61.852","62.284","62.749","63.158","63.649","64.086","64.484","64.939","65.373","65.803","66.247","66.7","67.162","67.623","68.076","68.499","68.932","69.326","69.709","70.068","70.415","70.746","70.156","67.282","71.698","72.003",".."
India,"IND","Population, total","SP.POP.TOTL","435990338","446564729","457283090","468138575","479229598","490140146","500740247","511606372","522716889","533880544","545864268","558096387","570482142","583465598","597041391","611309535","625861883","640801103","655728229","671155747","687354025","703696250","720313473","737372681","754875449","772647793","790689978","808931270","827342990","846039529","864972221","883927600","902957070","922118387","941163767","960301044","979678458","999133762","1018665080","1038225823","1057922733","1077898575","1097600380","1116803006","1135991513","1154676322","1172878890","1190676021","1207930964","1225524753","1243481564","1261224954","1278674502","1295829511","1312277191","1328024498","1343944296","1359657400","1374659064","1389030312","1402617695","1414203896","1425423212","1438069596","1450935791"
Indonesia,"IDN","Fertility rate, total (births per woman)","SP.DYN.TFRT.IN","5.505","5.522","5.534","5.551","5.568","5.593","5.593","5.583","5.568","5.553","5.488","5.397","5.315","5.246","5.089","5.032","4.921","4.807","4.732","4.625","4.495","4.356","4.247","4.109","3.956","3.725","3.53","3.42","3.353","3.247","3.114","3.058","2.95","2.9","2.851","2.809","2.782","2.742","2.66","2.568","2.503","2.466","2.436","2.41","2.415","2.452","2.457","2.476","2.44","2.442","2.462","2.515","2.514","2.441","2.393","2.346","2.311","2.253","2.219","2.205","2.189","2.166","2.149","2.127",".."
Indonesia,"IDN","Life expectancy at birth, total (years)","SP.DYN.LE00.IN","46.835","47.385","48.141","48.742","49.44","42.762","48.406","51.309","51.888","52.588","53.254","53.823","54.364","54.916","55.443","55.998","56.445","57.09","57.607","58.18","58.701","59.096","59.7","60.343","60.891","61.387","61.736","62.087","62.386","62.883","63.249","63.703","64.182","64.851","65.041","65.263","65.465","65.774","65.942","66.001","66.292","66.583","66.954","67.134","65.521","67.531","67.664","67.914","68.085","68.267","68.364","68.629","68.862","69.064","69.292","69.52","69.733","69.953","70.08","70.349","68.817","67.452","70.925","71.146",".."
Indonesia,"IDN","Population, total","SP.POP.TOTL","88296070","90791249","93375850","96051424","98833749","101365130","103792754","106526393","109450006","112517639","115657495","118833702","122039841","125288515","128555045","131843848","135173655","138533541","141953163","145434834","148950540","152485035","156052152","159651381","163251124","166776185","170175065","173511154","176855065","180201630","183501098","186778238","190043744","193305168","196591828","199888057","203204348","206536095","209826788","213004668","216077790","219097902","222088495","225048008","227926649","230871650","233951652","237062337","240157903","243220028","246305322","249470032","252698525","255852467","258877399","261799249","264627418","267346658","269951846","272489381","274814866","276758053","278830529","281190067","283487931"
"Iran, Islamic Rep.","IRN","Fertility rate, total (births per woman)","SP.DYN.TFRT.IN","7.519","7.459","7.401","7.317","7.237","7.222","7.214","7.19","7.119","7.007","6.798","6.549","6.257","6.061","5.968","5.947","6.066","6.179","6.344","6.549","6.63","6.618","6.586","6.528","6.433","6.242","6.011","5.719","5.434","5.172","4.934","4.568","4.099","3.674","3.244","2.852","2.542","2.323","2.19","2.089","1.999","1.918","1.836","1.801","1.78","1.756","1.755","1.748","1.743","1.74","1.749","1.792","1.851","1.913","1.975","2.017","2.054","2.023","1.919","1.766","1.7","1.709","1.704","1.695",".."
"Iran, Islamic Rep.","IRN","Life expectancy at birth, total (years)","SP.DYN.LE00.IN","43.297","43.9","43.769","45.105","45.735","46.372","47.072","47.803","47.946","49.382","50.222","51.12","51.729","52.944","53.862","54.819","55.771","56.66","56.042","58.453","58.369","56.625","57.633","58.518","60.875","61.537","62.136","62.685","63.255","65.314","64.066","66.233","66.653","67.037","67.49","67.904","68.328","68.649","69.214","69.686","70.166","70.619","71.112","70.464","72.04","72.446","72.895","73.299","73.683","74.041","74.39","74.721","75.039","75.349","75.635","75.907","76.155","76.396","76.621","76.855","74.141","73.752","76.799","77.654",".."
"Iran, Islamic Rep.","IRN","Population, total","SP.POP.TOTL","21470434","22125726","22807907","23519005","24262859","25036978","25829270","26628432","27437391","28273482","29145100","30029071","30921179","31839838","32796463","33802973","34837271","35933181","37126535","38424952","39842324","41989312","44272141","46029535","47793998","49582289","51446045","53323493","55072694","56704914","58380092","59986931","61184983","61403543","61520598","62205567","62881300","63639638","64519859","65445391","66418659","67452005","68011317","68769340","70256316","71828455","73392747","74602648","75514204","76457825","77420842","78383598","79370580","80414686","81502045","82619362","83812228","85026754","86117998","87051648","87723443","88455488","89524246","90608707","91567738"
Iraq,"IRQ","Fertility rate, total (births per woman)","SP.DYN.TFRT.IN","5.3","5.8","6.991","7.005","7.01","7.02","7.022","7.029","7.056","7.083","7.071","7.055","7.024","6.986","6.952","6.913","6.856","6.795","6.726","6.662","6.593","6.526","6.46","6.387","6.321","6.246","6.182","6.114","6.052","5.988","5.929","5.833","5.718","5.609","5.488","5.36","5.249","5.194","5.112","5.035","4.92","4.799","4.668","4.581","4.527","4.446","4.459","4.404","4.373","4.378","4.457","4.588","4.544","4.441","4.31","4.08","3.843","3.64","3.547","3.48","3.419","3.358","3.294","3.249",".."
Iraq,"IRQ","Life expectancy at birth, total (years)","SP.DYN.LE00.IN","51.462","52.339","53.482","54.36","55.245","56.387","57.321","58.422","58.969","59.64","60.532","61.333","61.816","62.344","60.995","61.434","63.569","63.896","64.175","64.417","60.916","58.652","58.977","59.287","59.544","59.8","60.031","60.259","56.692","57.501","57.587","61.338","65.344","65.31","65.027","64.761","64.618","64.241","64.405","64.532","64.86","65.292","65.724","64.834","64.634","64.899","64.029","64.428","66.465","67.834","68.092","68.435","68.827","69.047","69.679","69.977","68.683","69.788","71.116","71.245","69.651","70.704","72.037","72.324",".."
Iraq,"IRQ","Population, total","SP.POP.TOTL","7022052","7194553","7413875","7667928","7929566","8202140","8485104","8778869","9085016","9403356","9735611","10077809","10430164","10795869","11167761","11543639","11927651","12331046","12753355","13170365","13591992","14006381","14406083","14840555","15310733","15683430","16074145","16521049","16908819","17364542","17581206","17767253","18300845","19201195","20139807","20825860","21501321","22176593","22884399","23636527","24424056","25197840","26006559","26802659","27577878","28407448","28616515","28391607","28971036","30058206","31045366","32161424","33654842","35281989","36550059","37560535","38469627","39337353","40265624","41192171","42116605","43071211","44070551","45074049","46042015"
Ireland,"IRL","Fertility rate, total (births per woman)","SP.DYN.TFRT.IN","3.78","3.78","3.92","4.01","4.07","4.04","3.94","3.84","3.77","3.83","3.85","3.93","3.84","3.71","3.59","3.37","3.29","3.24","3.21","3.21","3.21","3.05","2.94","2.74","2.58","2.48","2.44","2.32","2.17","2.08","2.11","2.08","1.99","1.9","1.85","1.84","1.88","1.93","1.94","1.9","1.89","1.94","1.97","1.96","1.93","1.86","1.91","2.01","2.06","2.06","2.05","2.03","1.98","1.93","1.89","1.85","1.81","1.77","1.75","1.71","1.63","1.78","1.54","1.5",".."
Ireland,"IRL","Life expectancy at birth, total (years)","SP.DYN.LE00.IN","70.1942682926829","69.6782926829268","69.9910487804878","70.2300975609756","70.4899268292683","70.695","70.2169512195122","71.2453658536585","70.941","70.8528292682927","70.9015609756098","71.6758536585366","71.021756097561","71.2399756097561","71.1755609756098","71.7530487804878","71.8566097560976","71.9973902439024","71.9963170731707","72.2680243902439","72.5954146341464","72.9517804878049","73.2090487804878","73.2400975609756","73.6637317073171","73.6219024390244","73.6655365853659","74.4319024390244","74.4394146341463","74.4552195121951","74.8460731707317","75.025","75.4150975609756","75.2921951219512","75.7866341463415","75.4693170731707","75.8317073170732","75.9853658536585","76.1804878048781","76.0829268292683","76.5365853658537","77.1341463414634","77.6341463414634","78.1390243902439","78.5390243902439","78.9439024390244","79.2414634146342","79.6414634146341","80.0951219512195","80.190243902439","80.7439024390244","80.7463414634146","80.8463414634146","80.9487804878049","81.3487804878049","81.4536585365854","81.6536585365854","82.1560975609756","82.2048780487805","82.7024390243903","82.4560975609756","82.2536585365854","82.509756097561","82.8609756097561",".."
Ireland,"IRL","Population, total","SP.POP.TOTL","2828600","2824400","2836050","2852650","2866550","2877300","2888800","2902450","2915550","2932650","2957250","2992050","3036850","3085950","3137500","3189550","3238050","3282200","3329100","3373750","3412800","3453000","3485800","3510600","3532423","3538082","3539690","3540057","3524949","3511009","3513974","3534235","3558430","3576261","3590386","3608841","3637510","3674171","3712696","3754786","3805174","3866243","3931947","3996521","4070262","4159914","4273591","4398942","4489544","4535375","4560155","4580084","4599533","4623816","4657740","4701957","4762722","4827445","4898022","4976456","5039747","5110585","5212836","5307600","5380257"
Isle of Man,"IMN","Fertility rate, total (births per woman)","SP.DYN.TFRT.IN","2.682","2.688","2.634","2.624","2.627","2.539","2.462","2.447","2.447","2.512","2.566","2.512","2.454","2.364","2.263","2.16","2.083","2.023","1.988","1.96","1.954","1.941","1.915","1.888","1.865","1.88","1.892","1.909","1.921","1.926","1.959","1.978","1.974","1.946","1.915","1.923","1.931","1.926","1.901","1.858","1.866","1.87","1.863","1.84","1.826","1.863","1.905","1.927","1.941","1.937","1.928","1.903","1.864","1.824","1.79","1.748","1.713","1.674","1.636","1.606","1.585","1.569","1.556","1.548",".."
Isle of Man,"IMN","Life expectancy at birth, total (years)","SP.DYN.LE00.IN","64.557","64.425","64.397","64.458","64.666","64.922","65.18","65.409","65.542","65.626","65.724","65.841","65.991","66.238","66.478","66.76","67.051","67.357","67.689","68.071","68.446","68.811","69.142","69.457","69.754","70.02","70.34","70.685","71.057","71.406","71.8","72.183","72.544","72.822","73.14","73.371","73.634","73.9","74.204","74.469","74.842","75.289","75.785","76.319","76.876","77.453","77.971","78.451","78.899","79.303","79.613","79.836","80.007","80.12","80.199","80.267","80.391","80.506","80.614","80.74","80.591","80.42","80.956","80.999",".."
Isle of Man,"IMN","Population, total","SP.POP.TOTL","48868","48451","48688","49151","49625","50090","50749","51741","52891","54074","55300","56427","57367","58256","59139","59959","60750","61566","62398","63239","64076","64596","64686","64630","64528","64401","64695","65597","66680","67790","68916","69808","70353","70772","71168","71513","72047","72909","73861","74790","75659","76476","77275","78049","78792","79516","80294","81147","82029","82939","83873","84382","84335","84141","83892","83593","83466","83609","83805","83957","84064","84106","84132","84165","84160"
Israel,"ISR","Fertility rate, total (births per woman)","SP.DYN.TFRT.IN","3.866","3.858","3.85","3.838","3.826","3.814","3.802","3.79","3.786","3.782","3.778","3.774","3.77","3.698","3.626","3.554","3.482","3.41","3.354","3.298","3.242","3.186","3.13","3.106","3.082","3.058","3.034","3.01","2.948","2.886","2.824","2.762","2.7","2.8","2.9","2.9","2.9","2.94","2.98","2.965","2.95","2.92","2.89","2.95","2.9","2.84","2.88","2.9","2.96","2.96","3.03","2.98","3.05","3.03","3.08","3.09","3.11","3.11","3.09","3.01","2.9","3","2.89","2.85",".."
Israel,"ISR","Life expectancy at birth, total (years)","SP.DYN.LE00.IN","..","72.0065853658537","72.1121951219512","..","..","..","72.2856097560976","71.509756097561","71.0565853658537","70.9704878048781","71.2134146341463","71.7190243902439","71.0780487804878","71.6934146341464","71.6617073170732","72.0451219512195","72.9560975609756","72.9585365853659","73.2073170731707","73.5073170731707","73.8756097560976","74.2609756097561","74.109756097561","74.4585365853658","74.8073170731707","75.2073170731707","74.9560975609756","75.2585365853659","74.4365853658537","76.3073170731707","76.6073170731707","76.7585365853659","76.5048780487805","77.1536585365854","77.4024390243903","77.4512195121951","78.1048780487805","78","78.1487804878049","78.6585365853659","78.9536585365854","79.4073170731707","79.4512195121951","79.6487804878049","80.1463414634146","80.1512195121951","80.5536585365854","80.5048780487805","80.9512195121951","81.4048780487805","81.6024390243903","81.6560975609756","81.7048780487805","82.0560975609756","82.1536585365854","82.0512195121951","82.4073170731707","82.5512195121951","82.8024390243903","82.8048780487805","82.6487804878049","82.5","82.7","83.1951219512195",".."
Israel,"ISR","Population, total","SP.POP.TOTL","2114020","2185000","2293000","2379000","2475000","2563000","2629000","2745000","2803000","2877000","2974000","3069000","3148000","3278000","3377000","3455000","3533000","3613000","3690000","3786000","3878000","3956000","4031000","4105000","4159000","4233000","4299000","4369000","4442000","4518000","4660000","4949000","5123000","5261000","5399000","5545000","5692000","5836000","5971000","6125000","6289000","6439000","6570000","6689700","6809000","6930100","7053700","7180100","7308800","7485600","7623600","7765800","7910500","8059500","8215700","8380100","8546000","8713300","8882800","9054000","9215100","9371400","9557500","9849000","9974400"
Italy,"ITA","Fertility rate, total (births per woman)","SP.DYN.TFRT.IN","2.4","2.44","2.46","2.51","2.66","2.6","2.58","2.5","2.46","2.47","2.38","2.4","2.35","2.3","2.28","2.17","2.04","1.93","1.84","1.73","1.64","1.58","1.56","1.51","1.46","1.42","1.35","1.33","1.36","1.33","1.33","1.3","1.3","1.25","1.21","1.19","1.2","1.22","1.22","1.23","1.26","1.25","1.27","1.29","1.34","1.33","1.37","1.39","1.44","1.44","1.44","1.42","1.42","1.39","1.38","1.36","1.36","1.34","1.31","1.27","1.24","1.25","1.24","1.2",".."
Italy,"ITA","Life expectancy at birth, total (years)","SP.DYN.LE00.IN","69.1239024390244","69.760243902439","69.149756097561","69.2480487804878","70.3117073170732","70.1717073170732","70.9260975609756","70.9565853658537","70.78","70.8119512195122","71.5587804878049","71.8068292682927","72.0753658536586","72.0263414634146","72.7343902439025","72.6473170731708","72.9919512195122","73.3646341463415","73.6931707317073","74.0026829268293","73.9431707317073","74.3539024390244","74.8146341463415","74.640243902439","75.389512195122","75.4707317073171","75.7707317073171","76.219512195122","76.3707317073171","76.819512195122","76.9707317073171","77.0195121951219","77.419512195122","77.7219512195122","77.9219512195122","78.1707317073171","78.5219512195122","78.8243902439024","78.9756097560976","79.4243902439024","79.7780487804878","80.1268292682927","80.2292682926829","79.9829268292683","80.7804878048781","80.7829268292683","81.2829268292683","81.4341463414634","81.4853658536585","81.6365853658537","82.0365853658537","82.1878048780488","82.2390243902439","82.690243902439","83.090243902439","82.5439024390244","83.2439024390244","82.9463414634147","83.3463414634146","83.4975609756098","82.1951219512195","82.6463414634146","82.7","83.7",".."
Italy,"ITA","Population, total","SP.POP.TOTL","50199700","50536350","50879450","51252000","51675350","52112350","52519000","52900500","53235750","53537950","53821850","54073490","54381345","54751406","55110868","55441001","55718260","55955411","56155143","56317749","56433883","56501675","56543548","56564074","56576718","56593071","56596155","56601931","56629288","56671781","56719240","56758521","56797087","56831821","56843400","56844303","56860281","56890372","56906744","56916317","56942108","56976981","57089824","57399184","57828179","58166682","58399861","58756247","59211181","59555454","59819407","60026841","60191247","60311613","60320707","60229605","60115223","60002252","60148658","59729081","59438851","59133173","59013667","58993475","58986023"
Jamaica,"JAM","Fertility rate, total (births per woman)","SP.DYN.TFRT.IN","5.538","5.597","5.635","5.731","5.79","5.719","5.692","5.668","5.576","5.468","5.349","5.212","5.06","4.995","4.665","4.436","4.213","4.004","3.838","3.719","3.588","3.51","3.458","3.411","3.324","3.212","3.106","3.024","2.982","2.93","2.955","2.997","3.026","2.987","2.93","2.851","2.77","2.677","2.574","2.465","2.345","2.296","2.271","2.244","2.198","2.148","2.089","2.023","1.953","1.879","1.799","1.717","1.648","1.591","1.544","1.508","1.464","1.428","1.4","1.39","1.383","1.378","1.372","1.358",".."
Jamaica,"JAM","Life expectancy at birth, total (years)","SP.DYN.LE00.IN","63.828","64.257","64.619","64.999","65.347","65.663","65.928","66.086","66.319","66.516","66.731","66.997","67.304","67.607","67.913","68.168","68.412","68.586","68.739","68.813","68.992","69.12","69.253","69.546","69.809","70.101","70.446","70.87","71.161","71.512","71.705","71.787","71.816","71.758","71.624","71.488","71.328","71.216","71.17","71.189","71.281","71.287","71.478","71.585","71.542","71.493","71.395","71.405","71.502","71.717","71.979","72.245","72.405","72.435","72.357","72.214","72.052","71.879","71.606","71.532","71.452","69.085","71.481","71.479",".."
Jamaica,"JAM","Population, total","SP.POP.TOTL","1650005","1673261","1696932","1721099","1745568","1769192","1791475","1812865","1833765","1855127","1878196","1903728","1931542","1961219","1990906","2018981","2045578","2070657","2094836","2119486","2145658","2173818","2203889","2234832","2264562","2290656","2312125","2329813","2345777","2361916","2379877","2400869","2424701","2449916","2475220","2500151","2524463","2547848","2569736","2589795","2607826","2624403","2640572","2656623","2672225","2687066","2700968","2713800","2725635","2736995","2748568","2760494","2772430","2783687","2793749","2802534","2809915","2815764","2820097","2823271","2830739","2837682","2839144","2839786","2839175"
Japan,"JPN","Fertility rate, total (births per woman)","SP.DYN.TFRT.IN","2","1.96","1.98","2","2.05","2.14","1.58","2.23","2.13","2.13","2.13","2.16","2.14","2.14","2.05","1.91","1.85","1.8","1.79","1.77","1.75","1.74","1.77","1.8","1.81","1.76","1.72","1.69","1.66","1.57","1.54","1.53","1.5","1.46","1.5","1.42","1.43","1.39","1.38","1.34","1.36","1.33","1.32","1.29","1.29","1.26","1.32","1.34","1.37","1.37","1.39","1.39","1.41","1.43","1.42","1.45","1.44","1.43","1.42","1.36","1.33","1.3","1.26","1.2",".."
Japan,"JPN","Life expectancy at birth, total (years)","SP.DYN.LE00.IN","67.6956097560976","68.3519512195122","68.6348780487805","69.7124390243902","70.2065853658537","70.2668292682927","70.9158536585366","71.4660975609756","71.6109756097561","71.8580487804878","71.919756097561","72.8090243902439","73.1536585365854","73.2951219512195","73.6721951219512","74.2470731707317","74.6865853658537","75.2558536585366","75.5846341463415","76.1087804878049","75.9890243902439","76.3948780487805","76.8736585365854","76.9219512195122","77.2912195121951","77.5604878048781","78.0104878048781","78.429512195122","78.349756097561","78.7685365853659","78.8370731707317","79.0368292682927","79.080243902439","79.3036585365854","79.6968292682927","79.5360975609756","80.219756097561","80.4241463414634","80.5014634146342","80.4609756097561","81.0760975609756","81.4163414634146","81.6907317073171","81.76","82.030243902439","81.9551219512195","82.3219512195122","82.5070731707317","82.5875609756098","82.9314634146342","82.8426829268293","82.5912195121951","83.0960975609756","83.3319512195122","83.5878048780488","83.7939024390244","83.9848780487805","84.099756097561","84.2109756097561","84.3563414634146","84.56","84.4456097560976","83.9963414634146","84.0412195121951",".."
Japan,"JPN","Population, total","SP.POP.TOTL","93216000","94055000","94933000","95900000","96903000","97952000","98851000","99879000","101011000","102219000","103403000","105697000","107188000","108707000","110162000","111573000","112775000","113872000","114913000","115890000","116807000","117661000","118480000","119307000","120083000","120837000","121482000","122069000","122578000","123069000","123478000","123964000","124425000","124829000","125178000","125472000","125757000","126057000","126400000","126631000","126843000","127149000","127445000","127718000","127761000","127773000","127854000","128001000","128063000","128047000","128070000","127833000","127629000","127445000","127276000","127141000","127076000","126972000","126811000","126633000","126261000","125681593","125124989","124516650","123975371"
Jordan,"JOR","Fertility rate, total (births per woman)","SP.DYN.TFRT.IN","7.599","7.699","7.785","7.854","7.913","7.932","7.992","8.059","8.135","8.192","8.181","8.15","8.117","8.062","7.997","7.925","7.832","7.723","7.594","7.448","7.287","7.121","6.959","6.812","6.671","6.534","6.387","6.196","6.011","5.798","5.544","5.33","5.137","4.972","4.819","4.676","4.508","4.318","4.112","3.971","3.864","3.803","3.805","3.816","3.729","3.653","3.711","3.797","3.876","3.841","3.78","3.69","3.568","3.449","3.302","3.141","3.072","2.994","2.923","2.855","2.791","2.735","2.679","2.639",".."
Jordan,"JOR","Life expectancy at birth, total (years)","SP.DYN.LE00.IN","52.678","53.68","54.633","55.489","56.456","57.317","57.762","58.97","59.767","60.504","59.833","61.772","62.477","63.065","63.611","64.148","64.654","65.127","65.602","66.049","66.493","66.92","67.36","67.778","68.206","68.587","68.962","69.297","69.605","69.865","70.094","70.24","70.4","70.568","70.738","70.915","71.105","71.324","71.521","71.737","71.926","72.141","72.359","72.585","72.788","72.977","73.225","73.407","73.563","73.707","73.797","73.929","74.087","74.282","74.606","75.06","75.55","76.071","76.491","76.865","75.583","74.204","77.088","77.814",".."
Jordan,"JOR","Population, total","SP.POP.TOTL","853471","897591","940554","984714","1035640","1099440","1178360","1271183","1372460","1473100","1565163","1645145","1714555","1778094","1839182","1899055","1958177","2019002","2083595","2153882","2234186","2325517","2426927","2537307","2654688","2778810","2909887","3047634","3193039","3349627","3621908","3915149","4127693","4348020","4561406","4752096","4912516","5046285","5164284","5276444","5386945","5498894","5616066","5741828","5882061","6029587","6427371","6827227","6989866","7141753","7297043","7480424","7587127","7991809","8791710","9544729","10006367","10234226","10462306","10671891","10865228","11066356","11256263","11439213","11552876"
Kazakhstan,"KAZ","Fertility rate, total (births per woman)","SP.DYN.TFRT.IN","4.495","4.424","4.357","4.264","4.071","3.881","3.819","3.769","3.629","3.509","3.505","3.534","3.553","3.508","3.453","3.398","3.332","3.257","3.156","3.137","3.092","3.052","3.02","3.068","3.146","3.208","3.189","3.122","3.001","2.866","2.745","2.677","2.584","2.483","2.378","2.253","2.084","1.97","1.938","1.902","1.898","1.906","1.956","2.075","2.201","2.274","2.38","2.49","2.616","2.58","2.61","2.605","2.64","2.67","2.76","2.755","2.795","2.745","2.845","2.89","3.13","3.32","3.05","3.012",".."
Kazakhstan,"KAZ","Life expectancy at birth, total (years)","SP.DYN.LE00.IN","57.946","58.169","58.392","58.612","58.83","59.042","59.247","59.446","59.643","59.843","60.049","60.262","60.48","60.697","60.908","61.11","61.301","61.517","61.765","62.072","62.516","62.996","63.586","64.224","64.839","65.376","65.788","65.996","66.032","65.915","65.701","65.379","64.978","64.538","64.108","63.717","63.455","63.318","63.349","63.528","63.793","64.108","64.441","64.753","65.04","65.356","65.722","66.18","66.759","67.46","68.257","69.108","69.939","70.719","71.415","72.024","72.549","72.996","73.369","73.658","71.195","70.131","73.503","74.402",".."
Kazakhstan,"KAZ","Population, total","SP.POP.TOTL","9429981","9742085","10058928","10377466","10690309","10993183","11288989","11584428","11879182","12156212","12419057","12684813","12951798","13208121","13454570","13700843","13998738","14353265","14711497","14978696","15152949","15323082","15492595","15665551","15844621","16031090","16262702","16527715","16781168","16997013","17154054","17278600","17332625","17274487","17043771","16730536","16416027","16043251","15647785","15455874","15501103","15575550","15656677","15747380","15850159","15968117","16103716","16257214","16426525","16619846","16836810","17066002","17306106","17556502","17816285","18084169","18363600","18651931","18932727","19209555","19482117","19743603","20034609","20330104","20592571"
Kenya,"KEN","Fertility rate, total (births per woman)","SP.DYN.TFRT.IN","7.651","7.715","7.769","7.817","7.869","7.923","7.955","7.953","7.948","7.947","7.943","7.922","7.894","7.86","7.822","7.795","7.767","7.729","7.666","7.598","7.531","7.454","7.345","7.218","7.083","6.96","6.84","6.686","6.515","6.332","6.135","5.94","5.74","5.569","5.438","5.372","5.307","5.268","5.244","5.177","5.136","5.094","5.027","4.937","4.861","4.801","4.754","4.718","4.66","4.567","4.446","4.284","4.116","3.955","3.843","3.766","3.689","3.609","3.536","3.433","3.364","3.312","3.262","3.208",".."
Kenya,"KEN","Life expectancy at birth, total (years)","SP.DYN.LE00.IN","48.477","49.33","50.104","50.758","51.323","51.886","52.383","52.796","53.302","53.734","54.143","54.543","55.013","55.5","56.039","56.62","57.153","57.684","58.234","58.691","59.175","59.562","59.904","60.342","60.611","60.856","60.818","60.721","60.32","59.99","58.334","57.826","57.095","56.668","56.101","55.856","55.575","55.478","55.568","55.866","56.084","56.501","56.759","57.369","57.947","58.51","59.059","59.407","59.955","60.483","60.915","61.283","61.537","61.729","61.99","62.279","62.526","62.725","62.825","62.939","61.596","61.225","63.549","63.646",".."
Kenya,"KEN","Population, total","SP.POP.TOTL","7695307","7987770","8299308","8627971","8973535","9338078","9717816","10111057","10518823","10939695","11368791","11788904","12206060","12634835","13070078","13511671","13957623","14428819","14934126","15460666","16018459","16601507","17206175","17846374","18514906","19201768","19901646","20616096","21356219","22118434","22892651","23646514","24382460","25117188","25857130","26601751","27344211","28101768","28888057","29733408","30642890","31619170","32629808","33652223","34713455","35796484","36904008","38036349","39206351","40408891","41598567","42758461","43888303","44986791","46051440","47088526","48139687","49197766","50207107","51202827","52217334","53219166","54252461","55339003","56432944"
Kiribati,"KIR","Fertility rate, total (births per woman)","SP.DYN.TFRT.IN","6.441","6.477","6.415","6.35","6.289","6.262","6.225","6.112","5.984","5.848","5.706","5.554","5.374","5.199","5.094","5.019","4.964","4.957","4.969","4.965","4.964","4.961","4.952","4.914","4.91","4.911","4.871","4.806","4.733","4.693","4.668","4.642","4.568","4.487","4.442","4.419","4.425","4.368","4.29","4.185","4.071","3.957","3.814","3.702","3.734","3.76","3.815","3.865","3.899","3.905","3.898","3.878","3.768","3.643","3.521","3.438","3.375","3.339","3.318","3.29","3.254","3.219","3.182","3.147",".."
Kiribati,"KIR","Life expectancy at birth, total (years)","SP.DYN.LE00.IN","47.958","48.468","49.042","49.688","50.356","51.028","51.736","52.454","53.129","53.763","54.38","54.934","55.313","55.79","56.102","56.358","56.562","56.057","56.924","57.106","57.303","57.525","57.773","58.05","58.357","58.719","59.118","59.576","60.055","60.539","61.018","61.502","61.968","62.406","62.797","63.146","63.47","63.797","64.1","64.393","64.674","64.918","65.123","65.287","65.416","65.517","65.601","65.677","65.746","65.808","65.859","65.896","65.908","65.898","65.869","65.831","65.799","65.787","65.807","65.866","65.205","64.148","66.269","66.473",".."
Kiribati,"KIR","Population, total","SP.POP.TOTL","47157","48323","49538","50791","52088","53439","54425","54996","55529","56360","57510","58652","59778","60824","61219","60987","60661","60267","59864","60172","61148","62121","63134","64169","65228","66496","68059","69733","71427","73147","74855","76367","77641","78841","80021","81234","82623","84147","85657","87126","88613","90335","92264","94175","96085","98035","100017","102068","104222","106467","108704","110647","112284","113838","115326","116815","118478","120275","122084","123921","126099","128377","130469","132530","134518"
"Korea, Dem. People's Rep.","PRK","Fertility rate, total (births per woman)","SP.DYN.TFRT.IN","3.568","3.261","3.412","3.626","3.547","3.556","3.709","4.05","3.872","3.86","3.848","3.739","3.889","3.353","3.142","3.047","2.836","2.771","2.793","2.849","2.841","2.921","2.854","2.777","2.708","2.646","2.594","2.529","2.468","2.412","2.388","2.351","2.287","2.218","2.183","2.146","2.093","2.027","1.991","1.966","1.941","1.94","1.919","1.909","1.899","1.872","1.936","1.943","1.97","1.905","1.89","1.883","1.882","1.877","1.874","1.863","1.856","1.848","1.834","1.825","1.821","1.806","1.797","1.78",".."
"Korea, Dem. People's Rep.","PRK","Life expectancy at birth, total (years)","SP.DYN.LE00.IN","55.814","56.408","56.998","57.578","58.17","58.785","59.423","60.087","60.757","61.411","62.049","62.663","63.254","63.816","64.335","64.831","65.325","65.811","66.292","66.748","67.208","67.657","68.09","68.503","68.881","69.231","69.541","69.767","70.052","70.269","70.484","70.717","71.009","70.794","70.472","60.766","60.82","60.869","60.887","60.91","60.911","60.893","60.877","69.399","69.294","69.168","69.061","69.021","69.303","69.702","70.246","70.772","71.317","71.867","72.451","72.825","72.971","73.034","73.02","72.928","72.783","73.437","73.641","73.642",".."
"Korea, Dem. People's Rep.","PRK","Population, total","SP.POP.TOTL","11722953","11990713","12262882","12567057","12889770","13219369","13569094","13958350","14365596","14767615","15172775","15572457","15975069","16350367","16673121","16971055","17243450","17492798","17735995","17983470","18236786","18501295","18776357","19054034","19335043","19620388","19910855","20205483","20503161","20804367","21112137","21428638","21750911","22073352","22393975","22669304","22895746","23110830","23311564","23497599","23665910","23815358","23943973","24090380","24254943","24396433","24524507","24646383","24764618","24878332","24987258","25097874","25211728","25329451","25451262","25575350","25698326","25817709","25931147","26037632","26136312","26232534","26328845","26418204","26498823"
"Korea, Rep.","KOR","Fertility rate, total (births per woman)","SP.DYN.TFRT.IN","5.994","5.803","5.562","5.334","5.068","4.887","4.782","4.615","4.51","4.447","4.53","4.54","4.12","4.07","3.77","3.43","3","2.99","2.64","2.9","2.82","2.57","2.39","2.06","1.74","1.66","1.58","1.53","1.55","1.56","1.57","1.71","1.76","1.654","1.656","1.634","1.574","1.537","1.464","1.425","1.48","1.309","1.178","1.191","1.164","1.085","1.132","1.259","1.192","1.149","1.226","1.244","1.297","1.187","1.205","1.239","1.172","1.052","0.977","0.918","0.837","0.808","0.778","0.721",".."
"Korea, Rep.","KOR","Life expectancy at birth, total (years)","SP.DYN.LE00.IN","53.7975609756098","54.4768536585366","55.0549512195122","55.0254634146342","55.392243902439","55.8645853658537","55.5229756097561","60.9287317073171","60.9432682926829","61.4829024390244","62.1634146341463","62.6121951219512","63.009756097561","63.4073170731707","63.8048780487805","64.1536585365854","64.5024390243902","64.9","65.1975609756098","65.5463414634146","66.0463414634146","66.5463414634146","67.0951219512195","67.5463414634146","68.1951219512195","68.7951219512195","69.4463414634146","69.9975609756098","70.5487804878049","71.0487804878049","71.5975609756098","72.0463414634146","72.4975609756098","72.9975609756098","73.3975609756098","73.7","74.1512195121951","74.6024390243903","75.0048780487805","75.409756097561","75.909756097561","76.4121951219512","76.7658536585366","77.2146341463415","77.6658536585366","78.1682926829268","78.6682926829268","79.119512195122","79.5170731707317","79.9682926829268","80.1170731707317","80.5682926829269","80.819512195122","81.2707317073171","81.7219512195122","82.0243902439024","82.2756097560976","82.6268292682927","82.6268292682927","83.2268292682927","83.4268292682927","83.5268292682927","82.6804878048781","83.4292682926829",".."
"Korea, Rep.","KOR","Population, total","SP.POP.TOTL","25012374","25765673","26513030","27261747","27984155","28704674","29435571","30130983","30838302","31544266","32240827","32882704","33505406","34103149","34692266","35280725","35848523","36411795","36969185","37534236","38123775","38723248","39326352","39910403","40405956","40805744","41213674","41621690","42031247","42449038","42869283","43295704","43747962","44194628","44641540","45092991","45524681","45953580","46286503","46616677","47008111","47370164","47644736","47892330","48082519","48184561","48438292","48683638","49054708","49307835","49554112","49936638","50199853","50428893","50746659","51014947","51217803","51361911","51585058","51764822","51836239","51769539","51672569","51712619","51751065"
Kosovo,"XKX","Fertility rate, total (births per woman)","SP.DYN.TFRT.IN","6.359","6.314","6.244","6.176","6.112","6.035","5.947","5.877","5.812","5.731","5.624","5.556","5.488","5.418","5.373","5.283","5.185","5.012","4.831","4.697","4.658","4.501","4.493","4.462","4.406","4.197","4.115","4.098","3.967","3.672","3.666","3.373","2.765","2.65","2.524","2.524","2.536","2.312","2.35","2.634","2.698","2.765","2.791","2.67","2.65","2.623","2.494","2.393","2.359","2.317","2.223","2.038","1.969","1.953","1.87","1.763","1.641","1.618","1.581","1.575","1.567","1.561","1.555","1.545",".."
Kosovo,"XKX","Life expectancy at birth, total (years)","SP.DYN.LE00.IN","48.702","49.883","48.378","50.098","51.119","52.003","52.472","53.051","53.606","53.392","54.002","55.128","55.122","55.914","56.376","57.311","57.54","58.403","58.828","59.095","60.297","60.372","60.074","61.002","61.459","61.216","62.537","63.568","64.214","65.234","66.508","66.456","67.381","67.945","68.595","68.782","69.359","69.862","68.58","58.265","71.321","71.782","72.227","72.678","73.132","73.437","73.63","74.422","74.711","74.79","74.609","75.323","75.75","76.336","76.179","76.024","76.748","77.105","77.117","77.249","74.212","74.981","77.623","78.033",".."
Kosovo,"XKX","Population, total","SP.POP.TOTL","984846","1011421","1036950","1062737","1090270","1120168","1152586","1187667","1214208","1231460","1249555","1273021","1301579","1331176","1363123","1397686","1434880","1474457","1516249","1559787","1604818","1646565","1683166","1719245","1756818","1796018","1836972","1880590","1917882","1946339","1973790","2005362","2039723","2072664","2105256","2137514","2168753","2197284","2078964","1871524","1802493","1820009","1829462","1826434","1822773","1818354","1813079","1807094","1800858","1794681","1788743","1791949","1807126","1818119","1812788","1788274","1777568","1791019","1797086","1788891","1790151","1786079","1768096","1682668","1527324"
Kuwait,"KWT","Fertility rate, total (births per woman)","SP.DYN.TFRT.IN","7.223","7.248","7.254","7.275","7.286","7.314","7.34","7.326","7.278","7.181","7.025","6.839","6.637","6.43","6.233","6.059","5.896","5.712","5.521","5.333","5.184","5.021","4.848","4.658","4.452","4.218","4.003","3.827","3.702","3.593","3.487","3.398","3.353","3.313","3.272","3.248","3.223","3.135","3.039","2.952","2.887","2.839","2.795","2.771","2.762","2.731","2.589","2.412","2.266","2.155","2.044","1.956","1.99","1.968","2.06","2.03","2.061","2.16","2.118","2.082","2.033","2.148","1.546","1.524",".."
Kuwait,"KWT","Life expectancy at birth, total (years)","SP.DYN.LE00.IN","59.2033414634146","60.235","61.259512195122","62.2694146341463","63.2567073170732","64.217487804878","65.1482682926829","66.031","66.8460487804878","67.5747804878049","68.2020487804878","68.7147317073171","69.1198048780488","69.4439756097561","69.7139512195122","69.9550243902439","70.2014390243903","70.4684146341463","70.7654146341463","71.0943170731707","71.4554878048781","71.8493170731707","72.2716829268293","72.7137073170732","73.1655609756098","73.6203902439024","74.0703414634146","74.5105365853659","74.9282682926829","75.3036341463415","73.4171463414634","73.907243902439","76.0023902439025","76.0514878048781","76.0328292682927","75.979756097561","75.9250487804878","75.9071463414634","75.9642926829269","76.0779512195122","76.2258780487805","76.3843414634146","76.5316341463415","76.6445609756098","76.7276829268293","76.8007804878049","76.8876829268293","77.0101707317073","77.1890487804878","77.4333658536585","77.7262195121951","78.052243902439","78.3950243902439","78.7418048780488","79.0803414634146","79.3765609756098","79.6775853658537","79.9160731707317","80.1063658536585","81.969756097561","78.7609756097561","78.7365853658537","80.5878048780488","83.1878048780488",".."
Kuwait,"KWT","Population, total","SP.POP.TOTL","311060","345945","384995","427694","473115","521174","572590","628089","687716","749452","809114","865076","920352","977654","1038346","1104863","1178711","1258023","1340319","1423514","1504782","1583426","1662480","1744295","1820688","1894242","1972520","2052994","2134707","2217468","1684819","1351399","1634961","1672151","1664361","1681513","1730246","1787683","1844302","1900030","1954709","2008121","2059974","2109881","2157320","2236788","2364733","2507887","2651421","2795484","2943372","3132814","3337109","3507844","3665876","3834574","4004096","4154812","4323515","4442316","4400267","4360865","4589643","4853420","4973861"
Kyrgyz Republic,"KGZ","Fertility rate, total (births per woman)","SP.DYN.TFRT.IN","5.309","5.364","5.421","5.479","5.433","5.375","5.321","5.255","5.182","5.183","5.203","5.181","5.137","5.024","4.891","4.764","4.676","4.593","4.526","4.377","4.225","4.188","4.198","4.165","4.198","4.203","4.221","4.163","4.031","3.875","3.63","3.58","3.52","3.2","2.9","3.1","2.8","2.6","2.7","2.6","2.4","2.4","2.4","2.5","2.6","2.5","2.7","2.7","2.8","2.9","3.1","3.1","3.2","3.1","3.2","3.2","3.1","3","3.3","3.3","3.1","2.89","2.8","2.7",".."
Kyrgyz Republic,"KGZ","Life expectancy at birth, total (years)","SP.DYN.LE00.IN","55.0285853658537","55.3341219512195","55.641756097561","55.9325853658537","56.22","56.5190487804878","56.8273902439024","57.1559512195122","57.4480975609756","57.7547804878049","58.0186341463415","58.3217804878049","58.6458292682927","58.9897804878049","59.343756097561","59.6181951219512","59.8842682926829","60.1499756097561","60.4847804878049","60.8662195121951","61.3072195121951","61.6239756097561","62.0425609756098","62.1123414634146","62.620243902439","63.427","64.4399512195122","65.1416341463415","65.0037073170732","67.9073170731707","68.2975609756098","68.5512195121951","68.1024390243903","67.1926829268293","66.0390243902439","65.790243902439","66.5439024390244","66.8926829268293","67.0512195121951","68.6560975609756","68.5585365853659","68.7073170731707","68.1560975609756","68.2560975609756","68.1536585365854","67.9560975609756","67.6951219512195","67.8951219512195","68.4512195121951","69.1024390243903","69.3","69.6024390243903","70.0024390243902","70.2024390243902","70.4024390243902","70.6512195121951","70.9512195121951","71.2","71.4","71.6","71.8","71.9","72.0487804878049","72.2487804878049",".."
Kyrgyz Republic,"KGZ","Population, total","SP.POP.TOTL","2172300","2255900","2333400","2413700","2495300","2573300","2655300","2736500","2818300","2894800","2959900","3022300","3088200","3153800","3223900","3292400","3358700","3423900","3487100","3552000","3617400","3685800","3759300","3838300","3916400","3990300","4066500","4144600","4218400","4307500","4391236","4463634","4515400","4516777","4515069","4560454","4628438","4696421","4769015","4840422","4898362","4945073","4990704","5043308","5104713","5162640","5218373","5268385","5318729","5389643","5467059","5546587","5652076","5777150","5905848","6040036","6175338","6306696","6444079","6590211","6726596","6851224","6975220","7099750","7224614"
Lao PDR,"LAO","Fertility rate, total (births per woman)","SP.DYN.TFRT.IN","6.292","6.31","6.313","6.318","6.313","6.316","6.307","6.306","6.298","6.301","6.31","6.295","6.284","6.281","6.289","6.287","6.289","6.293","6.298","6.314","6.332","6.35","6.369","6.376","6.37","6.328","6.255","6.205","6.158","6.102","6.057","5.986","5.9","5.798","5.598","5.355","5.148","4.961","4.792","4.639","4.429","4.29","4.132","4.024","3.898","3.685","3.559","3.438","3.331","3.229","3.137","3.049","2.953","2.872","2.802","2.796","2.744","2.691","2.633","2.589","2.535","2.494","2.455","2.421",".."
Lao PDR,"LAO","Life expectancy at birth, total (years)","SP.DYN.LE00.IN","41.036","41.344","42.272","41.544","41.859","42.222","42.347","42.869","43.183","43.46","43.776","44.122","44.416","44.728","45.886","46.15","46.012","46.408","46.832","47.46","48.56","49.237","49.931","50.485","51.014","51.579","52.144","52.597","53.077","53.589","54.035","54.7","55.098","55.583","55.81","56.344","56.821","57.302","57.549","57.866","58.317","58.887","59.302","59.643","60.08","60.688","61.074","61.694","62.248","63.023","63.69","64.505","65.126","65.723","66.35","66.688","67.014","67.345","67.594","67.911","68.339","67.807","68.715","68.964",".."
Lao PDR,"LAO","Population, total","SP.POP.TOTL","2121514","2169796","2219910","2271061","2322826","2376200","2431084","2487715","2546377","2606959","2669702","2734628","2801660","2870573","2939761","3005521","3064876","3118923","3171740","3228202","3292573","3366631","3450026","3541001","3637843","3739985","3846715","3957612","4072601","4190974","4311955","4435118","4559646","4685060","4809220","4929409","5045678","5152011","5248266","5340784","5431212","5521482","5610889","5697945","5781626","5869523","5963200","6056236","6148969","6241642","6334194","6426590","6518978","6611385","6703172","6801645","6908802","7018147","7128045","7237636","7346533","7453194","7559007","7664993","7769819"
Latvia,"LVA","Fertility rate, total (births per woman)","SP.DYN.TFRT.IN","1.94","1.94","1.91","1.85","1.79","1.74","1.76","1.8","1.83","1.88","1.96","2","2","1.98","1.97","1.96","1.93","1.89","1.87","1.87","1.86","1.88","1.97","2.07","2.09","2.08","2.12","2.15","2.11","2.05","2.02","1.86","1.73","1.51","1.39","1.25","1.16","1.11","1.09","1.16","1.25","1.22","1.26","1.32","1.29","1.39","1.46","1.54","1.58","1.46","1.36","1.33","1.44","1.52","1.65","1.7","1.74","1.69","1.6","1.61","1.55","1.57","1.47","1.36",".."
Latvia,"LVA","Life expectancy at birth, total (years)","SP.DYN.LE00.IN","69.7868292682927","70.0324390243903","69.430487804878","69.8290243902439","71.0280487804878","70.7265853658537","70.7073170731707","70.3939024390244","70.0429268292683","69.7968292682927","69.8353658536586","70.1646341463415","69.8787804878049","69.8134146341464","69.7409756097561","68.9253658536585","69.0478048780488","69.1046341463415","68.9878048780488","68.4956097560976","68.8085365853659","68.7863414634146","69.3282926829268","69.1190243902439","69.1629268292683","69.2914634146342","70.6224390243903","70.6929268292683","70.6153658536585","70.1553658536586","69.2731707317073","69.0324390243903","68.3960975609756","66.7226829268293","65.6643902439025","66.3912195121951","68.7765853658537","69.3492682926829","69.0121951219512","69.7429268292683","70.3146341463415","70.7609756097561","70.9609756097561","71.2658536585366","72.0268292682927","71.3560975609756","70.8658536585366","71.019512195122","72.419512195122","73.0804878048781","73.4829268292683","73.5756097560976","73.7780487804878","73.9829268292683","74.1243902439024","74.4804878048781","74.580487804878","74.6292682926829","74.7829268292683","75.3878048780488","75.1853658536585","72.9804878048781","74.2780487804878","75.6780487804878",".."
Latvia,"LVA","Population, total","SP.POP.TOTL","2120979","2152681","2181586","2210919","2240623","2265919","2283217","2301220","2323619","2343173","2359164","2376389","2395674","2415819","2437186","2456130","2470989","2485073","2497921","2505953","2511701","2519421","2531080","2546011","2562047","2578873","2599892","2626583","2653434","2666955","2663151","2650581","2614338","2563290","2520742","2485056","2457222","2432851","2410019","2390482","2367550","2337170","2310173","2287955","2263122","2238799","2218357","2200325","2177322","2141669","2097555","2059709","2034319","2012647","1993782","1977527","1959537","1942248","1927174","1913822","1900449","1884490","1879383","1877445","1862441"
Lebanon,"LBN","Fertility rate, total (births per woman)","SP.DYN.TFRT.IN","5.877","5.891","5.902","5.905","5.851","5.768","5.677","5.569","5.448","5.316","5.188","5.05","4.912","4.79","4.654","4.521","4.394","4.279","4.176","4.077","4.011","3.953","3.855","3.734","3.658","3.533","3.466","3.42","3.392","3.363","3.268","3.162","3.052","2.937","2.823","2.725","2.698","2.667","2.648","2.631","2.6","2.576","2.523","2.457","2.378","2.291","2.244","2.201","2.172","2.191","2.256","2.32","2.345","2.361","2.375","2.382","2.39","2.372","2.347","2.327","2.308","2.283","2.263","2.239",".."
Lebanon,"LBN","Life expectancy at birth, total (years)","SP.DYN.LE00.IN","63.927","64.267","64.595","64.879","65.103","65.317","65.504","65.677","65.802","65.918","66.018","66.12","66.201","66.298","66.41","57.744","36.436","60.331","59.996","59.557","59.909","60.279","47.19","60.752","61.167","61.574","62.011","62.539","62.92","65.114","65.479","70.865","71.169","71.559","72.03","72.383","72.614","72.94","73.201","73.513","73.895","74.354","74.836","75.275","75.693","76.074","75.677","76.732","76.956","77.262","77.529","77.768","77.941","78.037","78.148","78.275","78.306","78.192","78.263","78.208","76.299","73.65","78.003","77.817",".."
Lebanon,"LBN","Population, total","SP.POP.TOTL","1794406","1850084","1909578","1970316","2030543","2088831","2148260","2206731","2266368","2328159","2386114","2446314","2509729","2572935","2635185","2693191","2726469","2762155","2822682","2882635","2944763","3008981","3054931","3094996","3152744","3217376","3300365","3385555","3454649","3525285","3595175","3668912","3747371","3820647","3889799","3960735","4034781","4108405","4181281","4255277","4329340","4401918","4463504","4525508","4599279","4671102","4751136","4844118","4925354","4992287","5041288","5096020","5235742","5743436","6346990","6472469","6323060","6160128","5984119","5794594","5702398","5718122","5744489","5773493","5805962"
Lesotho,"LSO","Fertility rate, total (births per woman)","SP.DYN.TFRT.IN","5.784","5.785","5.787","5.776","5.765","5.772","5.756","5.745","5.725","5.704","5.698","5.696","5.694","5.688","5.753","5.825","5.871","5.848","5.823","5.789","5.746","5.694","5.632","5.56","5.478","5.401","5.317","5.222","5.104","4.964","4.813","4.681","4.541","4.365","4.21","4.125","4.058","3.982","3.815","3.67","3.605","3.63","3.682","3.619","3.508","3.428","3.414","3.442","3.392","3.309","3.25","3.343","3.296","3.283","3.239","3.217","3.18","3.105","3.016","2.924","2.846","2.769","2.716","2.694",".."
Lesotho,"LSO","Life expectancy at birth, total (years)","SP.DYN.LE00.IN","50.171","50.275","50.307","50.26","50.307","50.326","50.377","50.513","50.791","51.117","51.501","51.845","52.256","52.62","52.941","53.454","53.931","54.526","55.166","55.843","56.534","57.307","57.976","58.495","58.955","59.211","59.346","59.557","59.572","59.505","59.317","59.061","58.638","58.06","57.288","56.368","55.136","53.733","52.029","50.385","48.783","47.153","45.95","44.921","44.039","43.611","43.182","43.66","44.304","45.055","46.045","46.93","48.235","49.547","50.786","51.83","52.908","53.874","54.638","55.249","55.133","54.209","56.812","57.375",".."
Lesotho,"LSO","Population, total","SP.POP.TOTL","736500","758824","781814","805373","829437","854090","881870","913982","948105","983202","1019273","1056246","1094063","1132697","1172420","1213643","1253214","1289967","1327240","1366169","1406521","1448069","1490732","1534413","1578986","1624379","1666138","1703390","1739841","1775436","1809696","1842379","1873274","1901793","1927707","1951437","1972418","1988130","1998049","2003234","2003913","2000853","1994679","1985059","1971129","1953076","1945063","1953268","1966541","1980883","1996251","2014009","2034354","2056504","2080089","2104611","2130422","2157110","2183603","2209405","2235727","2261542","2286110","2311472","2337423"
Liberia,"LBR","Fertility rate, total (births per woman)","SP.DYN.TFRT.IN","6.391","6.446","6.504","6.556","6.585","6.617","6.628","6.65","6.657","6.644","6.578","6.542","6.599","6.651","6.691","6.744","6.793","6.841","6.884","6.919","6.872","6.834","6.788","6.76","6.728","6.693","6.638","6.572","6.507","6.434","6.37","6.323","6.277","6.246","6.21","6.173","6.129","6.079","6.017","5.953","5.875","5.774","5.653","5.547","5.506","5.519","5.53","5.462","5.328","5.174","5.058","4.97","4.881","4.749","4.622","4.523","4.461","4.396","4.336","4.257","4.174","4.089","4.016","3.95",".."
Liberia,"LBR","Life expectancy at birth, total (years)","SP.DYN.LE00.IN","38.073","38.104","38.167","38.309","38.451","38.693","38.955","39.262","39.588","39.991","40.359","40.72","41.199","41.619","42.063","42.463","42.851","43.22","43.567","43.89","44.088","44.344","44.447","44.576","44.683","44.026","44.494","44.267","44.065","43.863","37.644","43.575","43.566","43.022","42.621","44.573","44.945","48.302","49.367","50.412","51.852","53.109","54.061","53.045","55.949","56.765","57.495","58.147","58.675","59.106","59.358","59.486","59.785","59.992","59.21","59.248","60.483","60.777","60.999","61.232","61.267","61.166","61.934","62.163",".."
Liberia,"LBR","Population, total","SP.POP.TOTL","1139522","1167717","1197039","1227414","1258745","1291156","1324383","1358435","1393530","1429605","1466676","1504077","1542670","1583588","1626362","1670913","1717060","1766019","1818247","1872713","1929253","1986867","2045073","2107113","2173312","2240539","2308511","2377229","2446941","2517858","2223667","1956518","2072461","2155126","2149928","2169162","2232289","2412989","2670124","2821684","2928117","3015338","3094782","3119532","3156892","3301015","3490787","3669050","3821003","3943028","4058890","4221178","4373043","4470239","4564293","4659431","4755608","4848925","4944726","5043721","5149463","5259323","5373294","5493031","5612817"
Libya,"LBY","Fertility rate, total (births per woman)","SP.DYN.TFRT.IN","7.509","7.556","7.61","7.685","7.752","7.823","7.891","7.932","7.974","8.011","8.048","8.096","8.073","8.047","8.02","7.977","7.932","7.872","7.789","7.68","7.543","7.371","7.162","6.91","6.622","6.328","6.022","5.718","5.41","5.091","4.776","4.461","4.162","3.883","3.649","3.442","3.256","3.132","3.043","2.972","2.906","2.866","2.831","2.797","2.773","2.765","2.699","2.648","2.599","2.556","2.603","2.646","2.68","2.716","2.754","2.711","2.673","2.626","2.581","2.539","2.507","2.462","2.402","2.355",".."
Libya,"LBY","Life expectancy at birth, total (years)","SP.DYN.LE00.IN","40.752","42.362","44.075","45.584","47.652","49.278","50.946","52.462","53.849","55.173","56.379","57.583","58.685","59.71","60.709","61.621","62.448","63.129","63.796","64.328","64.797","65.255","65.768","66.26","66.748","67.285","67.806","68.258","68.608","68.979","69.312","69.635","69.974","70.247","70.472","70.641","70.736","70.72","70.657","70.601","70.542","70.653","70.788","70.996","71.21","71.439","71.632","71.788","71.936","72.071","72.196","69.95","72.188","72.339","71.3","71.644","71.799","72.721","73.151","72.941","72.388","72.062","74.462","69.339",".."
Libya,"LBY","Population, total","SP.POP.TOTL","1492890","1555699","1621960","1690457","1753691","1804015","1849063","1898199","1952781","2014293","2082589","2153534","2226091","2314193","2432211","2571556","2721237","2881533","3052526","3233846","3424378","3621486","3724765","3718961","3773633","3898745","4017403","4129739","4237755","4342920","4445239","4544400","4640352","4733045","4822037","4906843","4987393","5064639","5140704","5218038","5305021","5403639","5508410","5619398","5736693","5858798","5980211","6104380","6235430","6366686","6497839","6343203","6179328","6304628","6427252","6531819","6632126","6738770","6849055","6951033","7045399","7135175","7223805","7305659","7381023"
Liechtenstein,"LIE","Fertility rate, total (births per woman)","SP.DYN.TFRT.IN","2.779","2.778","2.798","2.851","2.919","2.963","2.779","2.477","2.217","2.135","2.093","2.033","1.983","1.936","1.904","1.897","1.909","1.92","1.9","1.673","1.696","1.688","1.606","1.529","1.508","1.495","1.479","1.496","1.496","1.501","1.501","1.5","1.477","1.454","1.442","1.435","1.516","1.569","1.586","1.63","1.57","1.52","1.47","1.36","1.44","1.49","1.43","1.42","1.43","1.71","1.4","1.69","1.51","1.45","1.59","1.4","1.61","1.44","1.58","1.48","1.46","1.53","1.47","1.45",".."
Liechtenstein,"LIE","Life expectancy at birth, total (years)","SP.DYN.LE00.IN","70.8882195121951","70.9554390243902","70.8495853658537","70.9008536585366","71.0428048780488","71.2156585365854","71.6317804878049","72.0426341463415","72.3931219512195","72.6079024390244","72.8831951219512","73.0916829268293","73.4018048780488","73.6489512195122","73.9874390243903","74.2641951219512","74.4749512195122","74.6583170731707","74.5905609756098","74.6135609756098","74.6580975609756","74.8312195121951","74.9551707317073","75.6130487804878","76.0926341463415","76.6388048780488","77.1143170731708","77.614756097561","77.8447317073171","78.1208536585366","78.3315365853659","78.4712926829268","78.4636585365854","78.2707073170732","78.4219512195122","77.390243902439","76.8365853658537","76.0463414634146","77.7463414634146","79.109756097561","76.8268292682927","79.2756097560976","79.6365853658537","79.9609756097561","81.7707317073171","80.6682926829268","80.9487804878049","81.2951219512195","82.6829268292683","81.5","81.8414634146342","81.7926829268293","82.3829268292683","82.2609756097561","82.0731707317073","82.6560975609756","82.2585365853659","83.7463414634147","83.0414634146342","84.1609756097561","81.6585365853659","84.4024390243902","84.1219512195122","84.8414634146342",".."
Liechtenstein,"LIE","Population, total","SP.POP.TOTL","16451","16877","17443","18093","18755","19195","19610","20175","20835","21084","21140","21600","22132","22785","23451","23846","24058","24442","25028","25575","25512","25673","26255","26446","26596","26878","27238","27557","27948","28317","28742","29209","29627","30089","30470","30776","31033","31232","31668","32221","32645","33194","33694","34079","34447","34753","35037","35262","35473","35742","36022","36312","36657","36984","37248","37494","37716","37962","38246","38563","38901","39182","39493","39850","40197"
Lithuania,"LTU","Fertility rate, total (births per woman)","SP.DYN.TFRT.IN","2.56","2.53","2.45","2.35","2.28","2.23","2.22","2.23","2.24","2.3","2.4","2.41","2.34","2.22","2.21","2.18","2.18","2.14","2.08","2.05","1.99","1.98","1.97","2.1","2.07","2.08","2.12","2.11","2.02","1.98","2.03","2.01","1.97","1.74","1.57","1.55","1.49","1.47","1.46","1.46","1.39","1.29","1.23","1.26","1.27","1.29","1.33","1.36","1.45","1.5","1.5","1.55","1.6","1.59","1.57","1.63","1.63","1.57","1.53","1.43","1.36","1.36","1.27","1.18",".."
Lithuania,"LTU","Life expectancy at birth, total (years)","SP.DYN.LE00.IN","69.8473170731707","70.1026829268293","69.0953658536585","70.2043902439024","71.5090243902439","71.3251219512195","71.520243902439","71.6039024390244","71.3136585365854","70.9285365853659","70.8043902439024","71.7353658536585","71.0246341463415","71.3321951219512","71.2441463414634","70.8673170731707","70.9580487804878","70.809512195122","70.6046341463415","70.4821951219512","70.4821951219512","70.4607317073171","70.8368292682927","70.7778048780488","70.32","70.5012195121951","72.0807317073171","71.9346341463415","71.7621951219512","71.4253658536585","71.1607317073171","70.3641463414634","70.2343902439025","68.9104878048781","68.530243902439","69.0063414634147","70.1080487804878","70.9090243902439","71.219512195122","71.5707317073171","72.0195121951219","71.6585365853659","71.7609756097561","72.0609756097561","71.9609756097561","71.2536585365854","71.0560975609756","70.9","71.8121951219512","72.9146341463415","73.2682926829268","73.5634146341464","73.8634146341464","73.9146341463415","74.5170731707317","74.3219512195122","74.6707317073171","75.4804878048781","75.6804878048781","76.2829268292683","75.0292682926829","74.0365853658537","75.6439024390244","76.9878048780488",".."
Lithuania,"LTU","Population, total","SP.POP.TOTL","2778550","2823550","2863350","2898950","2935200","2971450","3008050","3044400","3078850","3107321","3139689","3179041","3213622","3244438","3273894","3301652","3328664","3355036","3379514","3397842","3413202","3432947","3457179","3485192","3514205","3544543","3578914","3616367","3655049","3684255","3697838","3704134","3700114","3682613","3657144","3629102","3601613","3575137","3549331","3524238","3499536","3470818","3443067","3415213","3377075","3322528","3269909","3231294","3198231","3162916","3097282","3028115","2989139","2961250","2937253","2911109","2877325","2842639","2819200","2811089","2810369","2808380","2831639","2871585","2888055"
Luxembourg,"LUX","Fertility rate, total (births per woman)","SP.DYN.TFRT.IN","2.29","..","2.37","..","2.34","2.42","2.34","2.24","2.12","2.02","1.97","1.95","1.75","1.58","1.58","1.55","1.48","1.5","1.48","1.48","1.5","1.55","1.49","1.43","1.42","1.38","1.43","1.4","1.51","1.52","1.6","1.6","1.64","1.7","1.72","1.7","1.77","1.71","1.68","1.74","1.76","1.66","1.63","1.62","1.66","1.63","1.65","1.61","1.61","1.59","1.63","1.52","1.57","1.55","1.5","1.47","1.41","1.39","1.38","1.34","1.36","1.38","1.31","1.25",".."
Luxembourg,"LUX","Life expectancy at birth, total (years)","SP.DYN.LE00.IN","68.8005609756098","69.1529268292683","68.4317317073171","68.6719756097561","68.8656829268293","69.2268536585366","68.9003658536585","69.4889268292683","69.974756097561","69.7166829268293","69.2080975609756","69.2398536585366","70.4433658536585","70.3344390243903","70.1996341463415","70.3182195121951","70.2204146341464","71.4241463414634","71.4146341463415","72.1766585365854","72.2581707317073","71.9679268292683","72.0555853658537","72.8511951219512","72.5807073170732","73.1336097560976","73.952512195122","73.7223414634146","74.1201951219512","74.1226585365854","74.7754878048781","75.4634146341463","75.7707317073171","75.7121951219512","76.3707317073171","76.5121951219512","76.519512195122","76.880487804878","77.0170731707317","77.7707317073171","77.8731707317073","77.8243902439025","77.9658536585366","77.7268292682927","79.1219512195122","79.4317073170732","79.2878048780488","79.3829268292683","80.5390243902439","80.6365853658537","80.6317073170732","80.9878048780488","81.3926829268293","81.8","82.2292682926829","82.2926829268293","82.6853658536585","82.0951219512195","82.2951219512195","82.6390243902439","82.1439024390244","82.5975609756098","82.9463414634147","83.3585365853659",".."
Luxembourg,"LUX","Population, total","SP.POP.TOTL","313970","316845","320750","324100","327750","331500","333895","334995","335850","337500","339171","342421","346600","350450","355050","358950","360731","361358","362007","362856","364150","365225","365525","365622","365998","366706","368355","370750","373450","377100","381850","387000","392175","397475","402925","408625","414225","419450","424700","430475","436300","441525","446175","451630","458095","465158","472637","479993","488650","497783","506953","518347","530946","543360","556319","569604","582014","596336","607950","620001","630419","640064","653103","666430","677717"
"Macao SAR, China","MAC","Fertility rate, total (births per woman)","SP.DYN.TFRT.IN","4.957","4.674","4.393","4.227","3.943","3.619","3.317","3.014","2.608","2.307","2.083","1.994","1.94","1.843","1.731","1.554","1.43","1.391","1.425","1.58","1.731","1.849","1.992","2.098","2.145","2.235","2.189","2.06","1.863","1.81","1.709","1.615","1.547","1.471","1.431","1.367","1.288","1.205","1.113","1.025","0.933","0.818","0.813","0.837","0.855","0.912","0.954","1.008","0.979","1.004","1.07","1.15","1.357","1.15","1.224","1.142","1.138","1.021","0.915","0.899","0.841","0.756","0.68","0.586",".."
"Macao SAR, China","MAC","Life expectancy at birth, total (years)","SP.DYN.LE00.IN","63.780756097561","64.311","64.9175365853659","65.4913414634146","65.8860731707317","66.2214634146342","66.7044146341464","67.3226829268293","67.945","68.1946341463415","68.6991463414634","69.1089268292683","69.6813902439025","70.1881463414634","70.5503902439024","70.7074390243902","71.4869756097561","71.3875365853659","71.9051463414634","72.3346829268293","72.7648292682927","73.1919756097561","73.7552926829268","73.906512195122","74.0673902439025","74.5358048780488","74.814512195122","74.9958292682927","75.3718536585366","76.0493658536586","76.3986829268293","76.4601219512195","76.8933170731707","77.3012682926829","77.2664878048781","76.7585365853659","77.5439024390244","77.6463414634146","78.2463414634146","78.9951219512195","80.1829268292683","80.5878048780488","80.9463414634146","81.0439024390244","80.9926829268293","81.3414634146341","81.7292682926829","81.7292682926829","82.0268292682927","82.1756097560976","82.2731707317073","82.4707317073171","82.4707317073171","82.7219512195122","83.0219512195122","83.2243902439024","83.2756097560976","83.5268292682927","83.6780487804878","83.9292682926829","84.1292682926829","83.7292682926829","83.0804878048781","83.1804878048781",".."
"Macao SAR, China","MAC","Population, total","SP.POP.TOTL","173315","173323","177810","182135","225655","265631","262942","260423","257933","255306","257396","247400","245050","242800","240550","238200","235600","232950","232400","235200","239650","244800","254650","269300","282850","289700","296050","306850","316000","325100","334950","351650","370900","384000","396800","409300","415100","417300","422300","427400","430600","433900","438400","443600","454700","473500","498900","520900","540700","535000","537000","549600","567900","591900","621700","642900","652500","648400","658900","672000","685400","682500","677300","678800","687000"
Madagascar,"MDG","Fertility rate, total (births per woman)","SP.DYN.TFRT.IN","7.343","7.299","7.256","7.212","7.188","7.171","7.156","7.144","7.131","7.118","7.096","7.068","7.042","7.011","6.993","6.971","6.954","6.927","6.904","6.872","6.838","6.774","6.699","6.626","6.547","6.456","6.343","6.242","6.178","6.149","6.14","6.118","6.082","6.062","6.042","6.036","6.031","6.023","5.992","5.839","5.665","5.528","5.412","5.329","5.264","5.195","5.133","5.083","5.043","5.003","4.896","4.737","4.613","4.527","4.421","4.335","4.285","4.259","4.246","4.221","4.17","4.104","4.036","3.972",".."
Madagascar,"MDG","Life expectancy at birth, total (years)","SP.DYN.LE00.IN","43.349","43.79","44.185","44.626","45.037","45.447","45.98","46.457","46.932","47.322","47.898","48.204","48.507","48.921","49.303","49.596","49.8","49.945","50.017","50.059","49.984","49.806","50.009","50.107","50.209","50.406","50.651","51.098","51.425","51.816","52.14","52.555","52.946","53.733","54.247","54.845","55.477","56.127","56.803","57.434","57.974","58.674","59.17","59.693","60.168","60.664","61.14","61.533","61.992","62.304","62.597","62.86","63.007","63.161","63.261","63.362","63.431","63.433","63.491","63.504","62.706","62.516","63.068","63.632",".."
Madagascar,"MDG","Population, total","SP.POP.TOTL","5111029","5246158","5384150","5525185","5669863","5819116","5974279","6136486","6306493","6484716","6672003","6868868","7074398","7288048","7509726","7739336","7976831","8222240","8475864","8737581","9006032","9279011","9557671","9843044","10134550","10433142","10736857","11047291","11369462","11704998","12055639","12421412","12800870","13197345","13613850","14051275","14510711","14990814","15489364","16000506","16516338","17032939","17549913","18071854","18606608","19159707","19730909","20318583","20923840","21547280","22183340","22822300","23462438","24109290","24764348","25426702","26099952","26788375","27494926","28219554","28953556","29691083","30437261","31195932","31964956"
Malawi,"MWI","Fertility rate, total (births per woman)","SP.DYN.TFRT.IN","7.042","7.067","7.095","7.127","7.114","7.126","7.174","7.213","7.262","7.274","7.295","7.311","7.326","7.338","7.344","7.359","7.387","7.408","7.434","7.465","7.518","7.493","7.451","7.361","7.265","7.17","7.069","6.97","6.876","6.803","6.74","6.681","6.63","6.573","6.488","6.392","6.285","6.231","6.205","6.124","6.002","5.943","5.903","5.875","5.864","5.848","5.802","5.724","5.609","5.453","5.263","5.083","4.902","4.759","4.569","4.384","4.216","4.113","4.021","3.952","3.877","3.791","3.72","3.648",".."
Malawi,"MWI","Life expectancy at birth, total (years)","SP.DYN.LE00.IN","34.986","35.23","35.449","35.643","35.681","35.74","35.831","35.941","36.085","36.301","36.638","37.095","37.608","38.355","39.197","40.079","41.022","41.979","43.002","43.703","44.331","44.72","44.84","44.974","44.807","44.568","44.298","43.902","43.569","43.515","43.575","43.54","43.636","43.648","43.8","43.804","44.005","44.2","44.3","45.06","46.17","47.205","48.176","49.601","51.073","52.469","53.652","54.687","55.715","56.714","57.787","58.859","59.87","60.816","61.651","62.324","63.163","63.914","64.464","64.995","65.216","64.782","66.037","67.353",".."
Malawi,"MWI","Population, total","SP.POP.TOTL","3628134","3715534","3806307","3900506","3997305","4096157","4197926","4303012","4411054","4521184","4633944","4751434","4874475","5003938","5141337","5287367","5443384","5614983","5810132","6028749","6265529","6516454","6778879","7051709","7332810","7620508","7906480","8293174","8753262","9176220","9545852","9844227","10135079","10284024","10164894","10150117","10352228","10562035","10792876","11047804","11315942","11593058","11880440","12181574","12500737","12840031","13198701","13576343","13976417","14395788","14826463","15265022","15709577","16161816","16621538","17085587","17557739","18039715","18528081","19025752","19533888","20047258","20568728","21104482","21655286"
Malaysia,"MYS","Fertility rate, total (births per woman)","SP.DYN.TFRT.IN","6.412","6.367","6.296","6.191","6.03","5.836","5.635","5.433","5.291","5.159","5.035","4.924","4.822","4.727","4.619","4.501","4.398","4.282","4.179","4.091","4.035","4.002","3.967","3.928","3.885","3.804","3.699","3.565","3.502","3.313","3.304","3.339","3.373","3.364","3.346","3.317","3.297","3.227","3.12","3.068","2.942","2.807","2.658","2.601","2.493","2.391","2.308","2.252","2.262","2.223","2.144","2.153","2.117","2.07","2.058","2.008","1.942","1.893","1.838","1.777","1.68","1.555","1.55","1.55",".."
Malaysia,"MYS","Life expectancy at birth, total (years)","SP.DYN.LE00.IN","57.168","58.015","58.855","59.667","60.448","61.144","61.679","62.044","62.443","62.868","63.298","63.77","64.232","64.725","65.204","65.697","66.233","66.72","67.17","67.607","68.061","68.461","68.876","69.205","69.551","69.863","70.133","70.351","70.551","70.759","70.952","71.219","71.483","71.721","71.865","71.979","72.119","72.296","72.385","72.428","72.732","73.08","73.469","73.727","74.027","74.37","74.697","74.961","75.151","75.269","75.376","75.488","75.552","75.464","75.345","75.288","75.371","75.542","75.734","75.9","76.057","73.917","75.444","76.657",".."
Malaysia,"MYS","Population, total","SP.POP.TOTL","7956197","8164443","8380172","8602160","8828406","9056408","9284688","9507099","9725281","9947597","10178802","10423453","10676835","10935621","11200906","11471914","11750097","12035713","12328157","12627862","12983363","13399203","13832798","14285907","14759009","15252258","15760419","16276737","16796605","17314997","17833171","18342464","18834572","19322664","19820446","20330599","20850087","21375218","21906713","22435531","22967816","23526538","24102477","24679602","25256772","25836071","26417909","26998389","27570059","28124778","28655776","29162039","29662831","30174265","30696137","31232798","31789685","32355644","32910967","33440596","33889558","34282399","34695493","35126298","35557673"
Maldives,"MDV","Fertility rate, total (births per woman)","SP.DYN.TFRT.IN","6.713","6.792","6.887","6.941","7.003","7.07","7.145","7.227","7.279","7.327","7.391","7.384","7.374","7.399","7.377","7.321","7.292","7.266","7.229","7.233","7.226","7.191","7.146","7.092","7.025","6.939","6.846","6.731","6.583","6.386","6.13","5.796","5.435","5.063","4.688","4.292","3.859","3.477","3.171","2.899","2.691","2.532","2.425","2.342","2.262","2.199","2.204","2.293","2.371","2.39","2.349","2.307","2.254","2.174","2.089","2.004","1.903","1.798","1.71","1.64","1.613","1.599","1.583","1.575",".."
Maldives,"MDV","Life expectancy at birth, total (years)","SP.DYN.LE00.IN","38.244","38.645","39.09","39.593","40.152","40.759","41.406","42.106","42.852","43.654","44.522","45.454","46.431","47.459","48.535","49.645","50.753","51.835","50.448","53.871","54.819","55.729","56.614","57.484","58.341","59.18","59.993","60.789","61.59","62.375","63.148","63.911","64.664","65.434","66.197","66.962","67.734","68.517","69.303","70.157","70.892","71.659","72.36","73.263","73.008","74.785","75.256","75.711","75.999","76.371","76.756","77.141","77.512","77.847","78.187","78.607","78.913","79.228","79.433","79.707","78.713","78.052","80.76","81.041",".."
Maldives,"MDV","Population, total","SP.POP.TOTL","91189","93450","95802","98222","100662","104102","108507","112528","116075","119564","123219","127035","130968","134952","138978","143158","147525","151930","156159","160360","164835","169532","174333","179128","184198","190169","196935","203944","210885","217738","224762","231802","238543","244884","250822","256649","262347","267707","272723","277412","282019","286767","291616","296491","301413","306429","313851","324479","336170","348275","360792","373674","386818","400070","413617","428154","443308","458287","473099","487731","502118","516154","524106","525994","527799"
Mali,"MLI","Fertility rate, total (births per woman)","SP.DYN.TFRT.IN","7.019","7.031","7.038","7.046","7.055","7.081","7.111","7.136","7.159","7.175","7.181","7.203","7.219","7.223","7.228","7.253","7.272","7.299","7.319","7.348","7.365","7.365","7.32","7.276","7.256","7.261","7.311","7.312","7.324","7.331","7.311","7.28","7.237","7.18","7.119","7.052","7.01","6.971","6.936","6.911","6.886","6.852","6.819","6.783","6.741","6.708","6.677","6.647","6.624","6.592","6.579","6.545","6.523","6.491","6.441","6.385","6.319","6.251","6.118","5.892","5.85","5.779","5.692","5.614",".."
Mali,"MLI","Life expectancy at birth, total (years)","SP.DYN.LE00.IN","30.459","30.637","30.833","31.02","31.231","31.529","31.792","32.197","32.568","32.871","33.396","33.804","34.507","35.087","35.749","36.484","37.204","37.986","38.761","39.506","40.266","40.984","41.804","42.748","43.396","43.921","44.62","45.228","45.72","46.237","46.541","46.889","47.238","47.586","47.914","48.292","48.5","49.086","49.592","50.06","50.605","51.3","51.995","52.632","53.253","53.792","54.305","54.756","55.187","55.588","55.993","56.367","56.696","57.052","57.482","57.852","58.286","58.562","58.873","59.217","58.858","59.116","60.035","60.439",".."
Mali,"MLI","Population, total","SP.POP.TOTL","5402550","5482283","5563917","5646605","5730125","5815487","5902204","5990906","6082979","6177704","6276472","6377944","6483726","6597106","6715436","6837261","6960979","7090979","7229651","7375266","7530515","7692766","7860194","8034400","8208599","8374663","8531277","8681164","8833996","8999938","9178830","9362888","9553540","9754786","9967031","10185365","10407278","10646495","10919573","11227415","11559290","11912158","12288050","12684955","13102409","13538647","13990139","14457775","14940782","15435539","15945198","16469049","16957033","17459615","18020267","18593022","19191289","19813011","20442030","21068405","21713836","22388630","23072640","23769127","24478595"
Malta,"MLT","Fertility rate, total (births per woman)","SP.DYN.TFRT.IN","3.62","3.27","3.24","2.9","2.79","2.52","2.33","2.24","2.12","2.02","2.03","2.06","2.01","1.65","1.64","2.27","2.21","2.14","2.05","2.1","1.99","1.87","1.9","1.92","1.95","1.95","1.93","1.97","2.06","2.1","2.02","1.99","2.07","1.96","1.84","1.77","1.99","1.93","1.84","1.73","1.68","1.48","1.45","1.48","1.4","1.38","1.36","1.35","1.43","1.42","1.36","1.45","1.42","1.36","1.38","1.37","1.37","1.26","1.23","1.14","1.13","1.13","1.08","1.06",".."
Malta,"MLT","Life expectancy at birth, total (years)","SP.DYN.LE00.IN","68.3440975609756","68.3216341463415","69.0752682926829","69.158512195122","69.2581951219512","69.3719024390244","69.6580975609756","69.710512195122","69.8187804878049","69.9741463414634","70.2849512195122","70.0765365853659","70.5963170731707","71.2199268292683","71.8290731707317","71.9532195121951","72.0916097560976","72.2178048780488","72.2289268292683","72.3917073170732","72.2183902439025","72.2716585365854","72.7255853658537","73.0011463414634","73.2111707317073","73.7640731707317","74.393512195122","75.1933170731707","75.7509024390244","76.0512926829268","76.0459268292683","76.3776341463415","76.5651219512195","76.7196097560976","76.8329756097561","77.290243902439","77.3414634146342","77.7390243902439","77.5878048780488","77.5","78.3487804878049","78.8439024390244","78.7390243902439","78.5463414634146","79.2536585365854","79.3","79.4390243902439","79.7926829268293","79.6365853658537","80.2414634146342","81.3975609756098","80.7463414634146","80.7463414634146","81.7463414634146","82.0463414634146","81.8975609756097","82.4536585365854","82.3463414634146","82.2487804878049","82.6585365853659","82.0975609756098","82.2585365853659","82.4487804878049","83.5073170731707",".."
Malta,"MLT","Population, total","SP.POP.TOTL","326550","325250","323900","322550","321250","318800","315200","311550","307900","304300","302650","302700","302450","302200","301996","304222","305774","306970","310182","313342","316645","318982","325898","330524","330593","336452","342121","344485","347325","350722","354170","363845","367618","371308","374797","377419","379905","382791","385287","387578","390087","393028","395969","398582","401268","403834","405308","406724","409379","412477","414508","416268","420028","424810","433481","444220","454505","467106","483903","503912","515490","518150","531113","552747","574346"
Marshall Islands,"MHL","Fertility rate, total (births per woman)","SP.DYN.TFRT.IN","8.077","8.115","8.122","8.123","8.143","8.156","8.199","8.169","8.143","8.112","8.075","8.036","7.995","7.952","7.899","7.832","7.757","7.67","7.58","7.473","7.37","7.269","7.179","7.083","6.988","6.866","6.731","6.568","6.384","6.183","5.97","5.757","5.546","5.382","5.232","5.091","5.021","4.959","4.868","4.783","4.695","4.583","4.488","4.418","4.34","4.276","4.197","4.09","3.967","3.83","3.673","3.527","3.382","3.247","3.18","3.131","3.091","3.064","3.038","3.012","2.989","2.964","2.936","2.919",".."
Marshall Islands,"MHL","Life expectancy at birth, total (years)","SP.DYN.LE00.IN","54.359","54.725","55.214","55.739","56.265","56.779","57.284","57.764","58.192","58.504","58.798","59.133","59.491","59.833","60.12","60.273","60.416","60.572","60.701","60.845","60.989","61.139","61.293","61.452","61.602","61.712","61.778","61.808","61.778","61.733","61.756","61.792","61.9","62.085","62.308","62.515","62.765","63.015","63.218","63.421","63.323","63.735","63.848","63.956","64.044","64.112","64.207","64.259","64.3","64.395","64.498","64.641","64.776","64.954","65.11","65.292","65.477","65.673","65.87","66.047","65.387","65.421","66.725","66.945",".."
Marshall Islands,"MHL","Population, total","SP.POP.TOTL","14703","15219","15755","16302","16852","17402","17927","18655","19862","21305","22530","23366","23992","24581","25296","26154","27021","27906","28809","29738","30774","32017","33397","34811","36264","37761","39286","40828","42321","43586","44629","45568","46388","47093","47712","48266","48775","49259","49717","50202","50706","51123","51425","51639","51791","51906","51992","52035","52030","52019","52044","51907","51419","50681","49796","48800","47709","46529","45285","44007","42706","41367","40077","38827","37548"
Mauritania,"MRT","Fertility rate, total (births per woman)","SP.DYN.TFRT.IN","6.149","6.199","6.244","6.312","6.37","6.444","6.516","6.568","6.603","6.643","6.677","6.696","6.706","6.718","6.73","6.713","6.727","6.736","6.727","6.702","6.671","6.635","6.588","6.541","6.483","6.423","6.343","6.271","6.213","6.195","6.175","6.157","6.126","6.093","6.058","5.962","5.861","5.743","5.623","5.524","5.456","5.407","5.373","5.364","5.374","5.376","5.404","5.426","5.436","5.406","5.384","5.38","5.352","5.317","5.261","5.211","5.157","5.106","5.044","4.984","4.912","4.848","4.77","4.697",".."
Mauritania,"MRT","Life expectancy at birth, total (years)","SP.DYN.LE00.IN","43.611","44.307","45.047","45.794","46.581","47.36","48.135","48.893","49.507","50.085","50.544","50.757","51.037","51.216","51.432","51.571","51.77","51.998","52.349","52.763","53.204","53.684","54.229","54.58","55.195","55.808","56.323","56.964","57.483","57.699","58.087","58.291","58.568","58.733","58.763","58.861","58.915","59.417","59.89","60.443","61.044","61.662","62.249","62.805","63.369","63.92","64.493","64.885","65.233","65.485","65.661","65.754","65.808","65.89","66.207","66.498","66.823","67.088","67.419","67.64","66.794","66.762","68.281","68.484",".."
Mauritania,"MRT","Population, total","SP.POP.TOTL","824298","846167","869184","893423","918955","945838","974157","1003843","1034739","1066754","1099806","1133702","1168355","1203838","1240188","1277330","1315336","1353768","1392713","1432758","1474043","1516877","1561176","1606746","1653693","1702107","1751835","1803014","1855859","1903048","1951878","2009738","2088135","2174328","2249454","2312017","2358188","2411306","2474651","2541698","2613441","2678760","2738655","2802046","2868664","2939059","3013660","3093059","3183269","3284448","3390965","3502811","3619034","3734318","3848514","3965959","4086657","4210600","4337685","4467708","4600131","4734874","4875637","5022441","5169395"
Mauritius,"MUS","Fertility rate, total (births per woman)","SP.DYN.TFRT.IN","5.897","5.982","5.877","6.18","5.956","5.508","5.46","4.626","4.596","3.965","3.82","3.508","3.407","3.071","3.453","3.197","3.129","3.071","3.011","2.914","2.803","2.666","2.534","2.396","2.16","2.02","1.99","2.05","2.14","2.23","2.32","2.3","2.37","2.21","2.25","2.14","2.12","2.04","1.97","2.05","1.99","1.91","1.94","1.87","1.92","1.88","1.77","1.74","1.67","1.59","1.57","1.55","1.54","1.44","1.43","1.36","1.4","1.44","1.41","1.4","1.44","1.41","1.32","1.39",".."
Mauritius,"MUS","Life expectancy at birth, total (years)","SP.DYN.LE00.IN","58.4614146341463","59.5666829268293","60.4433902439024","61.128512195122","61.5040487804878","62.074756097561","62.1274878048781","61.7451707317073","62.0993414634146","62.7038780487805","63.7321951219512","63.9004390243903","63.8733902439024","64.2941951219512","64.4107073170732","64.6136829268293","64.3810243902439","65.1307317073171","65.5920731707317","66.3225365853659","66.7709024390244","67.4061463414634","68.0819756097561","68.5459024390244","68.7760243902439","68.855512195122","68.9978048780488","69.2877073170732","69.5606097560976","69.6791219512195","69.4048780487805","69.9560975609756","70.0585365853659","70.1073170731707","70.1585365853659","70.3258536585366","70.3229268292683","70.4048780487805","70.6073170731707","70.9609756097561","71.6634146341463","71.7658536585366","71.9658536585366","72.1170731707317","72.2658536585366","72.4321951219512","72.4321951219512","72.5707317073171","72.5707317073171","72.8824390243903","72.9673170731707","73.2668292682927","73.8634146341464","74.0170731707317","74.1943902439024","74.3531707317073","74.3948780487805","74.5146341463415","74.4163414634146","74.2358536585366","74.1770731707317","73.680243902439","73.5146341463415","73.4121951219512",".."
Mauritius,"MUS","Population, total","SP.POP.TOTL","680331","680757","700349","718861","736381","753000","768813","783917","798413","812405","826000","839230","852053","864819","878042","892000","906507","921379","933499","949888","966039","980462","992521","1001691","1012221","1020528","1028360","1036082","1043239","1051260","1058775","1070266","1084441","1097374","1112846","1122457","1133996","1148284","1160421","1175267","1186873","1196287","1204621","1213370","1221003","1228254","1233996","1239630","1244121","1247429","1250400","1252404","1255882","1258927","1261208","1262879","1263747","1264887","1265577","1265985","1266014","1266334","1262523","1261041","1259509"
Mexico,"MEX","Fertility rate, total (births per woman)","SP.DYN.TFRT.IN","6.763","6.777","6.8","6.817","6.833","6.819","6.79","6.753","6.707","6.626","6.529","6.419","6.281","6.121","5.947","5.739","5.543","5.361","5.202","4.964","4.739","4.574","4.425","4.296","4.184","4.087","3.971","3.803","3.64","3.532","3.444","3.363","3.285","3.211","3.132","3.044","2.964","2.886","2.815","2.763","2.714","2.671","2.633","2.579","2.536","2.495","2.456","2.421","2.391","2.364","2.34","2.317","2.294","2.269","2.211","2.137","2.086","2.041","2.03","2.02","1.99","1.97","1.94","1.91",".."
Mexico,"MEX","Life expectancy at birth, total (years)","SP.DYN.LE00.IN","53.573","54.422","55.057","55.501","55.916","56.688","57.355","57.959","58.22","58.413","58.893","59.415","60.051","60.518","61.18","61.883","62.475","62.988","63.435","63.862","64.282","64.722","65.256","65.756","66.215","66.775","67.377","67.904","68.299","68.621","69.034","69.368","69.663","69.961","70.302","70.703","71.088","71.472","71.792","72.203","72.562","72.912","73.106","73.308","73.432","73.627","73.746","73.796","73.695","73.628","73.718","73.921","74.128","74.289","74.404","74.431","74.376","74.261","74.301","74.53","70.449","69.75","73.973","75.069",".."
Mexico,"MEX","Population, total","SP.POP.TOTL","36724615","37890118","39129200","40424065","41772049","43174477","44629106","46129608","47668303","49233194","50814953","52412558","54030168","55667284","57320149","58982400","60645512","62308493","63979046","65648865","67300334","68892108","70433260","71971240","73506846","75043414","76585637","78136651","79695531","81247182","82820170","84430572","86044809","87653807","89259205","90862455","92452702","94021207","95575245","97115707","98625552","100099099","101548624","102978515","104394131","105811504","107253666","108774360","110374288","111999721","113623895","115243504","116818208","118343573","119784261","121072306","122251351","123400057","124573711","125762982","126799054","127648148","128613117","129739759","130861007"
"Micronesia, Fed. Sts.","FSM","Fertility rate, total (births per woman)","SP.DYN.TFRT.IN","6.742","6.74","6.729","6.713","6.737","6.743","6.781","6.81","6.84","6.877","6.928","6.938","6.961","6.971","6.928","6.879","6.818","6.742","6.65","6.545","6.423","6.291","6.164","6.032","5.888","5.749","5.612","5.466","5.323","5.183","5.049","4.92","4.802","4.678","4.575","4.494","4.427","4.355","4.301","4.27","4.217","4.084","3.934","3.785","3.681","3.595","3.514","3.439","3.368","3.313","3.271","3.223","3.18","3.133","3.091","3.049","3.001","2.957","2.922","2.883","2.852","2.818","2.785","2.748",".."
"Micronesia, Fed. Sts.","FSM","Life expectancy at birth, total (years)","SP.DYN.LE00.IN","54.195","54.736","55.393","56.004","56.655","57.199","57.75","58.305","58.827","59.309","59.774","60.182","60.608","60.955","61.319","61.617","61.885","62.118","62.306","62.46","62.556","62.668","62.747","62.829","62.923","63.028","63.151","63.206","63.461","63.617","63.722","63.881","63.996","64.041","64.082","64.142","64.253","64.371","64.509","64.626","64.317","64.801","63.907","64.915","64.898","64.906","64.859","64.844","64.849","64.865","64.892","64.969","65.08","65.179","65.294","65.306","65.576","65.761","65.943","66.196","65.878","66.152","66.961","67.198",".."
"Micronesia, Fed. Sts.","FSM","Population, total","SP.POP.TOTL","43061","44610","46218","47744","49181","50684","52258","53846","55457","57145","58922","60636","62278","63986","65749","67428","69049","70753","72754","75054","77407","79794","82219","84680","87176","89707","92266","94844","97097","99003","100888","102754","104806","107066","109075","110230","110710","111071","111377","111680","112044","112365","112448","112285","111925","111412","110729","109880","108936","107957","107540","107698","107890","108121","108396","108716","109075","109481","109909","110282","110916","111624","112114","112630","113160"
Moldova,"MDA","Fertility rate, total (births per woman)","SP.DYN.TFRT.IN","3.315","3.228","3.043","2.891","2.71","2.685","2.651","2.617","2.592","2.566","2.565","2.563","2.564","2.566","2.564","2.522","2.472","2.424","2.387","2.384","2.381","2.402","2.449","2.578","2.669","2.674","2.738","2.776","2.628","2.463","2.392","2.278","2.217","2.112","1.993","1.825","1.709","1.79","1.65","1.556","1.496","1.471","1.448","1.479","1.543","1.528","1.537","1.575","1.638","1.719","1.703","1.65","1.661","1.622","1.82","1.87","1.89","1.81","1.81","1.78","1.77","1.751","1.694","1.731",".."
Moldova,"MDA","Life expectancy at birth, total (years)","SP.DYN.LE00.IN","59.44","59.856","60.254","60.616","60.962","61.275","61.552","61.781","61.975","62.184","62.414","62.672","62.932","63.175","63.437","63.7","63.968","64.231","64.489","64.823","65.189","65.595","65.859","66.149","66.433","66.882","67.395","67.922","68.191","68.173","67.92","67.554","66.749","66.66","66.319","66.218","66.248","66.484","66.84","67.205","67.462","67.672","67.793","67.9","68.017","68.197","68.423","68.674","69","69.406","69.876","70.173","70.344","70.291","70.241","70.118","70.179","70.375","70.236","70.181","69.914","68.991","71.546","71.198",".."
Moldova,"MDA","Population, total","SP.POP.TOTL","2058020","2103327","2147227","2188895","2228000","2265287","2301871","2337695","2373073","2408469","2437590","2460611","2484742","2510584","2538164","2566998","2596491","2626298","2656211","2683035","2708675","2735987","2763101","2791207","2820518","2850787","2883057","2916306","2948891","2970039","2977912","2981566","2980965","2975966","2966745","2953200","2947293","2936413","2935227","2930622","2924668","2918135","2911385","2903198","2896023","2888985","2880967","2874299","2868833","2865213","2862354","2860699","2860324","2859558","2857815","2835978","2803186","2755189","2707203","2664224","2635130","2595809","2528654","2457783","2389275"
Monaco,"MCO","Fertility rate, total (births per woman)","SP.DYN.TFRT.IN","2.812","2.783","2.756","2.727","2.69","2.66","2.625","2.591","2.566","2.536","2.5","2.47","2.44","2.408","2.377","2.351","2.326","2.306","2.284","2.264","2.244","2.224","2.203","2.184","2.165","2.141","2.106","2.062","2.011","1.934","1.848","1.786","1.755","1.749","1.756","1.783","1.824","1.884","1.954","2.007","2.082","2.176","2.006","1.914","1.994","2.006","2.101","2.206","2.384","2.397","2.385","2.22","2.294","2.313","2.485","2.503","2.578","2.418","2.485","2.403","2.38","2.122","2.114","2.11",".."
Monaco,"MCO","Life expectancy at birth, total (years)","SP.DYN.LE00.IN","71.861","72.177","72.437","72.476","72.706","72.866","73.03","73.058","73.17","73.249","73.349","73.365","73.381","73.374","73.421","73.523","73.797","74.193","74.656","74.87","74.948","74.953","75.255","75.697","76.394","77.363","78.4","79.257","79.408","79.416","79.436","79.749","80.065","80.365","80.654","80.902","81.133","81.358","81.605","81.826","82.121","82.485","83.055","83.613","84.151","84.34","84.194","83.903","83.827","84.187","84.644","85.01","85.045","85.056","85.093","85.323","85.63","85.878","86.084","86.151","86.089","85.113","85.746","86.372",".."
Monaco,"MCO","Population, total","SP.POP.TOTL","21808","21901","22078","22385","22686","22941","23131","23230","23437","23831","24229","24576","24862","25072","25235","25500","25895","26273","26605","26892","27122","27293","27561","27960","28356","28731","29093","29446","29781","30084","30358","30625","30887","31136","31375","31609","31837","32063","32267","32410","32455","32447","32422","32374","32307","32210","32057","31837","31836","32364","33163","33946","34711","35447","36128","36757","37276","37678","38154","38109","38050","38527","38931","38956","38631"
Mongolia,"MNG","Fertility rate, total (births per woman)","SP.DYN.TFRT.IN","6.817","6.963","7.098","7.238","7.329","7.377","7.409","7.389","7.371","7.337","7.314","7.297","7.279","7.24","7.173","7.066","6.931","6.79","6.62","6.424","6.211","5.982","5.801","5.628","5.451","5.262","5.029","4.829","4.647","4.42","4.5","4","3.5","2.5","2.7","2.77","2.5","2.4","2.3","2.3","2.2","2.2","2.1","2","2","2","2.1","2.3","2.6","2.8","2.4","2.6","2.7","3","3.1","3","3","2.8","2.9","3","2.9","2.8","2.7","2.7",".."
Mongolia,"MNG","Life expectancy at birth, total (years)","SP.DYN.LE00.IN","44.5310487804878","45.3926829268293","46.2474146341463","47.106243902439","47.9171951219512","48.6831463414634","49.3344878048781","50.09","50.7391951219512","51.3599756097561","51.9505853658537","52.5202195121951","53.0728292682927","53.5671463414634","53.9876341463415","54.3009756097561","54.5484146341463","54.7357804878049","54.8861707317073","55.0270487804878","55.1848780487805","55.3730487804878","55.5940243902439","55.8454146341464","56.1206097560976","56.416756097561","56.7378048780488","57.0928536585366","57.4803414634146","58.1020243902439","58.8011951219512","59.8047317073171","60.4307073170732","60.8242195121951","60.859","60.892512195122","60.994","61.414512195122","62.0830731707317","62.7895365853659","63.2104878048781","63.3917073170732","63.540243902439","63.5753658536585","64.630243902439","65.2807317073171","65.9021951219512","66.5934146341464","67.2460975609756","67.9690243902439","68.5056097560976","69.109268292683","69.500243902439","70.0980487804878","70.5831707317073","70.810243902439","70.2239024390244","70.5434146341463","70.8270731707317","71.0531707317073","71.3490243902439","71.6451219512195","71.9007317073171","72.1224390243902",".."
Mongolia,"MNG","Population, total","SP.POP.TOTL","977595","1009284","1041444","1071362","1100234","1131177","1163754","1196996","1229930","1262284","1295272","1330071","1366821","1405502","1446050","1488296","1531945","1576245","1619468","1660659","1701335","1742857","1785364","1829092","1874349","1921514","1970965","2022800","2076322","2124185","2098710","2165342","2167790","2165130","2189395","2224945","2259507","2291750","2323809","2356813","2388299","2417751","2449027","2480374","2508412","2536407","2567168","2601850","2643201","2691115","2738622","2786317","2839705","2899011","2963113","3026864","3088856","3148917","3208189","3267673","3327204","3383741","3433748","3481145","3524788"
Montenegro,"MNE","Fertility rate, total (births per woman)","SP.DYN.TFRT.IN","3.532","3.487","3.443","3.382","3.279","3.186","3.093","2.912","2.795","2.791","2.687","2.673","2.611","2.512","2.434","2.381","2.352","2.307","2.247","2.197","2.217","2.193","2.186","2.166","2.136","2.129","2.091","2.07","2.006","1.938","1.945","2.015","2.013","1.955","1.936","1.958","1.922","1.886","1.893","1.884","1.903","1.855","1.813","1.804","1.734","1.69","1.73","1.8","1.89","1.98","1.7","1.65","1.72","1.73","1.75","1.7","1.8","1.8","1.8","1.8","1.75","1.75","1.8","1.74",".."
Montenegro,"MNE","Life expectancy at birth, total (years)","SP.DYN.LE00.IN","65.4921951219512","65.9281951219512","66.2178780487805","66.6071951219512","67.2085609756098","67.9017317073171","68.4289024390244","69.0755609756098","69.6431707317073","69.9628780487805","70.2063170731708","70.6126585365854","71.0364634146342","71.3676097560976","71.4118048780488","71.7094146341463","71.8461951219512","71.6151219512195","71.7102195121951","71.2804634146342","72.0325853658537","71.9192926829268","72.1014878048781","72.1067804878049","72.0980487804878","72.2386097560976","72.5884634146342","72.9833414634146","73.2131219512195","73.6204878048781","73.6963414634146","73.7667317073171","73.6216585365854","73.6938780487805","73.5877804878049","73.5649268292683","73.4447317073171","73.3429756097561","73.2877804878049","73.1438780487805","73.3968048780488","73.5801951219512","73.9652195121951","74.0557317073171","74.2056097560976","73.9829268292683","73.8390243902439","74.3390243902439","75.1365853658537","75.1439024390244","75.990243902439","76.0829268292683","76.3","76.490243902439","76.3390243902439","76.6024390243903","76.5414634146342","76.6853658536585","77.8853658536585","76.6829268292683","75.9317073170732","73.8243902439024","76.1878048780488","77.5878048780488",".."
Montenegro,"MNE","Population, total","SP.POP.TOTL","480579","491140","502558","513409","521753","526327","526419","522796","517481","513340","512407","515449","521785","530220","538902","546487","552562","557576","562065","566888","572608","579445","587001","594506","600884","605398","607711","608144","607413","606571","606372","607105","608516","610170","611389","611712","611003","609520","607662","606001","604950","607389","609828","612267","613353","614261","615025","615875","616969","618294","619428","620345","621418","622587","623744","624651","625353","625982","626438","626753","626590","625053","623591","623529","623831"
Morocco,"MAR","Fertility rate, total (births per woman)","SP.DYN.TFRT.IN","6.887","6.969","7.046","7.012","6.97","6.932","6.889","6.845","6.786","6.726","6.682","6.616","6.545","6.481","6.397","6.299","6.175","6.036","5.91","5.849","5.784","5.71","5.604","5.41","5.199","4.988","4.772","4.583","4.394","4.217","4.06","3.947","3.757","3.548","3.413","3.295","3.229","3.147","3.037","2.882","2.774","2.686","2.617","2.606","2.611","2.613","2.611","2.618","2.612","2.624","2.629","2.595","2.543","2.478","2.425","2.406","2.396","2.375","2.354","2.342","2.32","2.288","2.256","2.23",".."
Morocco,"MAR","Life expectancy at birth, total (years)","SP.DYN.LE00.IN","41.73","43.694","44.226","44.768","45.346","45.922","46.495","47.099","47.659","48.187","48.691","49.169","49.706","50.22","50.762","51.356","52.048","52.791","53.554","54.376","55.219","56.023","56.869","57.685","58.438","59.208","59.951","60.62","61.231","61.824","62.396","62.919","63.388","63.868","64.346","64.725","65.226","65.616","66.008","66.404","66.794","67.2","67.582","67.958","68.272","68.748","69.157","69.62","70.051","70.454","70.821","71.263","71.674","72.117","72.522","72.894","73.228","73.608","73.946","74.245","73.133","73.385","75.161","75.313",".."
Morocco,"MAR","Population, total","SP.POP.TOTL","11624933","11931085","12253092","12577502","12898886","13239171","13597065","13968175","14347899","14734255","15129449","15527225","15924692","16326269","16733842","17150786","17574182","18014756","18477385","18955589","19459943","19985401","20520318","21060696","21593778","22113953","22600803","23054392","23500524","23939414","24375551","24799014","25212468","25614586","26000822","26399429","26808107","27213337","27621648","28027179","28423435","28814643","29198142","29571415","29953018","30358144","30771178","31186468","31606767","32030778","32467016","32912588","33355241","33787571","34204780","34607588","35023457","35446392","35839760","36210898","36584208","36954442","37329064","37712505","38081173"
Mozambique,"MOZ","Fertility rate, total (births per woman)","SP.DYN.TFRT.IN","6.312","6.366","6.424","6.474","6.513","6.544","6.577","6.607","6.646","6.672","6.699","6.701","6.701","6.698","6.671","6.659","6.641","6.617","6.592","6.564","6.53","6.48","6.43","6.434","6.438","6.43","6.413","6.393","6.367","6.348","6.319","6.276","6.218","6.153","6.082","6.019","5.973","5.933","5.905","5.875","5.83","5.755","5.667","5.6","5.551","5.5","5.452","5.466","5.598","5.681","5.66","5.599","5.518","5.43","5.304","5.245","5.188","5.128","5.07","5.016","4.959","4.905","4.84","4.763",".."
Mozambique,"MOZ","Life expectancy at birth, total (years)","SP.DYN.LE00.IN","41.197","41.5","41.761","41.958","41.656","41.792","41.835","41.953","42.1","42.267","42.459","42.581","42.523","42.724","43.211","43.821","43.923","43.924","43.963","43.914","43.987","41.643","41.677","41.596","38.897","38.984","40.951","41.002","43.691","43.889","44.337","44.705","45.095","45.675","46.086","46.546","47.121","47.8","48.212","48.837","49.476","50.259","50.879","51.383","51.855","52.322","52.748","53.255","53.799","54.4","55.04","55.733","56.46","57.189","57.965","58.711","59.455","60.148","60.79","61.306","61.39","60.268","63.011","63.611",".."
Mozambique,"MOZ","Population, total","SP.POP.TOTL","6713695","6834936","6969364","7109828","7255061","7406421","7562990","7724550","7892613","8066951","8250506","8456317","8692935","8954242","9236093","9540817","9867209","10224975","10618250","11028809","11336221","11568127","11824370","12073822","12315954","12548949","12770578","12822574","12800558","12906842","13094537","13352090","13613316","14051192","15033853","15960530","16492480","16949982","17340464","17734506","18129653","18537729","18958338","19392475","19840313","20304569","20787087","21287635","21819036","22391745","22999235","23649039","24337846","25051611","25788475","26547572","27337105","28166393","29018644","29884380","30783688","31707800","32656246","33635160","34631766"
Myanmar,"MMR","Fertility rate, total (births per woman)","SP.DYN.TFRT.IN","5.901","5.9","5.904","5.905","5.907","5.912","5.876","5.842","5.797","5.747","5.682","5.615","5.527","5.435","5.341","5.249","5.159","5.069","4.985","4.897","4.789","4.688","4.662","4.633","4.517","4.316","4.081","3.861","3.67","3.593","3.504","3.432","3.354","3.281","3.204","3.127","3.058","2.985","2.912","2.851","2.813","2.793","2.765","2.68","2.588","2.515","2.471","2.447","2.404","2.369","2.335","2.306","2.276","2.264","2.252","2.266","2.27","2.252","2.228","2.206","2.179","2.158","2.131","2.115",".."
Myanmar,"MMR","Life expectancy at birth, total (years)","SP.DYN.LE00.IN","44.086","44.603","45.264","45.951","46.653","47.405","48.181","48.86","49.4","50.02","50.47","51.027","51.397","51.763","52.092","52.493","52.908","53.266","53.522","54.026","54.374","54.699","55.033","55.308","55.596","55.816","56.084","56.353","56.57","56.889","57.159","57.395","57.681","58.032","58.326","58.671","59.169","59.523","59.896","60.107","60.357","60.64","60.925","61.196","61.443","61.72","62.026","62.367","56.364","63.095","63.479","63.859","64.251","64.617","64.994","65.288","65.64","65.909","66.232","66.457","66.612","65.553","66.506","66.889",".."
Myanmar,"MMR","Population, total","SP.POP.TOTL","21730250","22210581","22704719","23213408","23737315","24279431","24836496","25406429","25989662","26585112","27193016","27807219","28428324","29026388","29598167","30176565","30758811","31355966","31972976","32596550","33227204","33858783","34482965","35162715","35899313","36622827","37314878","37971594","38600927","39214618","39817251","40394154","40950342","41502429","42055143","42605338","43154860","43708798","44257793","44787724","45290841","45771139","46232653","46667192","47068772","47438365","47785135","48125043","48390793","48660459","49024382","49419820","49837446","50262658","50681634","51089056","51495696","51894938","52272247","52640713","53016522","53387102","53756787","54133798","54500091"
Namibia,"NAM","Fertility rate, total (births per woman)","SP.DYN.TFRT.IN","6.243","6.293","6.35","6.408","6.428","6.445","6.472","6.485","6.502","6.508","6.52","6.521","6.533","6.54","6.552","6.533","6.494","6.441","6.384","6.314","6.238","6.159","6.078","5.995","5.94","5.877","5.793","5.699","5.609","5.517","5.398","5.29","5.107","4.905","4.676","4.417","4.201","4.166","4.176","4.138","3.991","3.827","3.693","3.58","3.545","3.571","3.601","3.608","3.616","3.633","3.657","3.658","3.676","3.653","3.635","3.604","3.574","3.511","3.462","3.404","3.349","3.303","3.248","3.212",".."
Namibia,"NAM","Life expectancy at birth, total (years)","SP.DYN.LE00.IN","48.529","49.242","49.972","50.641","51.349","51.997","52.301","52.933","53.553","54.126","54.686","55.289","55.845","56.422","56.943","57.55","58.041","58.586","59.111","59.519","56.572","56.912","57.335","57.637","58.097","58.472","58.725","59.123","59.033","60.773","61.359","60.833","60.16","59.26","58.441","57.518","56.639","55.844","54.767","53.983","52.946","51.98","51.988","51.918","52.175","52.557","53.183","54.026","54.74","55.347","56.093","56.647","57.733","58.468","59.311","60.008","60.81","61.661","62.579","63.546","64.071","60.85","64.19","67.385",".."
Namibia,"NAM","Population, total","SP.POP.TOTL","591465","603067","615759","629589","644530","660558","677655","696045","715542","736120","757868","780584","804399","828928","854320","881032","906566","931104","947269","962825","981434","992500","1010308","1037511","1065989","1096890","1131081","1167889","1209696","1288947","1369303","1415684","1461322","1508697","1556304","1602170","1646103","1689264","1732745","1776368","1818647","1857048","1889970","1917464","1942082","1966582","1991888","2018600","2047056","2077394","2109811","2146325","2194654","2252508","2312139","2374300","2439213","2506853","2577327","2650494","2728762","2810548","2889662","2963095","3030131"
Nauru,"NRU","Fertility rate, total (births per woman)","SP.DYN.TFRT.IN","5.337","5.376","5.423","5.441","5.473","5.476","5.412","5.294","5.139","4.942","4.74","4.541","4.355","4.192","4.067","3.972","3.899","3.858","3.843","3.847","3.878","3.935","3.993","4.056","4.108","4.144","4.149","4.143","4.114","4.068","4.02","3.991","3.952","3.887","3.837","3.808","3.775","3.738","3.683","3.636","3.543","3.461","3.4","3.388","3.378","3.377","3.4","3.504","3.665","3.847","4.019","4.117","4.115","4.098","4.085","4.075","4.027","3.879","3.683","3.531","3.466","3.425","3.379","3.331",".."
Nauru,"NRU","Life expectancy at birth, total (years)","SP.DYN.LE00.IN","57.924","58.005","58.023","58.099","58.167","58.255","58.385","58.62","58.633","58.408","58.449","58.427","58.405","58.362","58.31","58.251","58.215","58.144","58.288","58.374","58.471","58.555","58.635","58.694","58.658","58.598","58.591","58.625","58.725","58.9","59.102","59.312","59.518","59.761","59.954","60.063","60.07","59.985","59.86","59.701","59.574","59.482","59.427","59.359","59.346","59.361","59.409","59.49","59.675","59.852","60.074","60.287","60.533","60.701","60.834","60.897","60.996","61.101","61.238","61.393","61.527","61.331","61.93","62.109",".."
Nauru,"NRU","Population, total","SP.POP.TOTL","4607","4774","4979","5226","5515","5832","6043","6135","6328","6581","6710","6762","6812","6866","6923","6987","7064","7163","7298","7468","7649","7839","8040","8216","8377","8551","8742","8946","9165","9390","9622","9850","10021","10102","10137","10165","10183","10197","10198","10187","10168","10130","10082","10059","10060","10049","10034","10020","10009","10016","10043","10098","10267","10517","10742","10954","11150","11324","11477","11587","11643","11709","11801","11875","11947"
Nepal,"NPL","Fertility rate, total (births per woman)","SP.DYN.TFRT.IN","6.069","6.093","6.082","6.056","6.043","6.007","5.98","5.954","5.944","5.893","5.869","5.845","5.801","5.701","5.75","5.733","5.717","5.688","5.676","5.644","5.603","5.576","5.549","5.536","5.509","5.457","5.4","5.348","5.307","5.258","5.211","5.151","5.074","5.042","4.964","4.869","4.668","4.442","4.275","4.13","3.984","3.793","3.604","3.439","3.279","3.115","2.967","2.857","2.737","2.63","2.541","2.462","2.42","2.36","2.319","2.273","2.226","2.173","2.12","2.08","2.051","2.025","2.002","1.984",".."
Nepal,"NPL","Life expectancy at birth, total (years)","SP.DYN.LE00.IN","38.652","38.966","39.333","39.608","40.229","40.688","41.239","41.71","42.173","42.722","43.151","43.616","44.068","44.485","44.919","45.499","45.991","46.628","47.202","47.766","48.333","48.662","49.181","49.676","50.227","50.922","51.594","52.382","53.109","54.013","54.771","55.65","56.686","57.597","58.631","59.323","60.044","60.823","61.532","62.035","62.642","63.288","63.507","64.229","64.744","65.275","65.891","66.169","66.442","66.6","66.772","67.123","67.364","67.598","67.812","67.374","68.444","68.74","69.036","69.299","69.106","68.385","70.087","70.354",".."
Nepal,"NPL","Population, total","SP.POP.TOTL","10123658","10318396","10521116","10729818","10946392","11173411","11408710","11652716","11906266","12167036","12436190","12710061","12989099","13275239","13568435","13870695","14177649","14499175","14839695","15190590","15553105","15922423","16297987","16689119","17085242","17477692","17868124","18250505","18638661","19057807","19524573","20036500","20609707","21180159","21717479","22245439","22741862","23219463","23680357","24125199","24546509","24946748","25328981","25688758","26016656","26309458","26565425","26788492","26990037","27173035","27341952","27464494","27534915","27589996","27672370","27823629","27955462","28011258","28079689","28414064","28966574","29475010","29715436","29694614","29651054"
Netherlands,"NLD","Fertility rate, total (births per woman)","SP.DYN.TFRT.IN","3.12","3.22","3.18","3.19","3.17","3.04","2.9","2.81","2.72","2.75","2.57","2.36","2.15","1.9","1.77","1.66","1.63","1.58","1.58","1.56","1.6","1.56","1.5","1.47","1.49","1.51","1.55","1.56","1.55","1.55","1.62","1.61","1.59","1.57","1.57","1.53","1.53","1.56","1.63","1.65","1.72","1.71","1.73","1.75","1.72","1.71","1.72","1.72","1.77","1.79","1.79","1.76","1.72","1.68","1.71","1.66","1.66","1.62","1.59","1.57","1.54","1.62","1.49","1.43",".."
Netherlands,"NLD","Life expectancy at birth, total (years)","SP.DYN.LE00.IN","73.3926829268293","73.6526829268293","73.3239024390244","73.3370731707317","73.7041463414634","73.5687804878049","73.5129268292683","73.8041463414634","73.6126829268293","73.539512195122","73.5856097560976","73.809512195122","73.7270731707317","74.1439024390244","74.5368292682927","74.4987804878049","74.6470731707317","75.2214634146342","75.1451219512195","75.6060975609756","75.7431707317073","75.9343902439025","75.9885365853659","76.1641463414634","76.2331707317073","76.2846341463415","76.2704878048781","76.7051219512195","76.890243902439","76.7341463414634","76.8780487804878","77","77.2170731707317","76.9165853658537","77.3751219512195","77.4046341463415","77.4356097560976","77.7943902439024","77.8829268292683","77.8365853658537","77.9878048780488","78.190243902439","78.2926829268293","78.4926829268293","79.0951219512195","79.3463414634146","79.6975609756098","80.0975609756098","80.2512195121951","80.5487804878049","80.7024390243902","81.2048780487805","81.1048780487805","81.3048780487805","81.7073170731707","81.509756097561","81.5609756097561","81.7609756097561","81.8121951219512","82.1121951219512","81.3585365853659","81.309756097561","81.6146341463415","81.9146341463415",".."
Netherlands,"NLD","Population, total","SP.POP.TOTL","11486631","11638712","11805689","11965966","12127120","12294732","12456251","12598201","12729721","12877984","13038526","13194497","13328593","13439322","13545056","13666335","13774037","13856185","13941700","14038270","14149800","14247208","14312690","14367070","14424211","14491632","14572278","14665037","14760094","14848907","14951510","15069798","15184166","15290368","15382838","15459006","15530498","15610650","15707209","15812088","15925513","16046180","16148929","16225302","16281779","16319868","16346101","16381696","16445593","16530388","16615394","16693074","16754962","16804432","16865008","16939923","17030314","17131296","17231624","17344874","17441500","17533044","17700982","17877117","17994237"
New Caledonia,"NCL","Fertility rate, total (births per woman)","SP.DYN.TFRT.IN","5.436","5.465","5.388","5.343","5.368","5.311","5.248","5.15","5.058","5.008","5.07","5.051","5.047","4.932","4.686","4.456","4.231","4.054","3.875","3.749","3.659","3.586","3.484","3.353","3.164","3.046","3.079","3.081","3.083","3.057","3.1","3.072","2.948","2.823","2.715","2.652","2.654","2.646","2.547","2.484","2.509","2.422","2.347","2.268","2.243","2.227","2.241","2.215","2.204","2.194","2.187","2.2","2.202","2.167","2.118","2.079","2.078","2.043","2.041","2.05","2.022","2.012","1.998","1.98",".."
New Caledonia,"NCL","Life expectancy at birth, total (years)","SP.DYN.LE00.IN","52.341","53.068","53.795","54.531","55.287","56.066","56.871","57.688","58.503","59.3","60.057","60.785","61.413","62.1","62.69","63.239","63.751","64.236","64.702","65.154","65.601","65.987","66.51","66.972","67.419","67.843","68.239","68.597","68.92","69.221","69.526","69.82","70.143","70.504","70.897","71.314","71.75","72.204","72.677","73.141","73.574","73.958","74.278","74.5","74.713","74.867","75.016","75.181","75.398","75.676","75.992","76.315","76.615","76.867","77.053","77.206","77.359","77.504","77.557","77.262","77.049","77.113","77.698","78.766",".."
New Caledonia,"NCL","Population, total","SP.POP.TOTL","79819","82521","85334","88050","90602","93159","95820","98587","101441","104849","109338","114514","119931","125585","131452","137462","142091","144599","146392","148132","149817","151441","153001","155003","157583","160234","162898","165650","168502","172029","176456","181238","186072","190857","195614","200379","205034","209560","214047","218527","223098","227707","232236","236678","240852","244381","247547","250725","253825","257250","261582","266543","271633","276822","281224","283168","283423","283546","283541","283606","284176","285214","287123","289870","292639"
New Zealand,"NZL","Fertility rate, total (births per woman)","SP.DYN.TFRT.IN","4.24","4.31","4.19","4.05","3.8","3.54","3.41","3.35","3.34","3.28","3.17","3.18","3","2.76","2.58","2.37","2.27","2.21","2.07","2.12","2.03","2.01","1.95","1.92","1.93","1.93","1.96","2.03","2.1","2.12","2.18","2.09","2.06","2.04","1.98","1.98","1.96","1.96","1.89","1.97","1.98","1.97","1.89","1.93","1.98","1.97","2.01","2.18","2.19","2.13","2.17","2.09","2.1","2.01","1.92","1.99","1.87","1.81","1.71","1.72","1.61","1.64","1.66","1.56",".."
New Zealand,"NZL","Life expectancy at birth, total (years)","SP.DYN.LE00.IN","71.2365853658537","70.9853658536585","71.2317073170732","71.280487804878","71.3292682926829","71.2268292682927","71.1243902439025","71.4731707317073","71.1243902439025","71.4731707317073","71.2731707317073","71.7731707317073","71.8292682926829","71.6682926829268","71.9243902439024","72.219512195122","72.4219512195122","72.1682926829268","73.019512195122","73.0682926829269","72.8292682926829","73.6219512195122","73.7243902439024","73.7756097560976","74.3707317073171","73.8292682926829","74.1219512195122","74.1780487804878","74.4243902439024","74.8243902439024","75.3780487804878","76.0317073170732","76.1243902439025","76.4341463414634","76.8829268292683","76.7341463414634","76.7878048780488","77.3341463414634","78.0853658536585","77.890243902439","78.6365853658537","78.6926829268293","78.8463414634146","79.1463414634146","79.5487804878049","79.8512195121951","80.0487804878049","80.1512195121951","80.3512195121951","80.7024390243902","80.9048780487805","81.1560975609756","81.4073170731707","81.4048780487805","81.4568292682927","81.6124390243903","81.6585365853659","81.8585365853659","81.7073170731707","82.0560975609756","82.2560975609756","82.2073170731707","81.9585365853658","83.0048780487805",".."
New Zealand,"NZL","Population, total","SP.POP.TOTL","2371800","2419700","2482000","2531800","2585400","2628400","2675900","2724100","2748100","2772800","2810700","2853000","2903900","2961300","3023700","3083100","3110500","3120200","3121200","3109000","3112900","3124900","3156100","3199300","3227100","3247100","3246300","3274400","3283400","3299200","3329800","3495100","3531700","3572200","3620000","3673400","3732000","3781300","3815000","3835100","3857700","3880500","3948500","4027200","4087500","4133900","4184600","4223800","4259800","4302600","4350700","4384000","4408100","4442100","4516500","4609400","4714100","4813600","4900600","4979200","5090200","5111300","5117100","5245000","5338500"
Nicaragua,"NIC","Fertility rate, total (births per woman)","SP.DYN.TFRT.IN","7.159","7.112","7.1","7.081","7.064","7.033","6.99","6.94","6.885","6.825","6.773","6.714","6.653","6.586","6.521","6.445","6.366","6.28","6.164","6.069","5.959","5.84","5.737","5.611","5.488","5.359","5.217","5.073","4.931","4.762","4.596","4.432","4.267","4.102","3.937","3.775","3.62","3.473","3.339","3.218","3.12","2.996","2.887","2.827","2.784","2.765","2.733","2.697","2.66","2.626","2.596","2.558","2.527","2.492","2.463","2.434","2.407","2.378","2.347","2.321","2.299","2.265","2.24","2.218",".."
Nicaragua,"NIC","Life expectancy at birth, total (years)","SP.DYN.LE00.IN","46.399","47.289","47.981","48.752","49.586","50.647","51.579","52.348","52.865","53.35","53.815","54.219","47.957","55.023","55.401","55.774","56.118","56.126","53.533","50.828","57.953","58.278","58.685","56.851","56.126","56.4","57.558","57.329","59.833","61.884","62.473","63.31","63.672","64.093","64.549","64.869","65.215","65.523","64.111","65.892","66.36","67.028","67.95","68.749","69.51","70.374","70.958","71.197","71.404","71.499","71.761","72.033","72.435","72.551","72.792","72.899","73.18","73.389","73.879","73.764","70.766","70.478","74.463","74.947",".."
Nicaragua,"NIC","Population, total","SP.POP.TOTL","1782370","1836451","1892320","1950159","2010176","2072681","2137820","2205567","2275836","2348398","2423065","2499825","2573578","2649278","2732075","2816943","2903851","2992534","3080314","3164525","3252403","3345674","3438745","3530282","3619104","3706479","3794157","3882164","3972320","4066476","4162559","4259637","4357026","4453732","4549316","4642931","4729974","4809573","4883655","4954018","5022633","5087825","5149909","5210963","5272912","5342105","5418855","5497243","5576593","5656601","5737450","5819051","5901287","5983845","6066492","6149417","6232666","6316231","6400080","6483657","6565267","6644741","6730654","6823613","6916140"
Niger,"NER","Fertility rate, total (births per woman)","SP.DYN.TFRT.IN","7.53","7.512","7.501","7.489","7.48","7.466","7.481","7.49","7.497","7.506","7.514","7.518","7.523","7.529","7.539","7.539","7.563","7.595","7.662","7.722","7.782","7.822","7.862","7.902","7.921","7.932","7.904","7.871","7.841","7.818","7.806","7.798","7.795","7.79","7.786","7.776","7.78","7.802","7.84","7.84","7.829","7.81","7.797","7.789","7.777","7.769","7.744","7.726","7.702","7.679","7.64","7.592","7.527","7.445","7.342","7.215","7.043","6.874","6.706","6.537","6.369","6.2","6.135","6.061",".."
Niger,"NER","Life expectancy at birth, total (years)","SP.DYN.LE00.IN","36.193","36.287","36.319","36.437","36.464","36.404","36.331","36.243","36.128","36.003","35.919","35.294","35.813","35.938","36.195","36.568","37.101","37.689","38.267","38.889","39.344","39.637","39.844","39.979","39.989","40.12","40.251","40.468","40.791","41.188","41.732","42.289","43.064","43.838","44.586","45.504","46.313","47.097","47.807","48.48","49.172","49.872","50.645","51.545","52.402","53.32","54.223","55.063","55.852","56.487","57.08","57.6","57.987","58.364","58.693","58.85","59.228","59.524","59.765","60.031","59.89","59.542","60.398","61.183",".."
Niger,"NER","Population, total","SP.POP.TOTL","3505050","3608162","3714520","3823873","3935814","4049695","4165544","4283590","4403637","4525725","4650275","4776225","4904845","5037865","5174953","5317019","5464962","5619716","5782932","5955556","6135971","6322006","6512732","6708644","6909971","7118457","7335811","7561150","7793748","8034780","8286059","8546900","8817633","9100789","9398258","9714529","10044852","10383969","10741413","11117411","11509630","11920647","12349144","12796984","13265836","13756192","14268581","14803610","15361915","15943675","16548835","17176283","17836769","18519898","19215909","19939498","20685753","21435446","22188069","22947757","23717613","24502140","25311973","26159867","27032412"
Nigeria,"NGA","Fertility rate, total (births per woman)","SP.DYN.TFRT.IN","6.364","6.353","6.356","6.349","6.362","6.367","6.386","6.401","6.42","6.438","6.466","6.532","6.579","6.633","6.703","6.773","6.806","6.862","6.921","6.887","6.847","6.82","6.799","6.775","6.701","6.616","6.557","6.504","6.498","6.494","6.459","6.426","6.391","6.354","6.319","6.273","6.217","6.138","6.069","6.082","6.124","6.128","6.116","6.1","6.09","6.063","6.053","6.027","6.024","5.993","5.948","5.893","5.797","5.694","5.622","5.503","5.343","5.182","5.021","4.861","4.7","4.636","4.552","4.482",".."
Nigeria,"NGA","Life expectancy at birth, total (years)","SP.DYN.LE00.IN","37.207","37.427","37.606","37.806","37.98","38.221","38.355","37.497","38.642","38.946","40.008","40.606","41.273","41.831","42.489","43.054","44.186","44.847","45.348","45.738","45.959","46.309","46.437","46.442","46.339","46.193","45.953","45.89","45.834","45.83","45.733","45.483","45.587","45.783","45.748","45.87","45.833","45.96","46.148","46.609","47.143","47.549","48.02","48.618","49.148","49.538","49.876","50.381","50.748","51.08","51.315","51.49","51.688","51.827","51.94","51.939","52.189","52.397","52.669","53.009","53.072","53.455","54.079","54.462",".."
Nigeria,"NGA","Population, total","SP.POP.TOTL","45053782","45989310","46965292","47973575","49012016","50086764","51188234","52293065","53432783","54631914","55893838","57214684","58601748","60082139","61679144","63410815","65258009","67234590","69326532","71498242","73764641","76068103","78378701","80438260","82526443","84897973","87235953","89591716","92020090","94531014","97120925","99720162","102372770","105122069","107935714","110819428","113754779","116754792","119846254","123047320","126382494","129862595","133471989","137202644","141057045","145017253","149077334","153267261","157595014","162049464","166642886","171379598","176200625","181049443","185896915","190671878","195443700","200254579","204938755","209485641","213996181","218529286","223150896","227882945","232679478"
North Macedonia,"MKD","Fertility rate, total (births per woman)","SP.DYN.TFRT.IN","3.826","3.615","3.503","3.616","3.56","3.516","3.432","3.332","3.219","3.101","3.012","2.927","2.865","2.719","2.698","2.692","2.623","2.49","2.416","2.401","2.363","2.293","2.286","2.25","2.24","2.252","2.253","2.315","2.324","2.25","2.269","2.31","2.281","2.26","2.232","2.13","2.059","1.916","1.89","1.77","1.863","1.729","1.786","1.745","1.524","1.5","1.46","1.46","1.47","1.5","1.6","1.46","1.5","1.5","1.5","1.49","1.5","1.43","1.42","1.34","1.31","1.6","1.6","1.5",".."
North Macedonia,"MKD","Life expectancy at birth, total (years)","SP.DYN.LE00.IN","60.5017317073171","61.7780975609756","59.2847317073171","61.3576097560976","61.5034146341463","62.5633658536586","63.4809024390244","63.7112926829268","64.5210975609756","63.9315365853659","64.9018292682927","65.1379268292683","65.5685853658537","66.9862682926829","67.0261951219512","67.1628780487805","67.7716829268293","68.1356585365854","68.9548780487805","69.0623658536585","68.9679756097561","69.3280975609756","69.7328536585366","69.6072926829268","70.0617804878049","70.0877804878049","70.1540975609756","70.2638048780488","70.3136097560976","70.9574634146342","71.1720975609756","71.5829024390244","71.1484634146342","71.5965609756098","71.6926829268293","71.8487804878049","72.4951219512195","72.4463414634146","72.2975609756098","72.790243902439","72.9463414634147","73.4365853658537","73.0390243902439","73.2414634146342","73.5975609756098","73.6975609756098","73.8951219512195","73.8","74.4","74.4463414634146","74.9975609756098","75.1","74.9024390243903","75.4","75.4512195121951","75.4024390243902","75.4","75.9536585365854","76.6487804878049","76.6024390243903","74.3951219512195","73.2463414634146","74.4248780487805","75.3160975609756",".."
North Macedonia,"MKD","Population, total","SP.POP.TOTL","1435059","1455171","1471745","1488737","1510900","1533466","1557349","1582492","1608930","1636345","1664208","1691216","1717395","1743816","1770545","1797972","1825830","1853138","1879847","1906523","1933038","1959065","1978956","1991901","2003399","2014331","2024732","2035157","2045737","2055649","2063689","2055994","2032523","2006854","1992666","1998534","2012553","1996869","2007523","2017142","2026350","2034882","2020157","2022725","2016186","2005330","1994287","1982933","1971493","1958782","1946298","1937398","1929821","1922716","1917557","1912430","1906313","1898657","1889051","1876262","1856124","1837114","1831712","1827816","1792179"
Northern Mariana Islands,"MNP","Fertility rate, total (births per woman)","SP.DYN.TFRT.IN","5.958","5.912","5.848","5.793","5.716","5.658","5.589","5.701","7.741","7.623","7.439","7.134","6.776","6.398","6.02","5.625","5.234","4.829","4.434","4.047","3.647","3.258","2.896","2.581","2.323","2.145","2.174","2.343","2.157","2.015","2.338","2.823","3.066","3.226","2.978","3.077","2.588","2.245","1.685","1.614","1.64","1.736","1.678","1.893","2.066","2.256","2.613","2.786","2.815","2.736","2.982","3.208","3.328","3.535","3.372","3.134","2.923","2.762","2.643","2.559","2.494","2.441","2.388","2.348",".."
Northern Mariana Islands,"MNP","Life expectancy at birth, total (years)","SP.DYN.LE00.IN","61.39","61.671","61.972","62.308","62.592","62.958","63.331","63.711","64.076","64.475","64.831","65.196","65.557","65.988","66.434","66.85","67.278","67.653","67.903","68.123","68.302","68.479","68.692","68.858","69.062","69.231","69.357","69.48","69.614","69.784","70.038","70.362","70.762","71.156","71.533","71.938","72.442","72.947","73.573","74.262","74.9","75.419","75.934","76.505","76.789","77.307","77.688","77.863","77.938","77.903","77.8","77.688","77.566","77.452","77.377","77.36","77.392","77.47","77.51","77.844","78.03","78.16","78.531","78.808",".."
Northern Mariana Islands,"MNP","Population, total","SP.POP.TOTL","8736","8995","9280","9595","9925","10264","10612","10749","10468","9989","10170","11271","12636","13880","14655","15065","15438","15787","16130","16488","17625","19826","22350","24936","27575","30258","32980","35736","38519","41303","43342","44393","45181","45952","46730","48176","51706","56596","61337","65916","68356","67984","66778","65421","63938","62354","60682","58941","57150","55325","54091","53608","53234","52758","52178","51514","50773","49959","49077","48129","47528","46979","46078","45143","44278"
Norway,"NOR","Fertility rate, total (births per woman)","SP.DYN.TFRT.IN","2.85","2.94","2.91","2.93","2.98","2.94","2.9","2.81","2.75","2.7","2.5","2.49","2.38","2.23","2.13","1.98","1.86","1.75","1.77","1.75","1.72","1.7","1.71","1.66","1.66","1.68","1.71","1.74","1.84","1.89","1.93","1.92","1.88","1.86","1.87","1.87","1.89","1.86","1.81","1.85","1.85","1.78","1.75","1.8","1.83","1.84","1.9","1.9","1.96","1.98","1.95","1.88","1.85","1.78","1.75","1.72","1.71","1.62","1.56","1.53","1.48","1.55","1.41","1.4",".."
Norway,"NOR","Life expectancy at birth, total (years)","SP.DYN.LE00.IN","73.549756097561","73.5504878048781","73.4480487804878","73.0775609756098","73.5958536585366","73.7231707317073","73.9953658536585","74.0665853658537","73.9419512195122","73.6634146341463","74.0880487804878","74.1792682926829","74.3446341463415","74.4421951219512","74.7536585365854","74.8175609756098","75.039512195122","75.3868292682927","75.4185365853659","75.4139024390244","75.6717073170732","75.8690243902439","76.0109756097561","76.0668292682927","76.2243902439024","75.9168292682927","76.2412195121951","76.0817073170732","76.2204878048781","76.500487804878","76.5373170731707","76.9807317073171","77.1843902439025","77.1517073170732","77.689756097561","77.7365853658537","78.1504878048781","78.1426829268293","78.3292682926829","78.2829268292683","78.6341463414634","78.7853658536585","78.9878048780488","79.390243902439","79.8414634146342","80.0414634146342","80.3439024390244","80.3951219512195","80.5926829268293","80.7951219512195","80.9975609756098","81.2951219512195","81.4512195121951","81.7512195121951","82.1","82.3048780487805","82.4073170731707","82.609756097561","82.7585365853659","82.9585365853659","83.209756097561","83.1634146341463","82.509756097561","83.1121951219512",".."
Norway,"NOR","Population, total","SP.POP.TOTL","3581239","3609800","3638918","3666537","3694339","3723168","3753012","3784539","3816486","3847707","3875763","3903039","3933004","3960612","3985258","4007313","4026152","4043205","4058671","4072517","4085620","4099702","4114787","4128432","4140099","4152516","4167354","4186905","4209488","4226901","4241473","4261732","4286401","4311991","4336613","4359184","4381336","4405157","4431464","4461913","4490967","4513751","4538159","4564855","4591910","4623291","4660677","4709153","4768212","4828726","4889252","4953088","5018573","5079623","5137232","5188607","5234519","5276968","5311916","5347896","5379475","5408320","5457127","5519594","5572272"
Oman,"OMN","Fertility rate, total (births per woman)","SP.DYN.TFRT.IN","7.277","7.287","7.318","7.334","7.37","7.391","7.412","7.437","7.462","7.489","7.523","7.558","7.588","7.625","7.672","7.711","7.743","7.781","7.818","7.85","7.887","7.904","7.837","7.748","7.642","7.512","7.352","7.175","6.953","6.717","6.456","6.197","5.919","5.638","5.359","5.067","4.79","4.524","4.274","4.064","3.852","3.662","3.51","3.371","3.2","3.029","2.879","2.761","2.762","2.829","2.973","2.955","2.928","2.954","2.97","2.965","2.949","2.923","2.81","2.696","2.638","2.588","2.449","2.525",".."
Oman,"OMN","Life expectancy at birth, total (years)","SP.DYN.LE00.IN","35.429","36.386","37.413","38.498","39.628","40.791","41.975","43.177","44.395","45.624","46.64","47.868","48.717","49.964","51.228","52.511","54.448","55.524","57.037","58.328","59.601","60.802","62.049","63.192","64.272","65.281","66.168","66.979","67.718","68.393","69.012","69.584","70.114","70.608","71.072","71.56","72.023","72.463","72.882","73.276","73.643","73.979","74.276","74.521","74.82","75.07","75.354","75.596","76.124","76.631","77.184","77.74","78.187","78.633","79.03","79.346","79.581","79.748","79.864","79.946","77.763","75.969","77.911","80.031",".."
Oman,"OMN","Population, total","SP.POP.TOTL","530485","539854","549941","560827","572577","585236","598804","613318","628798","645255","662680","681119","700593","721179","746988","778864","814701","855314","900304","949116","1001248","1057320","1117678","1181459","1247716","1325480","1413419","1500996","1588568","1676228","1763954","1851473","1938238","2021675","2081834","2120528","2156926","2190720","2222489","2252909","2282131","2310217","2337140","2363796","2404821","2459802","2514795","2570174","2626529","2684659","2757446","3076763","3547106","3833913","4002439","4184895","4390877","4537396","4597877","4591241","4522497","4500424","4730226","5049269","5281538"
Pakistan,"PAK","Fertility rate, total (births per woman)","SP.DYN.TFRT.IN","6.8","6.8","6.8","6.8","6.8","6.8","6.8","6.8","6.8","6.8","6.801","6.802","6.805","6.808","6.811","6.812","6.808","6.799","6.783","6.761","6.734","6.704","6.674","6.644","6.615","6.585","6.554","6.518","6.476","6.425","6.364","6.291","6.207","6.112","6.008","5.894","5.771","5.642","5.507","5.462","5.352","5.182","5.012","4.894","4.685","4.595","4.589","4.554","4.515","4.465","4.398","4.305","4.204","4.125","4.055","3.988","3.902","3.9","3.855","3.81","3.765","3.72","3.662","3.605",".."
Pakistan,"PAK","Life expectancy at birth, total (years)","SP.DYN.LE00.IN","44.101","44.956","45.85","46.761","47.831","48.495","49.797","50.763","51.624","52.316","52.943","49.002","53.824","54.09","54.266","54.722","55.069","55.482","56.072","56.614","57.199","57.764","58.291","58.663","58.921","59.075","59.167","59.222","59.36","59.528","59.728","59.864","59.983","60.083","60.197","60.273","60.466","60.623","61.134","61.54","61.903","62.241","62.556","62.834","63.097","62.416","63.624","63.807","64.002","64.206","64.378","64.659","64.883","65.129","65.374","65.641","65.943","66.223","66.481","66.729","65.701","65.773","67.417","67.649",".."
Pakistan,"PAK","Population, total","SP.POP.TOTL","45709310","46921277","48156128","49447776","50799999","52209010","53678667","55214768","56810507","58460939","60166719","61847899","63583194","65461912","67415487","69461175","71620254","73901827","76307379","78997039","82291010","85802049","89089246","92227711","95164936","98229285","101606764","105130717","108724739","112336629","116155576","120060406","123546848","127020117","130748083","134582253","138557092","142531804","146522356","150565377","154879127","159270907","163222549","167110248","171286000","175453212","179682690","184493231","189499113","194376534","199239047","203746065","207667125","211073978","214264647","217290883","220138869","223273967","226928892","230800899","235001746","239477801","243700667","247504495","251269164"
Palau,"PLW","Fertility rate, total (births per woman)","SP.DYN.TFRT.IN","7.189","7.173","7.145","7.117","7.076","7.014","6.932","6.836","6.714","6.576","6.387","6.164","5.896","5.592","5.258","4.903","4.526","4.09","3.74","3.486","3.351","3.276","3.22","3.143","3.08","3.01","2.976","2.933","2.905","2.917","2.881","2.742","2.71","2.727","2.661","2.553","2.39","2.187","2.006","1.906","1.819","1.87","1.923","1.962","1.989","2.017","1.996","1.968","1.947","1.935","1.937","1.965","2.006","2.054","2.032","2.002","2.055","2.019","1.97","1.984","1.972","1.95","1.927","1.907",".."
Palau,"PLW","Life expectancy at birth, total (years)","SP.DYN.LE00.IN","54.853","55.092","55.378","55.567","55.795","55.938","56.212","56.54","56.886","57.253","57.674","58.108","58.557","59.024","59.492","59.998","60.469","60.899","61.294","61.616","61.909","62.142","62.333","62.477","62.638","62.72","62.752","62.771","62.779","62.777","62.79","62.849","62.926","62.98","63.104","63.255","63.455","63.707","63.951","64.23","64.499","64.8","65.076","65.446","65.816","66.219","66.633","67.113","67.562","67.99","68.347","68.638","68.863","68.981","69.062","69.07","69.046","69.019","68.989","68.982","68.689","68.563","68.922","69.269",".."
Palau,"PLW","Population, total","SP.POP.TOTL","9328","9555","9793","10037","10292","10547","10805","10988","11080","11159","11368","11759","12194","12552","12687","12655","12598","12525","12440","12337","12271","12402","12694","13006","13337","13688","14024","14334","14645","14945","15259","15614","15989","16372","16770","17195","17654","18108","18524","18901","19178","19352","19503","19659","19820","19819","19593","19302","19009","18709","18396","18078","17765","17648","17715","17770","17797","17812","17814","17798","17792","17783","17759","17727","17695"
Panama,"PAN","Fertility rate, total (births per woman)","SP.DYN.TFRT.IN","5.829","5.865","5.872","5.865","5.808","5.728","5.649","5.534","5.411","5.287","5.175","5.054","4.908","4.741","4.576","4.414","4.264","4.118","3.984","3.884","3.796","3.723","3.659","3.601","3.519","3.427","3.339","3.251","3.173","3.121","3.072","2.999","2.95","2.909","2.877","2.852","2.83","2.81","2.789","2.767","2.744","2.72","2.698","2.679","2.68","2.643","2.62","2.612","2.608","2.593","2.587","2.604","2.591","2.569","2.552","2.53","2.502","2.462","2.402","2.288","2.184","2.152","2.139","2.119",".."
Panama,"PAN","Life expectancy at birth, total (years)","SP.DYN.LE00.IN","60.278","60.914","61.428","61.814","62.101","62.337","62.629","62.887","63.242","63.66","64.068","64.666","65.183","65.783","66.552","67.243","67.794","68.252","68.687","69.09","69.451","69.79","69.9","70.133","70.403","70.544","70.669","70.811","70.945","70.137","71.266","71.331","71.461","71.805","71.943","71.994","72.199","72.541","72.785","73.124","73.443","73.82","74.195","74.567","74.845","75.16","75.429","75.675","75.937","76.228","76.417","76.659","76.877","77.129","77.365","77.583","77.772","77.901","78.266","78.514","76.33","77.004","79.324","79.594",".."
Panama,"PAN","Population, total","SP.POP.TOTL","1126005","1159870","1195301","1232124","1270065","1308835","1348388","1388628","1429447","1470886","1513070","1556081","1599723","1643690","1687926","1732389","1776935","1821543","1866311","1911552","1957534","2004418","2052271","2101106","2150782","2200915","2251325","2301970","2352848","2403820","2455583","2508265","2561336","2615099","2669546","2724557","2780227","2836695","2893914","2951822","3010369","3069537","3129344","3189807","3251155","3313026","3375024","3437490","3500648","3564381","3628535","3693505","3759256","3825329","3892101","3960035","4029086","4098707","4167860","4234700","4293261","4345405","4400773","4458759","4515577"
Papua New Guinea,"PNG","Fertility rate, total (births per woman)","SP.DYN.TFRT.IN","6.018","6.074","6.135","6.153","6.191","6.203","6.232","6.242","6.252","6.258","6.25","6.229","6.197","6.16","6.114","6.065","6.018","5.957","5.879","5.785","5.705","5.645","5.587","5.563","5.514","5.47","5.415","5.359","5.302","5.243","5.18","5.109","5.033","4.962","4.87","4.78","4.728","4.679","4.632","4.587","4.525","4.469","4.419","4.362","4.283","4.22","4.148","4.076","4.015","3.941","3.883","3.816","3.746","3.684","3.625","3.558","3.495","3.432","3.382","3.322","3.274","3.215","3.165","3.099",".."
Papua New Guinea,"PNG","Life expectancy at birth, total (years)","SP.DYN.LE00.IN","45.805","46.425","46.706","47.674","48.295","48.927","49.566","50.247","50.884","51.523","52.144","52.593","53.25","53.853","54.441","54.984","55.53","56.05","56.523","56.967","57.391","57.76","58.075","58.294","58.583","58.804","59.017","59.232","59.381","59.598","59.778","59.94","60.26","60.466","60.726","60.929","61.071","61.27","60.435","61.505","61.609","61.647","61.643","61.741","61.795","61.868","62.018","62.211","62.511","62.772","63.056","63.382","63.639","63.927","64.198","64.473","64.7","64.923","65.114","65.331","65.075","64.358","65.274","66.134",".."
Papua New Guinea,"PNG","Population, total","SP.POP.TOTL","1995110","2046127","2093919","2141376","2188325","2235820","2285774","2337532","2390803","2446927","2505628","2566421","2628432","2690629","2752671","2814820","2877327","2940327","3003714","3067341","3131512","3197019","3264291","3333633","3405198","3478936","3554793","3632543","3711880","3796078","3896481","4021837","4166699","4320872","4480208","4644278","4813361","4987883","5166390","5349333","5537064","5728435","5924003","6123997","6328041","6535905","6747720","6963345","7183002","7406438","7633523","7859346","8081390","8302698","8523441","8743246","8961718","9178714","9394513","9609010","9815746","10012896","10203169","10389635","10576502"
Paraguay,"PRY","Fertility rate, total (births per woman)","SP.DYN.TFRT.IN","6.5","6.489","6.472","6.447","6.421","6.345","6.231","6.097","5.972","5.837","5.718","5.591","5.458","5.351","5.272","5.177","5.117","5.078","5.036","5.062","5.102","5.153","5.126","5.087","5.037","4.974","4.929","4.847","4.774","4.681","4.565","4.481","4.402","4.282","4.196","4.108","4.014","3.911","3.798","3.67","3.508","3.361","3.233","3.123","3.053","2.973","2.889","2.823","2.792","2.757","2.695","2.667","2.658","2.636","2.646","2.645","2.624","2.591","2.561","2.525","2.497","2.469","2.444","2.422",".."
Paraguay,"PRY","Life expectancy at birth, total (years)","SP.DYN.LE00.IN","60.197","60.517","60.816","61.101","61.368","61.606","61.832","62.025","62.208","62.385","62.554","62.726","62.89","63.059","63.231","63.435","63.654","63.86","64.078","64.298","64.553","64.811","65.076","65.293","65.609","65.893","66.172","66.454","66.71","66.922","67.341","67.676","67.961","68.234","68.504","68.778","69.05","69.284","69.507","69.774","70.026","70.281","70.539","70.795","71.054","71.317","71.584","71.817","72.047","72.282","72.551","72.787","73.105","73.292","73.415","73.454","73.487","73.45","73.627","73.668","72.72","68.108","72.319","73.844",".."
Paraguay,"PRY","Population, total","SP.POP.TOTL","1883514","1927394","1973130","2021909","2073119","2125177","2177584","2229994","2282391","2334992","2388028","2442537","2499881","2561102","2625621","2691648","2758836","2827874","2899269","2973968","3053235","3137604","3226189","3318068","3412936","3510671","3611474","3714889","3820546","3927802","4035747","4144364","4253600","4362696","4471417","4579806","4687543","4794412","4900025","5003135","5100868","5187689","5261328","5326436","5388175","5448097","5505148","5559386","5613574","5671236","5737971","5814626","5897008","5982445","6069811","6159103","6249126","6338660","6427382","6515058","6603739","6684182","6760464","6844146","6929153"
Peru,"PER","Fertility rate, total (births per woman)","SP.DYN.TFRT.IN","6.941","6.923","6.895","6.858","6.81","6.75","6.68","6.6","6.513","6.418","6.316","6.207","6.091","5.968","5.841","5.709","5.575","5.44","5.305","5.171","5.041","4.915","4.795","4.68","4.568","4.46","4.354","4.247","4.138","4.026","3.912","3.794","3.673","3.552","3.432","3.315","3.203","3.099","3.002","2.917","2.845","2.744","2.693","2.661","2.673","2.643","2.619","2.583","2.528","2.48","2.421","2.413","2.356","2.317","2.271","2.229","2.189","2.152","2.118","2.086","2.056","2.029","2.004","1.98",".."
Peru,"PER","Life expectancy at birth, total (years)","SP.DYN.LE00.IN","50.597","51.192","51.532","52.597","53.302","53.871","54.4","54.893","55.384","55.816","47.728","56.493","56.989","57.333","57.769","58.205","58.57","58.895","59.261","59.624","59.982","60.325","60.559","60.764","61.066","61.71","62.154","62.544","62.995","63.405","63.979","64.248","65.031","65.732","66.544","67.22","67.85","68.324","68.724","69.302","69.821","70.315","70.815","71.278","71.447","71.988","72.337","72.746","72.743","72.631","72.886","73.327","73.979","74.591","75.26","75.732","75.951","75.958","76.018","76.275","73.832","71.596","76.834","77.74",".."
Peru,"PER","Population, total","SP.POP.TOTL","10174127","10475123","10784612","11102099","11427978","11761085","12101297","12448814","12803993","13166767","13501237","13838067","14210147","14582867","14956552","15333957","15716809","16109806","16516059","16933139","17360949","17798805","18246503","18705957","19174716","19648204","20117122","20582320","21054702","21532589","22014771","22483775","22946340","23413783","23881493","24348919","24811171","25274147","25738095","26186504","26598331","26964601","27288217","27580490","27852190","28101180","28324491","28530699","28719041","28896811","29086019","29304086","29550366","29817919","30115826","30457600","30866494","31324637","31897584","32449303","32838579","33155882","33475438","33845617","34217848"
Philippines,"PHL","Fertility rate, total (births per woman)","SP.DYN.TFRT.IN","6.996","6.994","6.98","6.952","6.886","6.799","6.691","6.572","6.448","6.333","6.218","6.083","5.937","5.787","5.693","5.596","5.505","5.442","5.393","5.255","5.108","4.973","4.917","4.867","4.77","4.664","4.563","4.509","4.449","4.365","4.322","4.273","4.161","4.098","4.079","4.067","4.004","3.943","3.884","3.825","3.754","3.719","3.651","3.591","3.524","3.448","3.466","3.403","3.401","3.376","3.315","3.236","3.143","3.042","2.894","2.829","2.679","2.525","2.378","2.215","2.075","1.95","1.929","1.916",".."
Philippines,"PHL","Life expectancy at birth, total (years)","SP.DYN.LE00.IN","59.175","59.469","59.755","60.018","60.13","60.41","60.623","60.804","60.917","60.981","60.827","61.065","60.911","60.741","60.816","60.904","60.869","61.431","61.531","61.727","61.884","61.942","62.175","62.349","62.426","62.735","62.875","63.299","63.711","64.105","64.382","64.622","65.353","65.661","66","66.311","66.691","66.994","67.212","67.503","67.789","67.829","67.886","68.049","68.301","68.423","68.172","68.549","68.643","68.631","68.883","69.096","69.237","69.283","69.311","69.45","69.49","69.966","69.761","69.68","70.097","66.675","69.472","69.833",".."
Philippines,"PHL","Population, total","SP.POP.TOTL","27891897","28792621","29723536","30674731","31643032","32625316","33617170","34621320","35638342","36660799","37622204","38518659","39408560","40294130","41174341","42120826","43201488","44367962","45575281","46807103","48043740","49311727","50695707","52194620","53726181","55213006","56645077","58157496","59739052","61265260","62854666","64382249","65926125","67530621","69019291","70546246","72190242","73908810","75791024","77753257","79625397","81401488","83068889","84731835","86394504","88015962","89508986","91075184","92699095","94384250","96337125","98248614","100175512","102076336","103767130","105312992","106735719","108119693","109465287","110804683","112081264","113100950","113964338","114891199","115843670"
Poland,"POL","Fertility rate, total (births per woman)","SP.DYN.TFRT.IN","2.98","2.83","2.72","2.7","2.57","2.52","2.34","2.33","2.24","2.2","2.2","2.25","2.24","2.26","2.26","2.27","2.3","2.23","2.21","2.28","2.28","2.24","2.34","2.42","2.37","2.33","2.22","2.15","2.13","2.08","2.06","2.07","1.95","1.87","1.81","1.62","1.59","1.51","1.44","1.37","1.37","1.31","1.25","1.22","1.23","1.24","1.27","1.31","1.39","1.4","1.41","1.33","1.33","1.29","1.32","1.32","1.39","1.48","1.46","1.44","1.39","1.33","1.29","1.158",".."
Poland,"POL","Life expectancy at birth, total (years)","SP.DYN.LE00.IN","67.6804878048781","67.7780487804878","67.4268292682927","68.3756097560976","68.6292682926829","69.4292682926829","69.8268292682927","69.4243902439024","70.219512195122","69.719512195122","69.8682926829268","69.6121951219512","70.6658536585366","70.6634146341463","71.1170731707317","70.5609756097561","70.6560975609756","70.4024390243902","70.3512195121951","70.7512195121951","70.0975609756098","71.0512195121951","71.1024390243903","71","70.8","70.5487804878049","70.8487804878049","70.8975609756098","71.3317073170732","71.0439024390244","70.890243902439","70.5878048780488","71.090243902439","71.5951219512195","71.6951219512195","71.8926829268293","72.2463414634146","72.6463414634146","72.9975609756098","73.0439024390244","73.7487804878049","74.2","74.4975609756098","74.5975609756098","74.8463414634146","74.9951219512195","75.1439024390244","75.2439024390244","75.5439024390244","75.6951219512195","76.2463414634146","76.6951219512195","76.7463414634146","77","77.6024390243903","77.4512195121951","77.8512195121951","77.7536585365854","77.6024390243903","77.9048780487805","76.4","75.3512195121951","77.1560975609756","78.5073170731707",".."
Poland,"POL","Population, total","SP.POP.TOTL","29637450","29964000","30308500","30712000","31139450","31444950","31681000","31987155","32294655","32548300","32664300","32783500","33055650","33357200","33678899","34015199","34356300","34689050","34965600","35247217","35574150","35898587","36230481","36571808","36904134","37201885","37456119","37668045","37824487","37961529","38110782","38246193","38363667","38461408","38542652","38594998","38624370","38649660","38663481","38660271","38258629","38248076","38230364","38204570","38182222","38165445","38141267","38120560","38125759","38151603","38042794","38063255","38063164","38040196","38011735","37986412","37970087","37974826","37974750","37965475","37515748","36981559","36821749","36687353","36554707"
Portugal,"PRT","Fertility rate, total (births per woman)","SP.DYN.TFRT.IN","3.16","3.21","3.23","3.12","3.21","3.15","3.16","3.16","3.12","3.12","3.01","3","2.86","2.77","2.7","2.75","2.82","2.69","2.45","2.31","2.25","2.13","2.07","1.95","1.9","1.72","1.66","1.62","1.61","1.57","1.56","1.56","1.54","1.52","1.45","1.41","1.44","1.47","1.47","1.5","1.55","1.45","1.46","1.44","1.4","1.41","1.37","1.35","1.39","1.34","1.39","1.35","1.28","1.21","1.24","1.31","1.37","1.38","1.42","1.44","1.42","1.35","1.43","1.44",".."
Portugal,"PRT","Life expectancy at birth, total (years)","SP.DYN.LE00.IN","64.0074634146342","62.666512195122","64.1810243902439","64.7883902439024","64.9833902439024","65.9604634146341","65.4876585365854","66.3340731707317","66.6781951219512","66.2781707317073","67.0731707317073","66.7707317073171","68.3243902439024","67.5243902439024","68.019512195122","68.309756097561","68.8609756097561","70.0121951219512","70.3170731707317","71.1682926829268","71.2146341463415","71.6146341463415","72.4146341463415","72.2658536585366","72.5146341463415","72.8146341463415","73.2658536585366","73.6658536585366","73.7146341463415","74.2658536585366","73.9658536585366","74.0146341463415","74.3121951219512","74.5121951219512","74.9146341463415","75.3121951219512","75.2609756097561","75.4121951219512","75.7121951219512","75.9634146341463","76.3146341463415","76.8146341463415","77.0658536585366","77.219512195122","77.6707317073171","78.0707317073171","78.419512195122","78.3219512195122","78.5243902439025","78.7268292682927","79.0268292682927","80.4707317073171","80.3731707317073","80.7219512195122","81.1219512195122","81.1243902439025","81.1243902439025","81.4243902439025","81.3243902439024","81.6756097560976","81.3292682926829","81.3780487804878","81.6317073170732","82.2804878048781",".."
Portugal,"PRT","Population, total","SP.POP.TOTL","8857716","8929316","8993985","9030355","9035365","8998595","8930990","8874520","8836650","8757705","8680431","8643756","8630430","8633100","8754365","9093470","9355810","9455675","9558250","9661265","9766312","9851362","9911771","9957865","9996232","10023613","10032734","10030031","10019610","10005000","9983218","9960235","9952494","9964675","9991525","10026176","10063945","10108977","10160196","10217828","10289898","10362722","10419631","10458821","10483861","10503330","10522288","10542964","10558177","10568247","10573100","10557560","10514844","10457295","10401062","10358076","10325452","10300300","10283822","10286263","10297081","10361831","10434332","10578174","10701636"
Puerto Rico (US),"PRI","Fertility rate, total (births per woman)","SP.DYN.TFRT.IN","4.796","4.51","4.359","4.525","4.108","4.044","3.817","3.569","3.381","3.315","3.243","3.291","3.058","2.93","2.882","2.772","2.863","2.923","2.9","2.846","2.815","2.711","2.613","2.456","2.353","2.351","2.355","2.328","2.307","2.386","2.378","2.302","2.29","2.307","2.278","2.248","1.94","1.9","1.9","2","2.0485","1.9346","1.8317","1.7624","1.7822","1.7702","1.7123","1.6505","1.6516","1.6528","1.6235","1.5965","1.5425","1.47","1.432","1.3365","1.2425","1.101","1.035","0.982","0.922","0.907","0.914","0.92",".."
Puerto Rico (US),"PRI","Life expectancy at birth, total (years)","SP.DYN.LE00.IN","68.627","68.528","68.863","68.727","68.242","69.289","70.223","70.699","70.566","70.511","70.352","71.084","70.813","70.949","71.324","71.963","72.08","72.401","72.528","72.718","73.101","72.981","72.949","73.375","73.427","72.633","73.272","73.402","73.153","72.479","72.827","73.877","73.387","73.309","73.622","73.571","73.995","74.674","74.556","75.278","75.514","75.972","76.819","76.941","76.913","76.703","77.561","77.659","78.111","78.377","78.717","78.766","79.258","80.318","80.039","80.677","80.355","79.07","81.086","81.438","80.009","79.77","79.427","81.69",".."
Puerto Rico (US),"PRI","Population, total","SP.POP.TOTL","2358000","2399722","2450322","2504530","2554066","2594000","2624995","2645674","2662064","2684150","2718000","2762190","2817256","2878786","2939299","2994000","3043854","3088690","3129421","3168088","3206000","3242552","3277453","3311138","3344190","3377000","3409554","3441850","3473898","3505650","3537000","3562110","3585176","3615497","3649237","3683103","3724655","3759430","3781101","3800081","3810605","3818774","3823701","3826095","3826878","3821362","3805214","3782995","3760866","3740410","3724465","3693464","3661045","3631427","3585017","3535167","3480432","3410837","3290690","3302691","3281590","3262711","3220137","3203792","3203295"
Qatar,"QAT","Fertility rate, total (births per woman)","SP.DYN.TFRT.IN","6.531","6.526","6.53","6.527","6.525","6.527","6.521","6.462","6.392","6.311","6.228","6.145","6.073","6.008","5.935","5.861","5.782","5.691","5.577","5.461","5.329","5.196","5.044","4.898","4.756","4.642","4.565","4.539","4.515","4.412","4.23","3.988","3.852","3.765","3.665","3.557","3.444","3.327","3.211","3.117","3.073","3.08","3.011","2.925","2.794","2.635","2.509","2.438","2.369","2.254","2.137","2.07","2.04","2.032","2.03","1.976","1.856","1.834","1.756","1.731","1.675","1.605","1.739","1.729",".."
Qatar,"QAT","Life expectancy at birth, total (years)","SP.DYN.LE00.IN","57.773","58.502","59.226","59.96","60.7","61.441","62.171","62.884","63.577","64.246","64.889","65.49","66.07","66.629","67.165","67.679","68.172","68.639","69.083","69.507","69.915","70.313","70.704","71.089","71.465","71.831","72.184","72.52","72.836","73.131","73.405","73.654","73.876","74.071","74.245","74.404","74.558","74.713","74.872","75.048","75.25","75.486","75.766","76.097","76.484","76.909","77.323","77.741","78.262","78.837","79.444","79.994","80.499","80.974","81.395","81.785","82.147","82.458","82.714","82.945","80.409","81.083","81.857","82.368",".."
Qatar,"QAT","Population, total","SP.POP.TOTL","36010","39680","44630","50380","56867","64065","72192","81439","91749","103025","116350","131346","146506","161841","177362","193087","209052","225285","241808","258670","275913","293553","311537","329709","347878","365940","382422","397005","411264","425646","440175","454853","469657","484545","499459","514325","529019","550500","580540","612500","644989","677925","711205","744682","773332","825408","972831","1208595","1426938","1608903","1616832","1624761","1722438","1916426","2151745","2344557","2477113","2545820","2580734","2638657","2794148","2504910","2657333","2656032","2857822"
Romania,"ROU","Fertility rate, total (births per woman)","SP.DYN.TFRT.IN","2.34","2.17","2.04","2.01","1.96","1.91","1.9","3.66","3.63","3.19","2.89","2.67","2.55","2.44","2.71","2.59","2.54","2.57","2.52","2.49","2.43","2.36","2.17","2.06","2.26","2.31","2.39","2.38","2.3","2.22","1.83","1.59","1.51","1.43","1.4","1.33","1.3","1.32","1.32","1.3","1.31","1.27","1.27","1.3","1.33","1.4","1.42","1.45","1.6","1.66","1.59","1.47","1.52","1.46","1.56","1.62","1.69","1.78","1.76","1.77","1.8","1.81","1.71","1.71",".."
Romania,"ROU","Life expectancy at birth, total (years)","SP.DYN.LE00.IN","65.8605365853659","65.8771463414634","65.2556585365854","67.0717073170732","67.8451219512195","67.7072682926829","68.8976585365854","67.5159512195122","67.5603658536585","66.6920731707317","67.4824146341464","68.5041463414634","68.470243902439","69.0056097560976","69.499756097561","69.6139024390244","69.6987804878049","69.7419512195122","69.4804878048781","69.1531707317073","69.0909756097561","69.3682926829268","69.5317073170732","69.7263414634147","69.6587804878049","69.7068292682927","69.4963414634146","69.2268292682927","69.3880487804878","69.5307317073171","69.7412195121951","69.7843902439024","69.7843902439024","69.5634146341464","69.509756097561","69.4560975609756","69.1048780487805","69.0048780487805","69.8073170731708","70.5121951219512","71.1634146341463","71.1609756097561","71.009756097561","71.309756097561","71.5609756097561","71.9121951219512","72.1634146341463","72.5658536585366","72.5658536585366","73.309756097561","73.4585365853659","74.409756097561","74.4121951219512","75.0634146341463","74.909756097561","74.9121951219512","75.209756097561","75.209756097561","75.3585365853659","75.6073170731707","74.2536585365854","72.809756097561","75.1536585365854","76.6073170731707",".."
Romania,"ROU","Population, total","SP.POP.TOTL","18406905","18555250","18676550","18797850","18919126","19031576","19215450","19534242","19799831","20009141","20250398","20461567","20657957","20835681","21029429","21293583","21551634","21756096","21951464","22090488","22207282","22353070","22475741","22560478","22640547","22732999","22836841","22949430","23057662","23161458","23201835","23001155","22794284","22763280","22730211","22684270","22619004","22553978","22507344","22472040","22442971","22131970","21730496","21574326","21451748","21319685","21193760","20882982","20537875","20367487","20246871","20147528","20058035","19983693","19908979","19815616","19702267","19588715","19473970","19371648","19265250","19122059","19048502","19059479","19069340"
Russian Federation,"RUS","Fertility rate, total (births per woman)","SP.DYN.TFRT.IN","2.52","2.45","2.36","2.27","2.18","2.13","2.1","2.04","1.99","1.97","1.99","2.03","2.04","2.01","2","1.98","1.97","1.95","1.92","1.9","1.89","1.91","2.04","2.11","2.06","2.05","2.15","2.22","2.12","2.01","1.892","1.732","1.552","1.385","1.4","1.337","1.27","1.218","1.232","1.157","1.195","1.223","1.286","1.319","1.344","1.294","1.305","1.416","1.502","1.542","1.567","1.582","1.691","1.707","1.75","1.777","1.762","1.621","1.579","1.504","1.505","1.505","1.416","1.41",".."
Russian Federation,"RUS","Life expectancy at birth, total (years)","SP.DYN.LE00.IN","67.5261219512195","67.7827317073171","67.6988536585366","68.2745853658537","68.7147317073171","68.5063902439025","68.5857073170732","68.4269024390244","68.3152926829268","67.9122682926829","68.1336585365854","68.3765853658537","68.3085365853659","68.2946341463415","68.320243902439","67.7239024390244","67.4875609756098","67.3763414634146","67.3909756097561","67.1143902439024","67.0339024390244","67.2639024390244","67.8060975609756","67.6526829268293","67.2026829268293","67.8568292682927","69.389756097561","69.44","69.4643902439024","69.1717073170732","68.8860975609756","68.4743902439024","66.8731707317073","64.9358536585366","64.4670731707317","64.6907317073171","65.8541463414634","66.6987804878049","67.029756097561","65.9821951219512","65.4836585365854","65.3834146341463","65.1287804878049","65.0275609756098","65.4709756097561","65.529756097561","66.7275609756098","67.5868292682927","67.9492682926829","68.6846341463415","68.8412195121951","69.6839024390244","70.0721951219512","70.5787804878049","70.7436585365854","71.1834146341463","71.6512195121951","72.4514634146342","72.6621951219512","73.0839024390244","71.3387804878049","69.900243902439","72.5456097560976","73.2546341463415",".."
Russian Federation,"RUS","Population, total","SP.POP.TOTL","119897000","121236000","122591000","123960000","125345000","126745000","127468000","128196000","128928000","129664000","130404000","131155000","131909000","132669000","133432000","134200000","135147000","136100000","137060000","138027000","139010000","139941000","140823000","141668000","142745000","143858000","144894000","145908000","146857000","147721000","147969406","148394216","148538197","148458777","148407912","148375787","148160129","147915361","147670784","147214776","146596869","145976482","145306497","144648618","144067316","143518814","143049637","142805114","142742366","142785348","142849468","143018195","143378447","143805638","144237223","144640716","145015460","145293260","145398106","145453291","145245148","144746762","144236933","143826130","143533851"
Rwanda,"RWA","Fertility rate, total (births per woman)","SP.DYN.TFRT.IN","8.283","8.279","8.271","8.269","8.266","8.249","8.23","8.211","8.187","8.176","8.145","8.092","8.089","8.092","8.102","8.096","8.122","8.138","8.157","8.13","8.115","8.102","8.064","8.001","7.913","7.786","7.612","7.426","7.234","7.029","6.803","6.622","6.539","6.479","6.415","6.345","6.289","6.235","6.171","6.059","5.967","5.893","5.816","5.737","5.64","5.5","5.335","5.141","4.922","4.707","4.522","4.332","4.201","4.136","4.117","4.108","4.106","4.084","4.047","3.985","3.913","3.841","3.778","3.698",".."
Rwanda,"RWA","Life expectancy at birth, total (years)","SP.DYN.LE00.IN","47.022","47.458","47.802","43.998","48.131","48.203","48.084","47.987","47.731","47.437","47.116","46.755","46.343","45.944","45.566","45.324","45.312","45.579","46.165","47.087","48.122","49.216","50.188","50.944","51.445","51.704","51.706","51.465","50.914","49.485","47.763","46.243","44.397","42.937","12.158","41.518","42.486","41.978","43.099","45.749","47.798","49.49","51.262","53.529","55.52","56.968","58.342","59.504","60.641","61.813","62.804","63.476","64.189","64.651","65.088","65.419","65.733","66.14","66.354","66.691","66.953","66.85","67.528","67.785",".."
Rwanda,"RWA","Population, total","SP.POP.TOTL","3022294","3106779","3186025","3258890","3334834","3423210","3521626","3629577","3744010","3861271","3980669","4100044","4220335","4345047","4474228","4607728","4745954","4888240","5035171","5189541","5353259","5527230","5711549","5905311","6107627","6317228","6531881","6749493","6968071","7184706","7375307","7526966","7683266","7981132","6792352","5674118","6708764","7755238","8081681","8147912","8213931","8287094","8400180","8586875","8816844","9054528","9299246","9549933","9804269","10060432","10317553","10573733","10829901","11093340","11364757","11640022","11919183","12202060","12487996","12776103","13065837","13355260","13651030","13954471","14256567"
Samoa,"WSM","Fertility rate, total (births per woman)","SP.DYN.TFRT.IN","7.779","7.771","7.759","7.729","7.703","7.653","7.596","7.551","7.499","7.432","7.338","7.224","7.07","6.908","6.747","6.606","6.473","6.313","6.146","5.991","5.861","5.749","5.677","5.617","5.553","5.489","5.421","5.316","5.207","5.107","5.007","4.912","4.865","4.826","4.792","4.767","4.739","4.695","4.645","4.572","4.523","4.477","4.444","4.392","4.343","4.322","4.322","4.358","4.417","4.466","4.52","4.56","4.545","4.491","4.423","4.344","4.262","4.196","4.136","4.061","4.002","3.94","3.883","3.829",".."
Samoa,"WSM","Life expectancy at birth, total (years)","SP.DYN.LE00.IN","55.153","55.738","56.316","56.861","54.043","57.886","58.225","58.878","59.381","59.881","60.388","60.879","61.36","61.863","62.34","62.839","63.301","63.742","64.132","64.543","64.961","65.296","65.647","65.991","66.284","66.557","66.819","67.047","67.328","67.607","67.808","68.039","68.532","68.818","69.162","69.469","69.767","70.045","70.308","70.555","70.791","71.028","71.233","71.441","71.508","71.487","71.62","71.605","71.531","69.486","71.451","71.393","71.159","71.229","71.142","71.06","71.003","70.991","71.052","70.269","70.727","71.096","71.55","71.698",".."
Samoa,"WSM","Population, total","SP.POP.TOTL","112490","115496","118597","121764","124894","127978","131073","133764","136020","138233","140400","142503","144538","146516","149431","153344","157113","159753","161375","162882","164322","165678","166484","166714","166796","166849","167061","167661","168346","168768","169042","169368","170331","171774","173159","174571","176071","177547","178905","180275","181685","183166","184471","185430","186249","186978","187709","188753","190107","191513","193023","194713","196498","198268","200037","201782","203499","205415","207582","209780","211944","213779","215261","216663","218019"
San Marino,"SMR","Fertility rate, total (births per woman)","SP.DYN.TFRT.IN","2.428","2.684","2.434","2.401","2.368","2.334","2.326","2.305","2.299","2.312","2.316","2.326","2.286","2.227","2.134","2.053","1.947","1.868","1.771","1.634","1.525","1.412","1.304","1.248","1.198","1.17","1.147","1.135","1.14","1.145","1.162","1.167","1.15","1.123","1.138","1.166","1.212","1.243","1.263","1.288","1.404","1.519","1.432","1.296","1.298","1.198","1.242","1.257","1.521","1.358","1.459","1.456","1.289","1.483","1.259","1.196","1.127","1.054","1.077","1.096","1.113","1.125","1.136","1.149",".."
San Marino,"SMR","Life expectancy at birth, total (years)","SP.DYN.LE00.IN","73.197","73.375","73.531","73.586","73.658","73.723","73.839","73.946","74.062","74.171","74.269","74.404","74.592","74.787","75.052","75.251","75.431","75.643","75.889","76.122","76.371","76.584","76.808","77.011","77.162","77.27","77.377","77.453","77.544","77.647","77.783","77.944","78.133","78.373","78.67","79.031","79.332","79.677","79.918","80.2","80.504","80.803","81.061","81.33","81.592","81.926","82.258","82.605","82.894","83.224","83.464","83.713","83.943","84.175","84.394","84.596","84.775","84.933","85.095","85.257","82.65","83.539","85.708","85.706",".."
San Marino,"SMR","Population, total","SP.POP.TOTL","15428","15799","16183","16580","16977","17305","17523","17688","17861","18026","18168","18419","18787","18992","19030","19046","19110","20017","21026","21320","21585","21840","22055","22229","22346","22485","22636","22686","22843","23154","23475","23797","24125","24472","24823","25158","25482","25800","26125","26459","26799","27143","27491","27843","29457","29836","30184","31211","31662","33066","33270","32620","33469","33041","32655","32897","33101","33825","34522","34663","34770","34252","33755","33860","33977"
Sao Tome and Principe,"STP","Fertility rate, total (births per woman)","SP.DYN.TFRT.IN","6.242","6.263","6.284","6.306","6.327","6.349","6.371","6.394","6.419","6.444","6.468","6.49","6.51","6.525","6.534","6.534","6.524","6.504","6.473","6.434","6.386","6.333","6.276","6.217","6.158","6.101","6.046","5.992","5.938","5.884","5.828","5.769","5.704","5.635","5.562","5.554","5.474","5.396","5.304","5.228","5.157","5.097","5.062","5.013","4.962","4.939","4.933","4.957","4.906","4.838","4.769","4.718","4.664","4.584","4.485","4.354","4.203","4.069","3.977","3.9","3.827","3.759","3.695","3.644",".."
Sao Tome and Principe,"STP","Life expectancy at birth, total (years)","SP.DYN.LE00.IN","43.564","45.193","46.843","48.4","49.739","51.072","52.309","53.449","54.491","55.4","56.267","56.965","57.448","57.896","58.262","58.561","58.782","58.979","59.141","59.273","59.361","59.432","59.533","59.679","59.893","60.139","57.605","60.663","60.808","59.731","60.707","60.792","60.706","60.618","60.552","60.536","60.576","60.648","60.785","60.976","61.207","61.5","61.826","62.158","62.56","62.434","63.041","63.336","63.448","63.669","63.867","64.122","64.505","64.93","65.478","66.023","66.563","67.074","67.602","68.043","67.979","68.026","69.237","69.718",".."
Sao Tome and Principe,"STP","Population, total","SP.POP.TOTL","68012","68707","69403","70112","70865","71680","72576","73596","74765","76083","77626","79330","81041","82798","84672","86708","88922","91301","93794","96252","98544","100615","102508","104380","106394","108658","111150","113919","116939","119979","122980","125697","128110","130467","132732","134895","136962","138922","140751","142442","144018","146375","149922","153814","157705","161639","165638","169700","173793","177853","181802","185649","189439","193148","196767","200291","203689","206970","210187","213392","217435","221961","226305","230871","235536"
Saudi Arabia,"SAU","Fertility rate, total (births per woman)","SP.DYN.TFRT.IN","7.626","7.634","7.636","7.654","7.672","7.658","7.655","7.658","7.627","7.597","7.583","7.556","7.539","7.484","7.426","7.37","7.33","7.295","7.263","7.227","7.145","7.067","6.979","6.875","6.776","6.649","6.517","6.343","6.15","5.975","5.804","5.644","5.489","5.326","5.161","4.986","4.812","4.656","4.524","4.354","4.206","3.964","3.709","3.465","3.264","3.161","3.176","3.185","3.074","2.95","2.81","2.8","2.78","2.67","2.68","2.63","2.65","2.67","2.67","2.49","2.27","2.17","2.14","2.28",".."
Saudi Arabia,"SAU","Life expectancy at birth, total (years)","SP.DYN.LE00.IN","45.31","45.88","46.469","47.086","47.732","48.436","49.187","49.994","50.857","51.773","52.729","53.727","54.742","55.765","56.785","57.78","58.782","59.749","60.685","61.518","62.444","63.252","64.008","64.719","65.391","66.027","66.648","67.242","67.814","68.359","68.874","69.341","69.799","70.208","70.587","70.944","71.288","71.624","71.957","72.29","72.607","72.951","73.296","73.657","74.027","74.4","74.762","75.066","75.301","75.447","75.616","75.808","76.09","76.517","77.116","77.776","78.354","78.721","78.75","78.313","77.596","77.089","77.31","78.732",".."
Saudi Arabia,"SAU","Population, total","SP.POP.TOTL","2435403","2526347","2620910","2719341","2821968","2928771","3039887","3157242","3282711","3417114","3562470","3724031","3905722","4106344","4323632","4556287","4807933","5083048","5381902","5703698","6047997","6420551","6824486","7252941","7697307","8151779","8628639","9130194","9629165","10128394","10640691","11160744","11686676","12215862","12750040","13289245","13831009","14374943","14922185","15472075","16177722","17041397","17910910","18786767","19669480","20559890","21459144","22368313","23287877","24217654","23978487","25091867","26168861","27624004","28309273","29816382","30954198","30977355","30196281","30063799","31552510","30784383","32175224","33702731","35300280"
Senegal,"SEN","Fertility rate, total (births per woman)","SP.DYN.TFRT.IN","6.996","7.038","7.079","7.12","7.157","7.19","7.217","7.237","7.251","7.259","7.262","7.261","7.258","7.255","7.252","7.252","7.258","7.268","7.279","7.29","7.292","7.279","7.245","7.189","7.111","7.013","6.902","6.785","6.577","6.479","6.396","6.267","6.149","6.049","5.915","5.819","5.723","5.639","5.581","5.573","5.498","5.397","5.301","5.246","5.192","5.133","5.064","5.018","5.024","5.025","5.055","5.099","5.129","5.049","4.884","4.751","4.648","4.489","4.294","4.1","4.003","3.936","3.864","3.818",".."
Senegal,"SEN","Life expectancy at birth, total (years)","SP.DYN.LE00.IN","39.668","39.715","39.738","39.745","39.755","39.761","39.848","39.992","40.15","40.398","40.789","41.243","41.77","42.429","43.104","43.938","44.809","45.714","46.596","47.478","48.294","49.083","49.863","50.811","51.694","52.586","53.718","54.632","55.546","56.209","56.674","57.037","57.287","57.348","57.479","57.336","57.129","57.107","57.076","57.315","57.615","58.158","58.912","59.474","60.308","60.98","61.801","62.653","63.201","63.751","64.221","64.799","65.229","65.638","66.001","66.451","66.724","67.059","67.379","67.668","67.496","66.868","67.788","68.683",".."
Senegal,"SEN","Population, total","SP.POP.TOTL","3340907","3436375","3534686","3635876","3740535","3849788","3964299","4083870","4207587","4334974","4466328","4601864","4741631","4885181","5029437","5170810","5308564","5439549","5568096","5702895","5845638","5997160","6156961","6324504","6499364","6683287","6878192","7081530","7289618","7502207","7720523","7943085","8168395","8396288","8624078","8848101","9067014","9283495","9502952","9730887","9968260","10212942","10466214","10721176","10975704","11235472","11500094","11770344","12048959","12337389","12635413","12958897","13310495","13710849","14152102","14593331","15034521","15475002","15914498","16352922","16789219","17220867","17651103","18077573","18501984"
Serbia,"SRB","Fertility rate, total (births per woman)","SP.DYN.TFRT.IN","2.155","2.133","2.109","2.084","2.067","2.057","2.041","2.02","2.005","1.986","1.973","1.96","1.952","1.94","1.93","1.923","1.913","1.901","1.889","1.875","1.863","1.852","1.842","1.832","1.814","1.8","1.778","1.749","1.72","1.685","1.649","1.612","1.573","1.544","1.505","1.468","1.436","1.398","1.37","1.354","1.48","1.58","1.57","1.59","1.57","1.45","1.43","1.38","1.4","1.44","1.4","1.4","1.45","1.43","1.46","1.46","1.46","1.49","1.49","1.52","1.48","1.52","1.59","1.61",".."
Serbia,"SRB","Life expectancy at birth, total (years)","SP.DYN.LE00.IN","65.5898536585366","66.1841951219512","66.9230487804878","67.2328780487805","67.879","68.6011463414634","69.3070731707317","69.9707317073171","69.9547804878049","69.9095609756098","69.6292926829268","69.6149024390244","69.8716341463415","70.381487804878","71.0062926829268","71.4935853658537","71.7468536585366","71.6648780487805","71.3456829268293","71.0845853658537","70.9969756097561","71.0449268292683","70.9744634146341","71.032512195122","71.0908780487805","71.3633414634146","71.5618292682927","71.7754878048781","71.9700487804878","72.258756097561","72.1552682926829","71.8760487804878","71.5688292682927","71.7946829268293","72.2040243902439","72.6157317073171","72.7948536585366","72.8280975609756","72.1948780487805","69.9271463414634","71.5829268292683","72.2341463414634","72.2853658536585","72.4365853658537","72.6829268292683","72.8341463414634","73.3853658536585","73.6317073170732","73.8853658536585","73.9853658536585","74.3365853658537","74.5365853658537","74.8365853658537","75.1853658536585","75.3365853658537","75.2878048780488","75.6878048780488","75.5390243902439","75.890243902439","75.9365853658537","74.4780487804878","72.780487804878","75.2365853658537","76.2209756097561",".."
Serbia,"SRB","Population, total","SP.POP.TOTL","6638992","6689077","6740264","6787950","6832855","6876624","6927969","6966522","7007586","7123249","7164993","7211716","7252012","7283902","7326043","7368717","7418973","7462783","7504017","7541997","7709544","7736787","7763335","7788100","7813549","7835902","7853824","7868027","7884218","7893787","7897937","7595636","7604063","7614328","7622711","7628264","7622185","7598538","7567745","7540401","7516346","7503433","7500031","7480591","7463157","7440769","7411569","7381579","7350222","7320807","7291436","7236519","7201497","7166553","7131787","7095383","7058322","7020858","6982604","6945235","6899126","6834326","6664449","6623183","6587202"
Seychelles,"SYC","Fertility rate, total (births per woman)","SP.DYN.TFRT.IN","5.313","5.422","5.513","5.606","5.694","5.716","6.126","5.895","5.614","5.479","5.307","5.689","5.155","4.784","5.099","4.752","4.086","3.754","3.919","3.66","3.79","3.665","3.131","3.218","3.24","3.091","3.074","2.922","2.789","2.671","2.607","2.692","2.526","2.582","2.597","2.361","2.311","2.1","2.04","2.04","2.08","1.98","2.04","2.06","2.01","2.2","2.11","2.24","2.33","2.38","2.16","2.33","2.37","2.26","2.25","2.31","2.39","2.41","2.41","2.36","2.29","2.46","2.01","2.02",".."
Seychelles,"SYC","Life expectancy at birth, total (years)","SP.DYN.LE00.IN","60.5314390243903","60.6061219512195","60.6882926829268","60.936756097561","61.1964146341464","61.4950975609756","61.727","62.1034634146342","62.6659512195122","63.2811219512195","63.992243902439","64.6586097560976","65.3703902439024","65.9660487804878","66.4828780487805","66.9132195121951","67.2967073170732","67.6752195121951","68.0320731707317","68.3445853658537","69.5975609756098","70.1878048780488","69.3243902439024","70.3829268292683","69.5536585365854","69.6975609756098","68.6560975609756","68.2365853658537","68.7024390243902","67.9707317073171","68.1073170731707","70.7121951219512","71.2146341463415","69.4682926829268","70.7292682926829","72.4829268292683","71.5609756097561","71.2121951219512","71.7463414634146","72.6682926829268","72.7780487804878","73.2536585365854","71.0878048780488","71.0292682926829","72.6609756097561","72.1317073170732","72.2170731707317","73.1439024390244","73.1634146341463","73.0829268292683","73.1975609756098","72.7243902439024","74.2756097560976","73.119512195122","73.2292682926829","74.2951219512195","74.309756097561","74.3","72.8414634146341","74.0463414634146","77.2365853658537","73.3975609756097","73.7024390243903","74.9585365853659",".."
Seychelles,"SYC","Population, total","SP.POP.TOTL","41700","42889","44042","45176","46322","47500","48699","49911","51134","52365","53600","54695","56029","56892","57937","59292","60504","61786","62150","62686","63261","64035","64413","64335","64717","65244","65652","68499","68755","69167","69507","70439","70763","72253","74205","75304","76417","77319","78846","80410","81131","81202","83723","82781","82475","82858","84600","85033","86956","87298","89770","87441","88303","89949","91359","93419","94677","95843","96762","97625","98462","99258","119878","119773","121354"
Sierra Leone,"SLE","Fertility rate, total (births per woman)","SP.DYN.TFRT.IN","6.175","6.205","6.222","6.261","6.294","6.311","6.345","6.383","6.385","6.393","6.411","6.429","6.447","6.473","6.534","6.546","6.553","6.568","6.591","6.582","6.562","6.554","6.563","6.573","6.592","6.592","6.597","6.609","6.588","6.571","6.567","6.553","6.555","6.569","6.557","6.555","6.552","6.531","6.495","6.423","6.355","6.305","6.23","6.087","5.919","5.807","5.737","5.643","5.563","5.448","5.327","5.209","5.064","4.873","4.703","4.548","4.466","4.389","4.294","4.192","4.08","3.978","3.876","3.791",".."
Sierra Leone,"SLE","Life expectancy at birth, total (years)","SP.DYN.LE00.IN","33.09","33.633","34.155","34.705","35.298","35.93","36.64","37.281","37.761","38.23","38.619","39.104","39.505","39.96","40.412","40.99","41.425","41.826","42.192","42.53","42.839","43.086","43.302","43.455","43.561","43.556","43.502","43.748","43.765","43.741","43.72","43.287","43.451","43.428","42.808","42.579","43.528","43.649","42.714","41.962","44.834","45.448","46.174","46.784","47.485","48.306","49.547","50.024","50.693","51.312","51.927","52.594","53.159","54.051","54.281","55.454","56.937","57.761","59.059","59.593","59.694","60.26","61.275","61.786",".."
Sierra Leone,"SLE","Population, total","SP.POP.TOTL","2268356","2304227","2342242","2382258","2424390","2468666","2514638","2562384","2611532","2661365","2712286","2763222","2814388","2866955","2920459","2974657","3028820","3085354","3145517","3207499","3272089","3338940","3408183","3481646","3558758","3638438","3728380","3829718","3934517","4034037","4196828","4246267","4166366","4157130","4173105","4179179","4199210","4253716","4295785","4318043","4423611","4692716","4971435","5177687","5355717","5501712","5624466","5749352","5894722","6055646","6222714","6387251","6551080","6714051","6876385","7037655","7205328","7379299","7554563","7731991","7912558","8094602","8276807","8460512","8642022"
Singapore,"SGP","Fertility rate, total (births per woman)","SP.DYN.TFRT.IN","5.76","5.41","5.21","5.16","4.97","4.66","4.46","3.91","3.53","3.22","3.07","3.02","3.04","2.79","2.35","2.07","2.11","1.82","1.79","1.79","1.82","1.78","1.74","1.61","1.62","1.61","1.43","1.62","1.96","1.75","1.83","1.73","1.72","1.74","1.71","1.67","1.66","1.61","1.48","1.47","1.6","1.41","1.37","1.27","1.26","1.26","1.28","1.29","1.28","1.22","1.15","1.2","1.29","1.19","1.25","1.24","1.2","1.16","1.14","1.14","1.1","1.12","1.04","0.97",".."
Singapore,"SGP","Life expectancy at birth, total (years)","SP.DYN.LE00.IN","65.5621951219512","65.9597073170732","66.3726341463415","66.7795365853659","67.0024146341463","67.2328536585366","67.5478292682927","67.6523902439025","67.9807804878049","68.3339756097561","68.724756097561","69.0002195121951","69.1635609756098","69.5304634146342","69.894512195122","70.405512195122","70.7470487804878","71.0261219512195","71.2835609756098","71.461756097561","72.190243902439","72.5878048780488","72.6878048780488","73.0365853658537","73.290243902439","73.890243902439","74.2463414634146","74.5487804878049","74.6975609756098","74.9463414634146","75.2951219512195","75.6463414634146","75.9463414634146","76.0463414634146","76.1975609756098","76.2951219512195","76.5951219512195","76.8975609756097","77.3","77.5512195121951","77.9512195121951","78.2512195121951","78.5512195121951","79.0390243902439","79.490243902439","79.990243902439","80.1414634146341","80.4414634146342","80.790243902439","81.2414634146342","81.5414634146342","81.7439024390244","81.9951219512195","82.2463414634147","82.4951219512195","82.7439024390244","82.8463414634146","83.0951219512195","83.2975609756098","83.5951219512195","83.5439024390244","83.0926829268293","82.8951219512195","82.8951219512195",".."
Singapore,"SGP","Population, total","SP.POP.TOTL","1646400","1702400","1750200","1795000","1841600","1886900","1934400","1977600","2012000","2042500","2074507","2112900","2152400","2193000","2229800","2262600","2293300","2325300","2353600","2383500","2413945","2532835","2646466","2681061","2732221","2735957","2733373","2774789","2846108","2930901","3047132","3135083","3230698","3313471","3419048","3524506","3670704","3796038","3927213","3958723","4027887","4138012","4175950","4114826","4166664","4265762","4401365","4588599","4839396","4987573","5076732","5183688","5312437","5399162","5469724","5535002","5607283","5612253","5638676","5703569","5685807","5453566","5637022","5917648","6036860"
Sint Maarten (Dutch part),"SXM","Fertility rate, total (births per woman)","SP.DYN.TFRT.IN","4.767","4.678","4.572","4.467","4.354","4.233","4.084","3.941","3.784","3.634","3.48","3.346","3.234","3.111","3.009","2.921","2.833","2.752","2.683","2.629","2.593","2.546","2.486","2.398","2.289","2.181","2.102","2.031","1.962","1.902","1.848","1.847","1.882","1.942","2.054","2.143","2.184","2.173","2.142","2.066","1.982","1.892","1.809","1.742","1.702","1.708","1.758","1.572","1.728","1.713","1.848","1.99","1.959","1.894","1.817","1.732","1.642","1.571","1.522","1.481","1.467","1.456","1.453","1.447",".."
Sint Maarten (Dutch part),"SXM","Life expectancy at birth, total (years)","SP.DYN.LE00.IN","66.351","66.678","67.054","67.467","67.782","68.048","68.505","69.024","69.551","70.208","70.856","71.309","71.729","72.061","72.243","72.308","72.276","72.133","71.971","71.839","71.79","71.864","72.01","72.146","72.28","72.385","72.436","72.435","72.456","72.441","72.414","72.384","72.402","72.462","72.597","72.849","73.188","73.551","73.9","74.222","74.409","74.525","74.585","74.588","74.618","74.681","74.779","74.812","74.852","74.796","74.821","74.868","75.125","75.391","75.735","75.899","75.952","75.455","75.693","75.68","75.002","74.505","76.18","76.371",".."
Sint Maarten (Dutch part),"SXM","Population, total","SP.POP.TOTL","2715","2970","3264","3584","3922","4282","4664","5071","5500","5948","6414","6888","7380","7917","8492","9094","9716","10364","11039","11723","12410","13302","14607","16133","17694","19291","20930","22617","24357","26169","28061","30046","31567","32026","31917","31772","31598","31404","31193","30977","30773","30726","30960","31327","31690","32057","32428","32791","33145","33491","33794","34267","35023","35854","36672","37471","38249","38996","39712","40385","41008","41571","42139","42749","43350"
Slovak Republic,"SVK","Fertility rate, total (births per woman)","SP.DYN.TFRT.IN","3.04","2.96","2.83","2.92","2.89","2.78","2.66","2.48","2.39","2.43","2.41","2.43","2.49","2.56","2.61","2.55","2.55","2.49","2.47","2.45","2.32","2.29","2.28","2.28","2.26","2.26","2.2","2.14","2.13","2.07","2.09","2.05","1.93","1.87","1.67","1.52","1.47","1.43","1.37","1.33","1.3","1.2","1.19","1.2","1.25","1.27","1.25","1.27","1.34","1.44","1.43","1.45","1.34","1.34","1.37","1.4","1.48","1.52","1.54","1.57","1.59","1.63","1.57","1.49",".."
Slovak Republic,"SVK","Life expectancy at birth, total (years)","SP.DYN.LE00.IN","70.2697804878049","70.7239024390244","70.2702926829268","70.6334146341463","71.0198780487805","70.2352682926829","70.3774390243903","70.9255853658537","70.436756097561","69.7953902439024","69.7125853658537","69.8625609756098","70.2982195121951","70.0213902439024","70.1781707317073","70.3050487804878","70.4631951219512","70.4231219512195","70.4264390243902","70.7447317073171","70.4085365853659","70.6292682926829","70.6890243902439","70.4790243902439","70.7509756097561","70.7346341463415","71.0212195121951","71.0887804878049","71.2078048780488","71.0263414634146","70.9326829268293","70.8829268292683","71.7951219512195","72.4487804878049","72.3","72.2536585365854","72.6536585365854","72.7048780487805","72.5512195121951","72.9024390243902","73.0512195121951","73.4024390243903","73.6048780487805","73.6048780487805","73.9585365853659","73.9048780487805","74.2048780487805","74.2073170731707","74.7048780487805","74.909756097561","75.1121951219512","75.9585365853659","76.109756097561","76.4121951219512","76.8121951219512","76.5634146341463","77.1658536585366","77.1658536585366","77.2658536585366","77.6658536585366","76.8658536585366","74.6146341463415","76.9658536585366","78.0170731707317",".."
Slovak Republic,"SVK","Population, total","SP.POP.TOTL","4068095","4191667","4238188","4282017","4327341","4370983","4411666","4449367","4483915","4518607","4538223","4557449","4596622","4641445","4689623","4739105","4789507","4840501","4890125","4938973","4979815","5016105","5055099","5091971","5127097","5161768","5193838","5222840","5250596","5275942","5299187","5303294","5305016","5325305","5346331","5361999","5373361","5383291","5390516","5396020","5388720","5378867","5376912","5373374","5372280","5372807","5373054","5374622","5379233","5386406","5391428","5398384","5407579","5413393","5418649","5423801","5430798","5439232","5446771","5454147","5458827","5447247","5431752","5426740","5422069"
Slovenia,"SVN","Fertility rate, total (births per woman)","SP.DYN.TFRT.IN","2.185","2.27","2.276","2.269","2.305","2.432","2.465","2.37","2.253","2.174","2.109","2.157","2.165","2.204","2.125","2.175","2.201","2.166","2.196","2.215","2.11","1.961","1.93","1.81","1.74","1.71","1.67","1.65","1.63","1.52","1.46","1.42","1.33","1.33","1.32","1.29","1.28","1.25","1.23","1.21","1.26","1.21","1.21","1.2","1.25","1.26","1.31","1.38","1.53","1.53","1.57","1.56","1.58","1.55","1.58","1.57","1.58","1.62","1.6","1.61","1.59","1.64","1.55","1.51",".."
Slovenia,"SVN","Life expectancy at birth, total (years)","SP.DYN.LE00.IN","68.9780487804878","68.9780487804878","68.9780487804878","68.6219512195122","68.6634146341463","68.3658536585366","69.0121951219512","69.3658536585366","68.9170731707317","68.3609756097561","68.609756097561","68.8341463414634","69.0585365853659","69.4048780487805","70.1609756097561","70.3585365853659","70.3073170731707","70.5560975609756","70.7024390243902","70.8536585365854","71.1048780487805","71.2048780487805","71.0536585365854","70.5414634146342","70.9024390243903","71.3512195121951","71.8024390243903","72.0024390243902","72.4463414634146","72.7048780487805","73.2048780487805","73.3536585365854","73.3048780487805","73.2536585365854","73.4048780487805","73.9585365853659","74.4585365853658","74.7073170731707","74.8073170731708","75.009756097561","75.4121951219512","75.7585365853659","76.0073170731707","76.8585365853659","77.2073170731707","77.6121951219512","78.0865853658537","78.5609756097561","78.7658536585366","78.9707317073171","79.4219512195122","79.9707317073171","80.1243902439024","80.3219512195122","81.0780487804878","80.7756097560976","81.1756097560976","81.0292682926829","81.3780487804878","81.5292682926829","80.5317073170732","80.6756097560976","81.2829268292683","81.9780487804878",".."
Slovenia,"SVN","Population, total","SP.POP.TOTL","1584720","1594131","1603649","1616971","1632114","1649160","1669905","1689528","1704546","1713874","1724891","1738335","1752233","1766697","1776132","1793581","1820249","1842377","1862548","1882599","1901315","1906531","1910334","1922321","1932154","1941641","1965964","1989776","1995196","1996351","1998161","1999429","1996498","1991746","1989443","1989872","1988628","1985956","1981629","1983045","1988925","1992060","1994530","1995733","1997012","2000474","2006868","2018122","2021316","2039669","2048583","2052843","2057159","2059953","2061980","2063531","2065042","2066388","2073894","2088385","2102419","2108079","2112076","2120461","2126324"
Solomon Islands,"SLB","Fertility rate, total (births per woman)","SP.DYN.TFRT.IN","7.065","7.052","7.042","7.034","7.047","7.017","6.997","6.974","6.948","6.974","6.983","6.985","6.992","7.001","7.01","6.988","6.954","6.915","6.871","6.822","6.768","6.709","6.64","6.569","6.489","6.375","6.259","6.115","5.99","5.867","5.74","5.62","5.509","5.453","5.398","5.335","5.221","5.093","4.977","4.861","4.757","4.673","4.602","4.539","4.466","4.411","4.39","4.372","4.358","4.349","4.341","4.335","4.332","4.325","4.36","4.291","4.2","4.06","3.93","3.8","3.749","3.694","3.62","3.557",".."
Solomon Islands,"SLB","Life expectancy at birth, total (years)","SP.DYN.LE00.IN","47.683","48.336","49.037","49.815","50.583","51.406","52.256","53.059","54.142","55.099","56.061","57.015","57.913","58.777","59.611","58.404","61.153","61.528","62.536","63.134","63.669","64.077","64.456","64.771","65.049","65.288","64.718","65.683","65.866","66.051","66.194","66.357","66.471","66.558","66.661","66.717","66.739","66.768","66.89","67.001","67.116","67.237","67.35","67.479","67.628","67.79","67.968","67.845","68.336","68.397","68.669","68.824","68.961","69.007","68.984","69.323","69.501","69.652","69.806","69.981","69.258","68.89","70.409","70.528",".."
Solomon Islands,"SLB","Population, total","SP.POP.TOTL","139688","142912","146201","149589","153085","156686","160393","164245","168282","172476","176579","180637","184994","189774","195041","200744","207194","214418","222029","229953","238135","246555","255200","264068","273163","282455","291842","301414","311265","321282","331435","341738","352205","362839","373675","384733","396009","407474","419071","430500","440469","449125","457671","466154","474611","483080","491594","500156","508790","518141","532968","552945","573606","594945","616908","639415","662379","685672","709101","728147","744498","762591","781066","800005","819198"
Somalia,"SOM","Fertility rate, total (births per woman)","SP.DYN.TFRT.IN","7.25","7.252","7.255","7.258","7.261","7.261","7.257","7.248","7.231","7.209","7.182","7.151","7.118","7.086","7.057","7.033","7.016","7.004","7.13","7.161","7.178","7.227","7.252","7.277","7.3","7.327","7.349","7.373","7.398","7.424","7.44","7.47","7.5","7.526","7.544","7.581","7.621","7.662","7.656","7.657","7.645","7.636","7.626","7.603","7.568","7.527","7.49","7.457","7.415","7.376","7.322","7.268","7.211","7.14","7.061","6.975","6.878","6.766","6.662","6.56","6.453","6.353","6.255","6.132",".."
Somalia,"SOM","Life expectancy at birth, total (years)","SP.DYN.LE00.IN","43.543","43.667","43.972","44.194","44.393","44.631","44.843","45.051","45.254","45.453","45.644","45.837","46.032","46.224","44.259","44.49","44.727","47.004","47.013","47.405","47.611","47.817","48.02","48.23","48.438","48.279","48.431","49.002","43.933","46.648","46.896","25.418","25.034","50.551","50.303","50.65","50.524","50.278","50.755","50.611","50.747","50.829","50.82","50.721","50.685","50.894","50.915","50.885","51.456","52.101","48.9","32.453","49.138","54.016","54.442","55.056","55.283","52.19","54.767","57.249","57.095","55.703","53.931","58.816",".."
Somalia,"SOM","Population, total","SP.POP.TOTL","2876331","2952054","3030091","3110361","3192796","3277874","3365106","3454537","3546590","3641015","3738448","3837691","3939436","4045592","4151842","4257535","4365812","4484050","4814892","5449117","5936154","5982849","6003840","6198430","6428389","6693289","6974788","7228302","7235360","7114817","7082811","6813760","6495107","6681399","7026797","7285007","7554474","7824525","8155417","8492059","8838713","9198493","9550063","9909157","10280998","10644228","10975502","11322582","11663084","11961201","12261756","12348830","12461160","12869594","13339491","13806963","14348740","14916629","15452487","16030971","16651191","17271431","17801897","18358615","19009151"
South Africa,"ZAF","Fertility rate, total (births per woman)","SP.DYN.TFRT.IN","6.105","6.08","6.046","6.012","5.955","5.892","5.907","5.852","5.782","5.719","5.634","5.569","5.49","5.413","5.298","5.191","5.071","4.942","4.853","4.818","4.78","4.712","4.696","4.626","4.566","4.495","4.409","4.352","4.18","3.983","3.724","3.618","3.479","3.372","3.258","3.172","2.991","2.734","2.63","2.559","2.413","2.373","2.324","2.358","2.436","2.512","2.548","2.545","2.679","2.501","2.445","2.436","2.447","2.428","2.424","2.359","2.261","2.283","2.27","2.264","2.257","2.248","2.227","2.216",".."
South Africa,"ZAF","Life expectancy at birth, total (years)","SP.DYN.LE00.IN","52.575","53.067","53.566","53.895","54.215","54.427","54.731","54.955","55.191","55.44","55.681","56.02","56.377","56.72","57.11","57.591","58","58.48","58.991","59.472","59.961","60.445","60.936","61.393","61.837","62.195","62.421","62.694","62.902","63.017","62.942","62.983","62.839","62.618","62.069","61.603","61.079","60.538","59.912","59.19","58.368","57.161","55.58","54.245","53.963","53.914","54.22","54.948","55.982","57.413","58.886","60.602","61.737","62.388","63.184","64.053","64.749","65.422","65.726","66.071","65.15","62.01","65.454","66.139",".."
South Africa,"ZAF","Population, total","SP.POP.TOTL","16440172","16908035","17418522","17954564","18511361","19089380","19690087","20314066","20957287","21614676","22279984","22942143","23609456","24294263","24989108","25690940","26395450","27118952","27869507","28634162","29518857","30541044","31615339","32739304","33892788","35042093","36180515","37326190","38480649","39628575","40746268","41687898","42443509","43297156","44004139","44541554","45123018","45666838","46223880","46730335","47159719","47566800","48019415","48500348","48991421","49490033","49998277","50528584","51114599","51728516","52344051","52995205","53782567","54678791","55594838","56723537","57259551","57635162","58613001","59587885","60562381","61502603","62378410","63212384","64007187"
South Sudan,"SSD","Fertility rate, total (births per woman)","SP.DYN.TFRT.IN","7.161","7.178","7.195","7.196","7.22","7.222","7.254","7.257","7.264","7.281","7.286","7.296","7.311","7.311","7.314","7.326","7.331","7.325","7.329","7.32","7.328","7.332","7.343","7.342","7.346","7.357","7.378","7.386","7.376","7.374","7.377","7.377","7.37","7.36","7.346","7.337","7.321","7.199","7.078","6.937","6.803","6.654","6.515","6.353","6.19","6.022","5.853","5.704","5.569","5.446","5.318","5.193","5.061","4.939","4.818","4.695","4.579","4.483","4.37","4.26","4.16","4.047","3.964","3.864",".."
South Sudan,"SSD","Life expectancy at birth, total (years)","SP.DYN.LE00.IN","28.054","28.278","28.506","28.249","32.458","28.781","25.633","25.858","26.103","25.396","25.632","30.993","31.291","36.277","36.589","36.867","37.092","37.397","37.592","37.805","38.034","38.313","38.677","34.733","31.788","32.36","32.816","20.721","10.989","28.217","28.628","29.185","21.938","22.263","44.858","31.51","32.124","33.068","19.048","44.537","47.591","48.55","49.394","52.324","53.052","53.965","54.653","55.425","56.28","56.848","57.485","57.674","58.241","58.285","45.625","39.757","36.72","35.351","51.905","58.129","57.648","57.047","57.203","57.617",".."
South Sudan,"SSD","Population, total","SP.POP.TOTL","2931559","2976724","3024308","3072669","3129918","3189835","3236423","3277648","3321528","3365533","3409614","3468646","3542497","3627383","3723259","3821494","3921910","4024032","4127657","4232605","4339030","4447272","4557686","4661574","4750627","4834296","4921240","4962395","4848029","4713229","4737633","4836677","4909749","4956002","5071184","5225836","5356925","5509136","5620068","5771628","6032267","6308391","6596806","6903127","7233041","7590143","7976526","8388788","8817647","9243556","9745953","10288109","10756240","11166275","11235073","11107561","10830102","10259154","10122977","10423384","10698467","10865780","11021177","11483374","11943408"
Spain,"ESP","Fertility rate, total (births per woman)","SP.DYN.TFRT.IN","2.86","2.77","2.8","2.88","3.01","2.94","2.91","2.94","2.87","2.86","2.84","2.9","2.87","2.84","2.88","2.77","2.77","2.65","2.54","2.37","2.22","2.04","1.94","1.8","1.73","1.64","1.56","1.49","1.45","1.4","1.36","1.33","1.31","1.26","1.19","1.16","1.14","1.15","1.13","1.17","1.22","1.23","1.25","1.3","1.31","1.33","1.36","1.38","1.45","1.38","1.37","1.34","1.32","1.27","1.32","1.33","1.33","1.31","1.26","1.23","1.18","1.18","1.16","1.12",".."
Spain,"ESP","Life expectancy at birth, total (years)","SP.DYN.LE00.IN","69.1092682926829","69.4804878048781","69.5190243902439","69.6812195121951","70.399756097561","70.8092682926829","71.0551219512195","71.2529268292683","71.5378048780488","71.0575609756098","72.0273170731707","71.630243902439","72.8180487804878","72.6107317073171","72.969756097561","73.3187804878049","73.6426829268293","74.1319512195122","74.2956097560976","74.8187804878049","75.3492682926829","75.5285365853659","76.1341463414634","75.9090243902439","76.2953658536586","76.259512195122","76.5104878048781","76.7280487804878","76.7470731707317","76.8136585365854","76.8375609756098","76.9712195121951","77.41","77.5465853658537","77.9014634146342","77.9807317073171","78.1204878048781","78.6041463414634","78.6658536585366","78.7170731707317","78.9658536585366","79.3682926829268","79.5682926829268","79.619512195122","79.8707317073171","80.1707317073171","80.8219512195122","80.8731707317073","81.1756097560976","81.4756097560976","81.6268292682927","82.4756097560976","82.4268292682927","83.0780487804878","83.2292682926829","82.8317073170732","83.3292682926829","83.2829268292683","83.4317073170732","83.8317073170732","82.2317073170732","83.1780487804878","83.1341463414634","83.8829268292683",".."
Spain,"ESP","Population, total","SP.POP.TOTL","30455000","30739250","31023366","31296651","31609195","31954292","32283194","32682947","33113134","33441054","33814531","34224490","34604469","34988947","35373335","35757900","36137812","36511638","36864898","37191330","37491165","37758631","37986012","38171525","38330364","38469512","38584624","38684815","38766939","38827764","38867322","38966376","39157685","39361262","39549108","39724050","39889852","40057389","40223509","40386875","40567864","40850412","41431558","42187645","42921895","43653155","44397319","45226803","45954106","46362946","46576897","46742697","46773055","46604197","46460733","46422303","46458139","46571232","46782011","47118501","47359424","47443821","47786102","48347910","48807137"
Sri Lanka,"LKA","Fertility rate, total (births per woman)","SP.DYN.TFRT.IN","5.352","5.24","5.177","5.118","5.057","4.934","4.828","4.787","4.658","4.499","4.387","4.266","4.156","4.001","3.855","3.816","3.783","3.741","3.81","3.822","3.725","3.649","3.32","3.114","3.006","2.895","2.743","2.644","2.565","2.578","2.541","2.514","2.487","2.438","2.405","2.353","2.285","2.215","2.136","2.142","2.213","2.283","2.31","2.301","2.271","2.263","2.292","2.295","2.232","2.179","2.134","2.144","2.173","2.178","2.134","2.09","2.062","2.044","2.033","2.022","2.007","1.995","1.984","1.974",".."
Sri Lanka,"LKA","Life expectancy at birth, total (years)","SP.DYN.LE00.IN","60.602","61.158","61.627","62.031","62.376","62.793","63.156","63.556","63.869","64.138","64.352","64.24","64.625","64.785","64.966","65.355","65.84","66.391","66.844","67.514","68.006","68.38","68.665","68.726","68.761","68.881","68.962","69.009","68.995","67.284","69.239","69.131","69.619","70.049","70.211","69.746","69.841","69.934","70.134","70.427","71.179","71.804","72.271","72.442","68.022","73.073","72.825","72.983","72.556","70.298","74.463","74.74","75.187","75.546","75.757","75.99","76.136","76.239","76.485","76.698","76.928","76.278","77.3","77.483",".."
Sri Lanka,"LKA","Population, total","SP.POP.TOTL","9661389","9899372","10143754","10395040","10653397","10916965","11183928","11457328","11736088","12013858","12287110","12551910","12809205","13060916","13305693","13548984","13796770","14049371","14310128","14579614","14847974","15099414","15286567","15388794","15441860","15544154","15731256","15916576","16078621","16248557","16352458","16475354","16739284","17025918","17275773","17564068","17905018","18248200","18596003","18944731","19293054","19600362","19805752","19951521","20087605","20216524","20352411","20492545","20629378","20756435","20879089","21009048","21169458","20585000","20778000","20970000","21209000","21453000","21670000","21803000","21919000","22156000","22181000","22037000","21916000"
St. Kitts and Nevis,"KNA","Fertility rate, total (births per woman)","SP.DYN.TFRT.IN","6.541","6.272","6.061","6.121","6.084","6.008","5.783","5.46","5.165","4.967","4.728","4.506","4.161","3.966","3.806","3.675","3.589","3.478","3.286","3.23","3.261","3.296","3.175","3.098","2.884","2.82","2.683","2.622","2.622","2.689","2.725","2.597","2.433","2.375","2.31","2.304","2.26","2.3","2.31","2.256","2.126","2.082","2.038","2.004","1.964","1.931","1.902","1.871","1.833","1.8","1.762","1.74","1.713","1.682","1.665","1.643","1.633","1.61","1.587","1.568","1.55","1.531","1.512","1.505",".."
St. Kitts and Nevis,"KNA","Life expectancy at birth, total (years)","SP.DYN.LE00.IN","56.84","57.338","57.84","58.43","59.04","59.595","60.081","60.445","60.776","61.079","61.372","61.74","62.137","62.517","62.888","63.191","63.49","63.73","63.995","64.198","64.385","64.62","64.868","65.118","65.334","65.482","65.554","65.516","65.451","65.45","65.641","65.958","66.339","66.708","67.002","67.23","67.488","67.811","67.891","68.725","69.249","69.767","70.194","70.614","70.92","71.151","71.356","71.437","71.479","71.488","71.452","71.4","71.362","71.29","71.228","71.211","71.227","71.284","71.336","71.54","71.181","69.271","70.313","72.145",".."
St. Kitts and Nevis,"KNA","Population, total","SP.POP.TOTL","55810","55334","54461","53441","52326","51139","49898","48605","47245","45731","44606","44206","44033","43880","43738","43606","43482","43358","43217","43033","42850","42698","42532","42334","42113","41874","41618","41348","41062","40758","40432","40358","40715","41242","41776","42326","42877","43428","43998","44601","45248","45761","46020","46176","46315","46437","46569","46706","46835","46916","46846","46886","47033","47069","47089","47087","47075","47050","47008","46952","46870","46763","46709","46758","46843"
St. Lucia,"LCA","Fertility rate, total (births per woman)","SP.DYN.TFRT.IN","6.767","6.835","6.818","6.721","6.758","6.688","6.607","6.508","6.387","6.249","6.101","5.953","5.813","5.686","5.571","5.358","5.161","4.966","4.825","4.583","4.412","4.276","4.169","4.082","4.018","3.97","3.801","3.613","3.435","3.314","3.238","3.19","3.11","2.999","3.028","3.026","2.712","2.743","2.403","2.501","2.207","2.125","2.032","1.939","1.863","1.807","1.765","1.7","1.7","1.735","1.673","1.5","1.5","1.5","1.485","1.473","1.461","1.448","1.436","1.424","1.411","1.399","1.387","1.379",".."
St. Lucia,"LCA","Life expectancy at birth, total (years)","SP.DYN.LE00.IN","57.865","59.095","59.877","60.538","61.339","61.924","62.533","63.161","63.749","64.026","64.29","64.492","64.645","64.573","65.419","65.909","66.198","66.957","67.38","67.364","67.801","68.688","68.977","69.987","70.522","70.308","70.229","69.671","69.736","70.028","70.008","70.309","70.734","71.05","71.076","71.172","70.963","70.778","70.68","70.692","70.779","71.367","71.707","72.188","72.453","72.544","72.794","72.86","72.963","72.946","72.768","72.962","72.86","72.687","72.676","72.932","72.552","72.522","72.655","72.249","72.308","69.119","72.67","72.697",".."
St. Lucia,"LCA","Population, total","SP.POP.TOTL","92585","93490","94505","95519","96505","97493","98463","99504","100675","101879","103165","104564","106002","107498","109076","110725","112425","114135","115834","117528","119290","121166","123087","125044","127067","129159","131239","133227","135000","136512","137857","139520","141617","143726","145890","148208","150436","152569","154677","156702","158616","160237","161641","162976","164239","165450","166639","167758","168808","169869","170906","171801","172587","173369","174138","174905","175646","176342","177017","177661","178250","178522","178781","179285","179744"
St. Martin (French part),"MAF","Fertility rate, total (births per woman)","SP.DYN.TFRT.IN","6.389","6.395","6.373","6.36","6.354","6.345","6.323","6.302","6.262","6.186","6.089","5.97","5.839","5.638","5.388","5.1","4.839","4.576","4.319","4.111","3.884","3.64","3.362","3.149","3.033","2.952","2.895","2.855","2.824","2.788","2.745","2.708","2.68","2.665","2.669","2.688","2.71","2.746","2.795","2.839","2.876","2.897","2.896","2.872","2.827","2.779","2.711","2.633","2.55","2.464","2.4","2.424","2.773","2.719","2.707","2.665","2.643","2.657","2.725","2.791","2.829","2.804","2.763","2.718",".."
St. Martin (French part),"MAF","Life expectancy at birth, total (years)","SP.DYN.LE00.IN","67.648","67.912","68.194","68.487","68.757","69.034","69.401","69.775","70.15","70.559","70.982","71.305","71.568","71.78","71.933","72.046","72.116","72.174","72.238","72.296","72.347","72.384","72.419","72.55","72.734","72.943","73.201","73.519","73.858","74.205","74.565","74.925","75.15","75.349","75.533","75.714","75.885","76.105","76.338","76.565","76.793","77.009","77.219","77.419","77.612","77.802","77.989","78.16","78.326","78.513","78.752","79.016","79.302","79.528","79.727","79.829","79.885","78.762","80.029","80.078","80.085","80.206","80.236","80.224",".."
St. Martin (French part),"MAF","Population, total","SP.POP.TOTL","4250","4386","4527","4673","4827","4996","5213","5472","5693","5868","6047","6228","6409","6596","6801","7038","7303","7569","7822","8063","8288","8498","9494","11485","13733","16095","18558","21108","23749","26453","28224","28800","29081","29282","29413","29470","29443","29323","29107","29284","29996","30803","31604","32395","33171","33928","34658","35337","35958","36502","36856","37069","37276","37419","37450","37369","37175","36837","36012","34267","31786","29961","28870","27515","26129"
St. Vincent and the Grenadines,"VCT","Fertility rate, total (births per woman)","SP.DYN.TFRT.IN","7.247","7.157","7.033","6.921","6.828","6.735","6.639","6.533","6.416","6.275","6.116","5.946","5.774","5.587","5.379","5.165","4.949","4.748","4.554","4.291","3.923","3.845","3.743","3.561","3.283","3.081","2.924","2.819","2.753","2.73","2.731","2.747","2.759","2.737","2.678","2.609","2.526","2.433","2.345","2.307","2.306","2.3","2.218","2.142","2.087","2.068","2.033","2.063","2.15","2.174","2.144","2.076","2.113","2.106","2.141","2.133","2.055","1.94","1.9","1.864","1.83","1.808","1.791","1.775",".."
St. Vincent and the Grenadines,"VCT","Life expectancy at birth, total (years)","SP.DYN.LE00.IN","58.566","59.272","59.924","60.521","61.071","61.61","62.102","62.541","63.064","63.529","64.029","64.432","64.752","65.095","65.422","65.873","66.466","66.883","67.273","69.345","67.977","68.292","68.584","68.796","69.244","69.771","70.104","70.428","70.607","70.647","70.647","70.64","70.745","70.621","70.602","70.575","70.466","70.382","70.263","70.312","70.35","70.382","70.658","70.43","70.445","70.454","70.434","70.446","70.611","70.712","70.66","70.609","70.539","70.091","70.355","70.463","70.7","71.013","71.017","70.994","69.605","69.132","71.191","71.23",".."
St. Vincent and the Grenadines,"VCT","Population, total","SP.POP.TOTL","84388","85870","87236","88523","89749","90927","92052","93124","94123","95058","95964","96872","97790","98691","99556","100387","101197","101999","102775","103478","104213","105073","105969","106838","107687","108506","109281","110001","110658","111272","111812","112222","112509","112735","112918","113047","113119","113141","113180","113366","113545","113501","113347","113141","112835","112450","112014","111531","111028","110508","109959","109349","108736","108135","107535","106960","106349","105663","104926","104167","103526","102841","102046","101323","100616"
Sudan,"SDN","Fertility rate, total (births per woman)","SP.DYN.TFRT.IN","6.663","6.656","6.704","6.758","6.804","6.84","6.879","6.909","6.946","6.967","6.986","7.019","6.983","6.939","6.909","6.866","6.823","6.775","6.72","6.651","6.592","6.528","6.473","6.413","6.343","6.279","6.225","6.175","6.132","6.106","6.074","6.05","6.019","5.97","5.912","5.856","5.792","5.717","5.646","5.622","5.596","5.562","5.531","5.489","5.455","5.397","5.332","5.27","5.212","5.173","5.141","5.087","5.031","4.965","4.912","4.898","4.829","4.761","4.681","4.617","4.542","4.457","4.384","4.323",".."
Sudan,"SDN","Life expectancy at birth, total (years)","SP.DYN.LE00.IN","49.566","49.964","50.419","50.816","50.879","51.031","51.253","51.495","51.762","52.04","52.294","52.541","52.803","52.988","53.156","53.31","53.342","53.522","53.29","53.374","54.072","54.369","54.375","49.562","49.807","50.014","54.558","54.747","54.984","54.883","55.497","55.553","55.952","56.102","57.022","57.447","57.638","58.058","58.308","58.607","58.946","59.264","59.308","58.319","56.773","57.226","60.4","61.442","61.261","62.676","62.979","63.181","63.427","63.443","63.99","64.375","64.677","65.146","65.501","65.803","65.124","64.46","65.695","66.331",".."
Sudan,"SDN","Population, total","SP.POP.TOTL","8364489","8634941","8919028","9218077","9531109","9858030","10197578","10550597","10917999","11298936","11695771","12105539","12527856","13049315","13580723","14064798","14569716","15086614","15695003","16355352","17058905","17780572","18486645","19109770","19546528","19905872","20288238","20704904","21138431","21578022","22021481","22470676","22927355","23445592","24043948","24672143","25231528","25799821","26458999","27130613","27816745","28516770","29228727","29896035","30556637","31262444","31992435","32764135","33623980","34569113","35414399","36140806","36923178","37785849","38823318","40024431","41259892","42714306","44230596","45548175","46789231","48066924","49383346","50042791","50448963"
Suriname,"SUR","Fertility rate, total (births per woman)","SP.DYN.TFRT.IN","6.59","6.583","6.572","6.508","6.426","6.321","6.198","6.038","5.863","5.696","5.529","5.356","5.176","5.007","4.811","4.629","4.445","4.256","4.08","3.925","3.791","3.752","3.821","3.865","3.796","3.711","3.61","3.53","3.461","3.387","3.225","3.094","3.013","2.943","2.899","2.897","2.92","2.952","2.986","3.016","3.046","3.057","2.956","2.839","2.738","2.712","2.727","2.735","2.727","2.712","2.688","2.667","2.669","2.651","2.62","2.57","2.5","2.431","2.381","2.347","2.314","2.295","2.274","2.249",".."
Suriname,"SUR","Life expectancy at birth, total (years)","SP.DYN.LE00.IN","56.595","57.29","58.023","58.496","58.908","59.137","59.232","59.172","59.292","59.394","59.494","59.59","59.685","59.793","59.914","60.035","60.155","60.277","60.401","60.527","60.654","60.795","60.934","61.072","61.211","61.358","61.159","61.314","61.477","61.982","62.088","62.151","62.246","62.382","62.542","62.779","63.079","63.385","63.706","64.035","64.409","64.82","65.274","65.778","66.362","66.997","67.643","68.307","68.873","69.323","69.626","69.82","69.957","70.11","70.33","70.567","70.979","71.247","71.468","71.773","72.321","68.943","73.254","73.631",".."
Suriname,"SUR","Population, total","SP.POP.TOTL","263918","272791","283912","297034","309041","320000","331135","342679","354616","366906","379442","391932","397413","395772","393676","391170","388289","385067","381502","377602","375377","375459","376555","378746","382193","386972","392330","396911","402227","408409","412493","415013","417589","419352","422375","429606","438830","448067","457406","466916","476643","486560","496551","506414","513923","519313","524997","531016","537245","543568","549923","556269","562633","569020","575373","581627","587757","593713","599513","605768","612317","617896","623164","628886","634431"
Sweden,"SWE","Fertility rate, total (births per woman)","SP.DYN.TFRT.IN","2.17","2.21","2.25","2.33","2.47","2.39","2.37","2.28","2.07","1.93","1.92","1.96","1.91","1.87","1.87","1.77","1.68","1.64","1.6","1.66","1.68","1.63","1.62","1.61","1.66","1.74","1.8","1.84","1.96","2.01","2.13","2.11","2.09","1.99","1.88","1.73","1.6","1.52","1.5","1.5","1.54","1.57","1.65","1.71","1.75","1.77","1.85","1.88","1.91","1.94","1.98","1.9","1.91","1.89","1.88","1.85","1.85","1.78","1.76","1.71","1.67","1.67","1.53","1.45",".."
Sweden,"SWE","Life expectancy at birth, total (years)","SP.DYN.LE00.IN","73.0056097560976","73.4743902439024","73.3504878048781","73.5553658536585","73.7331707317073","73.8617073170732","74.0785365853659","74.1224390243903","73.9729268292683","74.0848780487805","74.6492682926829","74.6239024390244","74.7180487804878","74.8673170731707","74.9804878048781","74.9846341463415","74.9692682926829","75.379756097561","75.4690243902439","75.5241463414634","75.7409756097561","76.0260975609756","76.3273170731707","76.5517073170732","76.8158536585366","76.6678048780488","76.9312195121951","77.0921951219512","76.9792682926829","77.7268292682927","77.5368292682927","77.6668292682927","77.9987804878049","78.0604878048781","78.650243902439","78.7404878048781","78.9590243902439","79.1975609756098","79.3390243902439","79.4414634146342","79.6439024390244","79.7951219512195","79.8463414634146","80.0951219512195","80.4975609756098","80.5463414634146","80.7487804878049","80.9","81.1","81.3512195121951","81.4512195121951","81.8024390243903","81.7048780487805","81.9560975609756","82.2536585365854","82.2048780487805","82.3073170731707","82.409756097561","82.5585365853659","83.109756097561","82.3560975609756","83.0560975609756","83.0585365853659","83.309756097561",".."
Sweden,"SWE","Population, total","SP.POP.TOTL","7484656","7519998","7561588","7604328","7661354","7733853","7807797","7867931","7912273","7968072","8042801","8098334","8122300","8136312","8159955","8192437","8222286","8251540","8275599","8293678","8310531","8320503","8325263","8329033","8336605","8350386","8369829","8397804","8436489","8492964","8558835","8617375","8668067","8718561","8780745","8826939","8840998","8846062","8850974","8857874","8872109","8895960","8924958","8958229","8993531","9029572","9080505","9148092","9219637","9298515","9378126","9449213","9519374","9600379","9696110","9799186","9923085","10057698","10175214","10278887","10353442","10415811","10486941","10536632","10569709"
Switzerland,"CHE","Fertility rate, total (births per woman)","SP.DYN.TFRT.IN","2.44","2.52","2.58","2.65","2.66","2.59","2.5","2.39","2.29","2.19","2.1","2.04","1.91","1.81","1.73","1.61","1.55","1.53","1.51","1.52","1.55","1.55","1.56","1.52","1.53","1.52","1.53","1.52","1.57","1.56","1.58","1.58","1.58","1.51","1.49","1.48","1.5","1.48","1.47","1.48","1.5","1.38","1.39","1.39","1.42","1.42","1.44","1.46","1.48","1.5","1.52","1.52","1.52","1.52","1.54","1.54","1.54","1.52","1.52","1.48","1.46","1.52","1.39","1.33",".."
Switzerland,"CHE","Life expectancy at birth, total (years)","SP.DYN.LE00.IN","71.3134146341463","71.6448780487805","71.1960975609756","71.1875609756098","72.0778048780488","72.2017073170732","72.3356097560976","72.6365853658537","72.590243902439","72.6126829268293","73.020243902439","73.1307317073171","73.6443902439024","73.9409756097561","74.2870731707317","74.6656097560976","74.7853658536585","75.2380487804878","75.1873170731707","75.4660975609756","75.4592682926829","75.6931707317073","76.0339024390244","76.0312195121951","76.6085365853659","76.7336585365854","76.8990243902439","77.1975609756098","77.2265853658537","77.4212195121951","77.2424390243902","77.5146341463415","77.8060975609756","78.0853658536586","78.35","78.4170731707317","78.8960975609756","79.079512195122","79.3243902439025","79.580487804878","79.6804878048781","80.1804878048781","80.3853658536585","80.5365853658537","81.0878048780488","81.2365853658537","81.490243902439","81.7414634146342","81.9926829268293","82.0439024390244","82.2463414634147","82.6951219512195","82.6975609756098","82.7975609756098","83.1975609756098","82.8975609756098","83.6024390243903","83.5512195121951","83.7536585365854","83.9048780487805","83","83.7512195121951","83.6048780487805","84.0560975609756",".."
Switzerland,"CHE","Population, total","SP.POP.TOTL","5327827","5434294","5573815","5694247","5789228","5856472","5918002","5991785","6067714","6136387","6180877","6213399","6260956","6307347","6341405","6338632","6302504","6281174","6281738","6294365","6319408","6354074","6391309","6418773","6441865","6470365","6504124","6545106","6593386","6646912","6715519","6799978","6875364","6938265","6993795","7040687","7071850","7088906","7110001","7143991","7184250","7229854","7284753","7339001","7389625","7437115","7483934","7551117","7647675","7743831","7824909","7912398","7996861","8089346","8188649","8282396","8373338","8451840","8514329","8575280","8638167","8704546","8777088","8888093","9034102"
Syrian Arab Republic,"SYR","Fertility rate, total (births per woman)","SP.DYN.TFRT.IN","7.505","7.502","7.51","7.511","7.525","7.532","7.552","7.556","7.569","7.586","7.621","7.6","7.573","7.548","7.52","7.486","7.448","7.418","7.345","7.247","7.119","6.974","6.811","6.692","6.586","6.484","6.365","6.201","5.999","5.777","5.561","5.342","5.141","4.994","4.856","4.697","4.536","4.371","4.25","4.144","4.068","3.976","3.865","3.763","3.679","3.605","3.562","3.538","3.481","3.415","3.355","3.285","3.221","3.165","3.117","3.067","3.012","2.972","2.932","2.878","2.837","2.798","2.746","2.712",".."
Syrian Arab Republic,"SYR","Life expectancy at birth, total (years)","SP.DYN.LE00.IN","52.723","53.652","54.569","55.394","56.17","56.901","57.55","58.045","59.118","59.844","60.608","61.334","61.969","60.826","63.441","64.187","64.844","65.398","65.932","66.244","66.545","64.598","60.839","67.35","67.723","68.048","68.415","68.797","69.172","69.486","69.83","70.075","70.243","70.309","70.296","70.209","70.156","70.158","70.237","70.507","70.856","71.296","71.742","72.188","72.494","72.797","73.04","73.256","73.368","73.496","73.542","72.259","66.206","65.146","65.492","63.265","65.19","65.651","67.371","70.97","71.944","72.418","72.79","72.12",".."
Syrian Arab Republic,"SYR","Population, total","SP.POP.TOTL","4673500","4815466","4959340","5110467","5269087","5435267","5609047","5790198","5978742","6175166","6380609","6598094","6826024","7060321","7302160","7554364","7817320","8090501","8372759","8661909","8957663","9260189","9572511","9904809","10258398","10625672","11002844","11388923","11782264","12179060","12579208","12980821","13385571","13795686","14208583","14616801","15018104","15417542","15820413","16228061","16637888","17051338","17468332","17889296","18336875","18814091","19637022","20884125","21636564","21976969","22482421","22878098","22759763","21666917","20273659","19424618","19193834","19224668","19577845","20353534","21049429","21628839","22462173","23594623","24672760"
Tajikistan,"TJK","Fertility rate, total (births per woman)","SP.DYN.TFRT.IN","6.235","6.353","6.479","6.62","6.68","6.743","6.815","6.886","6.912","6.911","6.911","6.911","6.893","6.841","6.772","6.692","6.601","6.494","6.4","6.311","6.212","6.117","6.034","5.981","5.956","5.944","5.906","5.839","5.754","5.609","5.456","5.276","5.056","4.921","4.792","4.664","3.94","4.06","4.07","3.85","3.49","3.49","3.47","3.42","3.507","3.398","3.341","3.367","3.388","3.43","3.457","3.456","3.421","3.433","3.459","3.459","3.384","3.29","3.294","3.281","3.211","3.17","3.127","3.072",".."
Tajikistan,"TJK","Life expectancy at birth, total (years)","SP.DYN.LE00.IN","52.535","52.944","53.374","53.791","54.224","54.655","55.079","55.497","55.89","56.262","56.589","56.884","57.157","57.418","57.651","57.88","58.076","58.244","58.396","58.523","58.632","58.758","60.161","60.46","60.69","60.973","61.83","61.582","61.839","61.736","61.636","61.679","57.085","55.512","60.093","61.389","60.806","61.928","62.404","63.114","63.542","64.197","64.898","65.874","66.604","66.531","66.997","67.405","67.924","68.248","68.37","68.698","69.13","69.579","69.697","69.665","69.982","70.524","70.737","70.962","68.605","69.594","71.562","71.79",".."
Tajikistan,"TJK","Population, total","SP.POP.TOTL","2112131","2181805","2255026","2331736","2411260","2492998","2577184","2664130","2753848","2845273","2936779","3028837","3123691","3222290","3324499","3430425","3540076","3653265","3768508","3882691","3995256","4109022","4227171","4350874","4480026","4619003","4772139","4939059","5114989","5267249","5398768","5541205","5649400","5724993","5825368","5948584","6066523","6139829","6176397","6208370","6284735","6407377","6531669","6658575","6790547","6924720","7057566","7194477","7338403","7490230","7652141","7824785","8014084","8216724","8425552","8643840","8865631","9085946","9307333","9529966","9749310","9966908","10182222","10389799","10590927"
Tanzania,"TZA","Fertility rate, total (births per woman)","SP.DYN.TFRT.IN","6.536","6.562","6.605","6.647","6.68","6.727","6.804","6.864","6.9","6.954","7.001","7.044","7.052","7.062","7.123","7.101","7.086","7.072","7.06","7.043","6.991","6.93","6.868","6.805","6.715","6.598","6.488","6.406","6.379","6.303","6.201","6.135","6.078","5.997","5.894","5.822","5.826","5.836","5.811","5.747","5.67","5.617","5.57","5.578","5.597","5.579","5.511","5.403","5.324","5.26","5.225","5.141","5.137","5.156","5.122","5.025","5.006","4.988","4.932","4.866","4.801","4.734","4.671","4.606",".."
Tanzania,"TZA","Life expectancy at birth, total (years)","SP.DYN.LE00.IN","42.596","42.841","43.215","43.616","44.075","44.542","44.941","45.163","45.626","46.043","46.495","46.972","47.436","47.912","48.422","48.922","49.459","49.969","50.351","50.791","51.272","51.703","51.99","52.178","52.151","52.184","52.207","52.182","52.224","52.09","51.985","51.837","51.432","51.215","51.077","51.005","51.132","51.246","51.807","52.399","53.244","54.124","54.94","55.929","56.836","57.675","58.512","59.26","59.896","60.494","61.127","61.618","62.286","62.788","63.364","63.928","64.404","64.963","65.488","66.007","66.771","66.131","66.879","66.995",".."
Tanzania,"TZA","Population, total","SP.POP.TOTL","9901419","10187886","10487756","10799528","11127826","11470728","11827459","12200109","12602076","13036700","13492677","13971451","14479308","15010101","15561630","16138361","16736211","17352929","17976566","18592038","19189769","19784703","20398571","21079874","21779066","22501693","23258959","24030378","24769686","25438759","26110207","26780436","27457588","28332692","29442356","30383497","30945762","31578089","32420458","33300330","34260139","35198299","36121304","37089555","38109668","39182076","40294902","41435512","42570728","43633982","44758488","46029367","47374260","48824128","50351512","52020962","53824013","55652890","57437145","59174891","60972798","62830412","64711821","66617606","68560157"
Thailand,"THA","Fertility rate, total (births per woman)","SP.DYN.TFRT.IN","6.325","6.324","6.331","6.342","6.309","6.258","6.182","6.077","5.928","5.704","5.452","5.253","5.077","4.845","4.598","4.364","4.119","3.865","3.617","3.451","3.293","3.127","2.943","2.755","2.582","2.45","2.358","2.255","2.171","2.136","2.065","2.036","2.008","1.967","1.928","1.888","1.865","1.845","1.815","1.768","1.734","1.711","1.688","1.673","1.665","1.644","1.631","1.616","1.587","1.565","1.562","1.571","1.563","1.526","1.484","1.451","1.4","1.363","1.323","1.285","1.259","1.234","1.221","1.212",".."
Thailand,"THA","Life expectancy at birth, total (years)","SP.DYN.LE00.IN","50.608","51.065","51.444","51.988","52.539","53.131","53.729","54.316","54.977","55.705","56.47","57.1","57.746","58.323","59.031","59.713","60.371","60.906","61.266","61.696","62.186","62.856","63.603","64.5","65.55","66.543","67.308","67.833","68.194","68.557","68.924","69.132","69.353","69.568","69.661","69.757","69.94","70.362","70.703","70.979","71.205","71.52","71.775","72.101","72.1","72.894","73.341","73.779","74.221","74.669","75.012","75.302","75.59","75.96","76.279","76.563","76.769","76.989","77.19","77.197","77.331","77.606","75.291","76.412",".."
Thailand,"THA","Population, total","SP.POP.TOTL","26851747","27650334","28481040","29342322","30232141","31149337","32086071","33037801","34002560","34973782","35954408","36937387","37933929","38947787","39952891","40940005","41896504","42843974","43788976","44718434","45650022","46575855","47494577","48423309","49351708","50270753","51177834","52074105","52969595","53848956","54738329","55637434","56528834","57408198","58260854","59098232","59920064","60724584","61522630","62299043","63007815","63651141","64266437","64868166","65452047","66017420","66567687","67102394","67619830","68121080","68579447","69007208","69436098","69845114","70216367","70540795","70859841","71160187","71376079","71522271","71641484","71727332","71735329","71702435","71668011"
Timor-Leste,"TLS","Fertility rate, total (births per woman)","SP.DYN.TFRT.IN","6.319","6.273","6.218","6.155","6.084","6.008","5.932","5.858","5.788","5.722","5.655","5.58","5.492","5.392","5.287","5.19","5.119","5.085","5.094","5.142","5.219","5.525","5.555","5.586","5.614","5.65","5.672","5.682","5.716","5.762","5.811","5.835","5.867","5.879","5.912","5.936","5.941","5.955","5.963","5.97","5.934","5.918","5.899","5.846","5.741","5.611","5.474","5.333","5.171","4.994","4.816","4.614","4.404","4.208","3.999","3.779","3.582","3.399","3.244","3.116","3.011","2.892","2.801","2.707",".."
Timor-Leste,"TLS","Life expectancy at birth, total (years)","SP.DYN.LE00.IN","32.402","32.801","33.221","33.665","34.147","34.653","35.174","35.703","36.241","36.802","37.362","37.909","38.443","38.966","36.454","24.314","25.863","24.875","22.933","24.172","30.196","31.247","32.247","32.694","34.468","34.342","34.764","35.974","36.047","44.795","45.185","45.076","46.19","47.008","47.861","47.543","48.26","48.968","48.583","45.246","58.097","58.772","59.477","60.13","60.743","61.272","61.881","62.396","62.858","63.265","63.66","64.022","64.384","64.719","65.027","65.326","65.61","65.898","66.204","66.496","66.919","66.199","67.368","67.689",".."
Timor-Leste,"TLS","Population, total","SP.POP.TOTL","468118","475291","482774","490564","498659","507034","515696","524648","533875","543356","553069","562966","572962","582855","590827","598158","607620","618315","628775","638719","649871","660493","669149","677707","686777","696665","707185","718476","730745","744856","760345","778278","799318","821437","844493","868146","892282","917184","942530","834697","745088","812249","879159","916878","929074","948311","976597","1004889","1032429","1058782","1084679","1110207","1134885","1158695","1181903","1205131","1228312","1251703","1275959","1300945","1326053","1350139","1369295","1384286","1400638"
Togo,"TGO","Fertility rate, total (births per woman)","SP.DYN.TFRT.IN","6.797","6.821","6.857","6.893","6.916","6.937","6.956","6.959","6.97","7.015","7.035","7.064","7.069","7.081","7.09","7.088","7.063","7.025","6.983","6.935","6.876","6.809","6.725","6.633","6.542","6.457","6.382","6.304","6.228","6.149","6.067","5.987","5.886","5.782","5.672","5.565","5.459","5.363","5.288","5.226","5.165","5.128","5.092","5.048","4.995","5.038","5.076","5.102","5.1","5.104","5.087","4.984","4.854","4.754","4.702","4.662","4.634","4.576","4.513","4.45","4.386","4.324","4.253","4.192",".."
Togo,"TGO","Life expectancy at birth, total (years)","SP.DYN.LE00.IN","43.536","43.745","44.001","44.274","44.6","44.917","45.227","45.615","46.022","46.354","46.782","47.232","47.692","48.139","48.593","49.046","49.509","50.163","50.902","51.515","52.146","52.781","53.273","53.769","54.094","54.361","54.614","54.821","54.901","54.732","54.557","54.255","54.077","53.852","53.707","53.692","53.817","53.845","53.956","54.31","54.577","54.746","55.032","55.299","55.594","55.916","56.142","56.382","56.651","56.927","57.227","57.612","57.94","58.345","58.766","59.22","59.669","60.135","60.601","61.055","61.123","61.328","62.29","62.739",".."
Togo,"TGO","Population, total","SP.POP.TOTL","1673110","1702717","1732959","1765072","1803440","1853771","1918513","1995890","2080226","2164814","2244773","2317976","2384994","2448749","2511760","2574622","2637796","2701894","2768148","2839854","2920894","3013043","3115042","3222899","3332837","3441091","3547952","3657508","3769742","3883411","3998761","4115560","4233617","4207453","4222940","4410832","4577860","4725030","4860913","5000269","5140037","5277382","5413274","5552167","5696508","5844631","6010668","6188344","6368812","6551865","6732590","6916474","7100736","7285442","7472450","7663195","7858289","8057140","8258778","8463068","8669720","8878379","9089738","9304337","9515236"
Tonga,"TON","Fertility rate, total (births per woman)","SP.DYN.TFRT.IN","6.651","6.61","6.571","6.517","6.464","6.408","6.349","6.293","6.226","6.166","6.071","5.958","5.862","5.801","5.765","5.746","5.726","5.699","5.684","5.647","5.599","5.554","5.497","5.45","5.407","5.344","5.273","5.192","5.103","5.006","4.929","4.852","4.787","4.726","4.658","4.563","4.455","4.378","4.309","4.228","4.159","4.127","4.138","4.175","4.186","4.195","4.141","4.086","4.012","3.946","3.879","3.829","3.768","3.696","3.619","3.54","3.463","3.388","3.326","3.274","3.234","3.198","3.171","3.129",".."
Tonga,"TON","Life expectancy at birth, total (years)","SP.DYN.LE00.IN","58.315","58.757","59.298","59.77","60.251","60.72","61.21","61.692","62.161","62.696","63.182","63.607","64.061","64.389","64.825","65.122","65.418","65.625","65.854","66.039","66.186","66.357","66.327","66.652","66.806","66.928","67.058","67.189","67.321","67.445","67.539","67.749","67.927","68.157","68.371","68.592","68.803","69.012","69.224","69.431","69.635","69.8","70.03","70.228","70.433","70.56","70.71","70.887","71.041","70.949","71.319","71.437","71.546","71.65","71.721","71.851","71.951","72.066","72.169","72.292","72.379","72.13","72.635","72.895",".."
Tonga,"TON","Population, total","SP.POP.TOTL","66170","68037","69940","71885","73879","75924","78002","79814","81353","82885","84401","85896","87356","88805","90683","93017","95325","96725","97204","97544","97769","97909","97980","97998","97990","97984","98010","98376","98969","99403","99700","99895","100022","100103","100166","100225","100275","100674","101388","102046","102677","103288","103874","104464","105071","105671","106253","106726","107020","107203","107400","107570","107460","107078","106609","106095","105524","105356","105567","105669","105704","105490","105042","104597","104175"
Trinidad and Tobago,"TTO","Fertility rate, total (births per woman)","SP.DYN.TFRT.IN","5.405","5.405","5.358","5.242","5.081","4.88","4.62","4.35","4.106","3.856","3.709","3.612","3.551","3.466","3.319","3.214","3.138","3.121","3.129","3.126","3.145","3.133","3.108","3.07","3.017","2.988","2.903","2.775","2.646","2.526","2.394","2.29","2.213","2.129","2.064","1.967","1.894","1.831","1.784","1.76","1.732","1.705","1.672","1.648","1.627","1.625","1.624","1.622","1.617","1.618","1.614","1.611","1.609","1.603","1.602","1.598","1.601","1.594","1.588","1.578","1.572","1.559","1.544","1.532",".."
Trinidad and Tobago,"TTO","Life expectancy at birth, total (years)","SP.DYN.LE00.IN","62.505","62.965","63.429","63.633","63.978","64.195","64.316","64.471","64.626","64.753","64.869","64.934","65.183","65.412","65.512","65.647","66.032","66.17","66.198","66.422","66.507","66.459","66.382","66.44","66.556","66.748","66.903","67.135","67.379","67.518","67.591","67.782","67.78","67.825","67.837","67.995","68.039","68.143","68.331","68.509","68.629","68.874","69.232","69.454","69.879","70.185","70.437","70.797","71.117","71.404","71.809","72.232","72.513","72.785","72.898","72.882","72.935","72.984","72.658","72.836","72.645","71.111","73.331","73.49",".."
Trinidad and Tobago,"TTO","Population, total","SP.POP.TOTL","844943","863144","880194","896804","912963","928425","942937","956418","969006","980706","991471","1002585","1014921","1027851","1040761","1053469","1066311","1079554","1093380","1107639","1121744","1135132","1147927","1160534","1172984","1187366","1203124","1217364","1230069","1241600","1252208","1262171","1271674","1280466","1288341","1295169","1300928","1305836","1310225","1314708","1319774","1325567","1332011","1338709","1345380","1294494","1297944","1303188","1308587","1310106","1317714","1328019","1335194","1340557","1345343","1349667","1353895","1356633","1359193","1363985","1366725","1367558","1365805","1367510","1368333"
Tunisia,"TUN","Fertility rate, total (births per woman)","SP.DYN.TFRT.IN","7.157","7.159","7.168","7.17","7.166","7.113","7.055","6.952","6.806","6.623","6.426","6.29","6.187","6.12","6.048","5.972","5.873","5.681","5.401","5.184","5.033","5.023","4.89","4.771","4.664","4.521","4.361","4.104","3.833","3.569","3.441","3.31","3.189","3.058","2.874","2.67","2.488","2.338","2.197","2.082","2.025","1.975","1.941","1.956","1.95","1.953","1.952","1.957","1.975","2.004","2.075","2.189","2.277","2.31","2.316","2.306","2.275","2.205","2.133","2.1","2","1.8","1.847","1.832",".."
Tunisia,"TUN","Life expectancy at birth, total (years)","SP.DYN.LE00.IN","44.049","44.257","45.562","46.412","47.272","48.204","49.158","50.157","51.342","52.297","53.792","54.906","56.095","57.115","58.251","59.306","60.313","61.256","62.147","62.929","63.669","64.374","65.01","65.696","66.294","66.877","67.429","68.011","68.456","68.825","69.092","69.398","69.684","69.992","70.363","70.785","71.247","71.67","72.067","72.344","72.604","72.822","73.07","73.304","73.519","73.712","73.888","74.039","74.192","74.32","74.438","74.471","74.599","74.674","74.784","74.875","75.007","75.177","75.37","75.599","75.004","72.893","76.05","76.508",".."
Tunisia,"TUN","Population, total","SP.POP.TOTL","4267288","4316278","4369136","4427131","4489869","4561385","4652287","4760970","4879899","5004697","5131396","5261658","5396557","5537242","5684674","5839262","5996994","6155931","6309390","6456419","6606195","6758284","6908642","7053800","7220044","7409903","7600301","7789987","7974440","8151660","8324509","8501827","8682512","8857910","9018448","9161258","9294432","9421270","9541667","9655963","9764935","9869677","9971515","10071632","10166163","10255472","10346410","10441702","10542635","10650681","10765980","10886035","11009647","11141361","11274288","11402264","11528674","11650498","11765514","11875081","11974057","12048622","12119334","12200431","12277109"
Turkiye,"TUR","Fertility rate, total (births per woman)","SP.DYN.TFRT.IN","6.383","6.419","6.382","6.339","6.291","6.22","6.152","6.057","5.962","5.872","5.775","5.671","5.548","5.41","5.243","5.087","4.931","4.784","4.691","4.579","4.453","4.351","4.205","4.056","3.911","3.779","3.658","3.542","3.445","3.336","3.107","3.003","2.939","2.916","2.874","2.835","2.779","2.744","2.707","2.63","2.487","2.392","2.268","2.202","2.197","2.197","2.193","2.16","2.15","2.1","2.08","2.05","2.11","2.11","2.19","2.16","2.11","2.08","2","1.89","1.77","1.71","1.63","1.51",".."
Turkiye,"TUR","Life expectancy at birth, total (years)","SP.DYN.LE00.IN","50.799","51.558","52.347","53.12","53.6","54.105","54.57","55.183","55.639","56.179","56.702","57.223","57.971","58.455","59.019","59.513","60.014","60.846","61.614","62.161","62.739","63.194","63.74","64.269","64.81","65.344","65.87","66.379","66.902","67.365","67.835","68.287","68.603","69.018","69.402","69.734","70.245","70.668","71.144","70.752","71.931","72.271","72.605","72.906","73.223","73.51","73.804","74.129","74.38","74.679","74.964","74.823","75.552","76.171","76.452","76.539","76.595","77.037","77.454","77.737","76.525","75.722","77.591","77.156",".."
Turkiye,"TUR","Population, total","SP.POP.TOTL","28329898","29119238","29916147","30726841","31543072","32345220","33177672","34050421","34921684","35787774","36638465","37518611","38430221","39329533","40210234","41053126","41899984","42773298","43645306","44510429","45408815","46321190","47322096","48447410","49574069","50687115","51777772","52843670","53909626","54976723","56015628","57009887","57990118","58999167","60033836","61024503","61951134","62852966","63734383","64591923","65425961","66245128","67048795","67831730","68592617","69329557","70045349","70158112","71051678","72039206","73142150","74223629","75175827","76147624","77181884","78218479","79277962","80312698","81407204","82579440","83384680","84147318","84979913","85325965","85518661"
Turkmenistan,"TKM","Fertility rate, total (births per woman)","SP.DYN.TFRT.IN","6.59","6.689","6.756","6.788","6.787","6.756","6.703","6.635","6.56","6.482","6.404","6.323","6.2","6.152","6.087","6.004","5.901","5.77","5.61","5.457","5.303","5.162","5.042","4.967","4.964","4.966","4.936","4.842","4.675","4.463","4.288","4.145","3.957","3.778","3.623","3.491","3.292","3.18","3.075","2.976","2.9","2.814","2.71","2.667","2.674","2.706","2.724","2.734","2.75","2.794","2.848","2.9","2.955","3.007","3.023","3.033","2.99","2.934","2.875","2.834","2.793","2.754","2.728","2.69",".."
Turkmenistan,"TKM","Life expectancy at birth, total (years)","SP.DYN.LE00.IN","52.149","52.51","52.868","53.228","53.595","53.986","54.403","54.837","55.274","55.69","56.045","56.349","56.603","56.836","57.04","57.241","57.449","57.689","58.279","59.12","60.181","60.983","61.577","61.988","62.364","62.803","63.212","63.531","63.699","63.782","63.867","63.842","63.753","63.586","63.515","63.514","63.538","63.667","63.966","64.475","64.931","65.325","65.593","65.854","66.055","66.275","66.574","67.02","67.584","68.155","68.608","68.87","68.961","68.968","69.001","69.061","69.142","69.19","69.272","69.405","68.846","69.353","69.913","70.073",".."
Turkmenistan,"TKM","Population, total","SP.POP.TOTL","1643457","1695400","1749214","1804272","1859997","1915916","1971737","2027403","2083069","2139024","2195616","2253119","2311430","2370919","2432028","2494570","2558521","2623948","2691088","2760358","2832203","2907187","2985557","3067534","3154079","3247534","3347809","3452731","3559363","3662459","3760562","3855894","3944689","4032407","4116662","4191203","4263819","4336730","4410507","4492170","4582677","4675409","4769465","4863865","4958093","5052257","5147105","5244046","5345029","5451592","5564356","5683417","5808546","5939341","6075283","6215770","6360041","6507061","6655524","6803944","6949912","7092043","7230193","7364438","7494498"
Turks and Caicos Islands,"TCA","Fertility rate, total (births per woman)","SP.DYN.TFRT.IN","5.991","5.907","5.816","5.719","5.608","5.502","5.435","5.395","5.397","5.311","5.229","5.141","5.027","4.913","4.793","4.687","4.624","4.553","4.485","4.43","4.37","4.291","4.192","4.085","3.986","3.908","3.789","3.653","3.499","3.335","3.189","3.053","2.939","2.842","2.756","2.699","2.649","2.581","2.52","2.464","2.406","2.342","2.242","2.176","2.136","2.106","2.078","2.049","2.005","1.959","1.907","1.859","1.805","1.752","1.729","1.718","1.713","1.704","1.677","1.617","1.552","1.501","1.477","1.463",".."
Turks and Caicos Islands,"TCA","Life expectancy at birth, total (years)","SP.DYN.LE00.IN","56.292","57.087","57.742","58.426","59.119","59.806","60.441","61.039","61.586","62.135","62.689","63.256","63.76","64.228","64.731","65.201","65.607","66.025","66.432","66.772","67.108","67.439","67.747","68.069","68.386","68.669","68.99","69.3","69.619","69.916","70.218","70.54","70.887","71.194","71.575","71.948","72.328","72.713","73.113","73.531","73.972","74.409","74.843","75.262","75.63","75.954","76.197","76.427","76.084","76.672","76.784","76.87","76.969","77.1","77.212","77.321","77.437","77.505","77.596","77.691","77.499","77.234","77.918","78.008",".."
Turks and Caicos Islands,"TCA","Population, total","SP.POP.TOTL","5599","5622","5636","5647","5657","5658","5654","5657","5656","5652","5667","5754","5915","6090","6273","6463","6660","6864","7083","7306","7564","7908","8297","8697","9107","9521","9941","10361","10775","11193","11688","12305","12970","13648","14344","15052","15765","16482","17212","17959","18730","19576","20597","21727","22856","23988","25123","26270","27427","28588","29739","30846","32127","33653","35050","36605","38315","39913","41559","43166","44386","45243","45847","46198","46535"
Tuvalu,"TUV","Fertility rate, total (births per woman)","SP.DYN.TFRT.IN","5.146","5.089","5.004","4.914","4.826","4.726","4.637","4.494","4.361","4.227","4.081","3.944","3.806","3.712","3.633","3.578","3.554","3.555","3.59","3.645","3.73","3.804","3.877","3.912","3.946","3.973","3.973","3.941","3.881","3.797","3.75","3.789","3.86","3.922","3.923","3.963","3.951","3.952","3.951","3.919","3.841","3.749","3.637","3.579","3.553","3.546","3.525","3.446","3.415","3.425","3.442","3.463","3.47","3.389","3.33","3.308","3.297","3.301","3.328","3.331","3.309","3.277","3.244","3.208",".."
Tuvalu,"TUV","Life expectancy at birth, total (years)","SP.DYN.LE00.IN","48.261","49.02","49.779","50.58","51.336","52.086","52.809","53.481","54.072","54.73","55.347","55.971","54.694","57.197","57.693","58.253","58.773","59.201","59.571","59.879","60.217","60.489","60.746","60.938","61.052","61.137","61.207","61.286","61.367","61.506","61.643","61.809","60.29","62.11","62.317","62.505","62.709","62.942","63.162","63.346","63.536","63.709","63.825","63.897","63.989","64.096","64.247","64.402","64.516","64.693","64.834","64.96","65.079","65.171","65.278","65.365","65.51","65.683","65.871","66.109","66.357","65.824","66.852","67.105",".."
Tuvalu,"TUV","Population, total","SP.POP.TOTL","5598","5648","5699","5751","5752","5715","5686","5652","5624","5631","5663","5685","5692","5681","5822","6117","6404","6686","6957","7184","7366","7526","7664","7789","7902","8046","8217","8371","8518","8662","8798","8928","9038","9126","9207","9280","9342","9400","9451","9496","9544","9586","9623","9695","9816","9940","10056","10182","10321","10461","10614","10780","10934","11001","10984","10963","10930","10869","10751","10581","10399","10194","9992","9816","9646"
Uganda,"UGA","Fertility rate, total (births per woman)","SP.DYN.TFRT.IN","6.905","6.927","6.959","6.984","7.012","7.042","7.066","7.102","7.13","7.115","7.149","7.181","7.185","7.193","7.192","7.201","7.194","7.183","7.163","7.142","7.113","7.118","7.11","7.068","7.024","7.037","7.083","7.12","7.102","7.045","7.014","6.943","6.913","6.886","6.899","6.871","6.835","6.856","6.837","6.825","6.788","6.757","6.735","6.671","6.612","6.525","6.429","6.326","6.202","6.124","6.019","5.885","5.729","5.563","5.408","5.251","5.112","4.987","4.867","4.744","4.621","4.51","4.388","4.283",".."
Uganda,"UGA","Life expectancy at birth, total (years)","SP.DYN.LE00.IN","45.633","46.271","46.821","47.378","47.846","48.303","48.463","49.006","49.285","49.505","49.621","47.147","47.162","46.992","46.861","46.517","46.169","45.84","45.596","45.385","43.453","43.456","43.309","43.489","43.706","45.496","45.651","47.36","47.476","47.488","47.561","47.549","47.671","47.681","47.675","47.706","47.759","48.026","48.263","48.977","49.64","50.576","51.443","52.414","53.699","54.926","56.118","57.248","58.253","59.157","59.959","60.791","61.579","62.353","63.057","63.831","64.494","65.174","65.775","66.354","66.41","66.45","67.675","68.252",".."
Uganda,"UGA","Population, total","SP.POP.TOTL","7640973","7862217","8092231","8333663","8586363","8849203","9122864","9408924","9708632","10014858","10321603","10618206","10885796","11144236","11424846","11725240","12037294","12359669","12692113","13002163","13275741","13556452","13873631","14221881","14607677","15023681","15467579","15954170","16470483","17010698","17569897","18155901","18785032","19445161","20108801","20665667","21231550","21856046","22515806","23257281","24000150","24745676","25532870","26352124","27154515","27963289","28794003","29653430","30539553","31451151","32390802","33354543","34337438","35337042","36395539","37531446","38799152","40177388","41565831","42999637","44457152","45910930","47312719","48656601","50015092"
Ukraine,"UKR","Fertility rate, total (births per woman)","SP.DYN.TFRT.IN","2.285","2.197","2.154","2.111","2.014","1.943","2.037","2.04","2.031","2.012","2.078","2.113","2.127","2.044","2.064","2.049","2.044","1.983","1.969","1.957","1.949","1.915","1.951","2.099","2.081","2.033","2.117","2.07","2.042","1.927","1.845","1.773","1.674","1.564","1.471","1.399","1.333","1.271","1.206","1.127","1.108","1.092","1.127","1.173","1.215","1.221","1.297","1.343","1.444","1.47","1.436","1.464","1.528","1.515","1.466","1.387","1.391","1.3","1.233","1.218","1.208","1.148","0.897","0.977",".."
Ukraine,"UKR","Life expectancy at birth, total (years)","SP.DYN.LE00.IN","69.388","70.044","70.401","70.683","70.972","71.143","71.163","71.115","70.968","70.828","70.844","70.872","70.966","70.822","70.627","70.361","70.144","70.007","69.839","69.775","69.759","69.816","69.902","69.948","69.992","70.409","70.833","71.179","71.04","70.839","70.354","69.688","68.947","68.287","67.534","67.114","67.097","67.658","67.993","68.004","67.786","67.675","67.699","67.638","67.472","67.517","67.49","67.715","68.262","69.159","70.188","70.711","71.09","71.474","71.803","72.686","73.389","73.993","73.569","73.92","73.283","71.631","72.658","73.422",".."
Ukraine,"UKR","Population, total","SP.POP.TOTL","42824093","43399766","43943674","44462372","44951156","45386892","45802519","46215988","46614325","46976256","47261306","47573287","47946893","48277121","48576570","48865229","49120842","49336481","49521243","49721381","49955152","50189281","50402724","50637029","50887599","51108770","51318745","51515732","51724853","51917817","52054092","52170961","52323671","52350126","52075998","51665539","51226109","50786885","50379731","49976446","49556660","49106855","48677281","48315136","47979507","47585556","47278694","47062798","46819175","46623731","46456003","46307853","46210056","46126770","45972380","45784896","45616832","45436041","45208907","44957458","44680014","44298640","41048766","37732836","37860221"
United Arab Emirates,"ARE","Fertility rate, total (births per woman)","SP.DYN.TFRT.IN","6.499","6.494","6.489","6.495","6.494","6.495","6.495","6.51","6.529","6.524","6.519","6.519","6.502","6.464","6.411","6.353","6.291","6.223","6.151","6.059","5.953","5.814","5.658","5.482","5.303","5.125","4.999","4.883","4.768","4.65","4.506","4.251","4.088","3.819","3.761","3.278","3.06","2.825","2.765","2.793","2.733","2.622","2.541","2.491","2.385","2.232","1.958","1.792","1.516","1.582","1.565","1.539","1.532","1.527","1.483","1.417","1.366","1.35","1.288","1.247","1.289","1.162","1.148","1.2",".."
United Arab Emirates,"ARE","Life expectancy at birth, total (years)","SP.DYN.LE00.IN","50.651","51.596","52.546","53.509","54.495","55.512","56.572","57.648","58.727","59.764","60.78","61.753","62.675","63.542","64.351","65.105","65.806","66.471","67.083","67.645","68.157","68.622","69.056","69.448","69.802","70.123","70.41","70.623","70.808","70.96","71.074","71.144","71.166","71.159","71.204","71.392","71.82","72.559","73.66","74.982","76.347","77.621","78.721","79.6","80.272","80.779","81.155","81.438","81.591","81.679","81.886","81.898","81.913","81.95","81.99","82.076","82.195","82.388","82.449","82.596","81.936","79.083","80.487","82.909",".."
United Arab Emirates,"ARE","Population, total","SP.POP.TOTL","131334","137989","144946","152211","159692","167103","173976","179700","199416","239660","286536","335027","385014","436399","489087","542856","615866","710209","809274","912010","1015700","1099855","1166370","1235305","1305996","1377911","1467383","1574244","1681788","1789851","1898220","2006626","2114730","2222093","2328188","2434662","2597564","2817410","3040421","3266009","3493575","3723590","3956826","4192457","4428967","4664790","5009100","5624635","6302664","6707058","6869838","7104538","7391448","7693031","8059440","8505237","8935095","9223225","9346701","9445785","9401038","9575152","10074977","10483751","10876981"
United Kingdom,"GBR","Fertility rate, total (births per woman)","SP.DYN.TFRT.IN","2.69","2.78","2.86","2.88","2.93","2.86","2.78","2.68","2.6","2.51","2.44","2.41","2.2","2.04","1.92","1.81","1.74","1.69","1.75","1.86","1.9","1.82","1.78","1.77","1.77","1.79","1.78","1.81","1.82","1.79","1.83","1.82","1.79","1.76","1.74","1.71","1.73","1.72","1.71","1.68","1.64","1.63","1.63","1.7","1.75","1.76","1.82","1.86","1.91","1.89","1.92","1.91","1.92","1.83","1.81","1.8","1.79","1.74","1.68","1.632","1.571","1.583","1.56","1.56",".."
United Kingdom,"GBR","Life expectancy at birth, total (years)","SP.DYN.LE00.IN","71.1268292682927","70.8780487804878","70.9268292682927","70.8268292682927","71.6243902439024","71.6243902439024","71.5731707317073","72.1243902439024","71.7243902439025","71.7219512195122","71.9731707317073","72.2731707317073","72.1243902439024","72.3243902439024","72.5243902439024","72.7243902439024","72.7756097560976","73.2243902439024","73.1756097560976","73.2756097560976","73.6756097560976","74.0268292682927","74.1780487804878","74.3780487804878","74.7780487804878","74.6292682926829","74.9292682926829","75.280487804878","75.3804878048781","75.5829268292683","75.8804878048781","76.0829268292683","76.4341463414634","76.3853658536585","76.8853658536585","76.8365853658537","77.0878048780488","77.2109756097561","77.190243902439","77.390243902439","77.7414634146342","77.9926829268293","78.1439024390244","78.4463414634146","78.7463414634146","79.0487804878049","79.2487804878049","79.4487804878049","79.6","80.0512195121951","80.4024390243902","80.9512195121951","80.9048780487805","81.0048780487805","81.3048780487805","80.9560975609756","81.1560975609756","81.2560975609756","81.2560975609756","81.3691219512195","80.331756097561","80.6473170731707","81.0112195121951","81.2380975609756",".."
United Kingdom,"GBR","Population, total","SP.POP.TOTL","52400000","52800000","53250000","53650000","54000000","54348050","54648500","54943600","55211700","55441750","55663250","55896223","56086065","56194527","56229974","56225800","56211968","56193492","56196504","56246951","56314216","56333829","56313641","56332848","56422072","56550268","56681396","56802050","56928327","57076711","57247586","57424897","57580402","57718614","57865745","58019030","58166950","58316954","58487141","58682466","58892514","59119673","59370479","59647577","59987905","60401206","60846820","61322463","61806995","62276270","62766365","63258810","63711000","64139000","64620000","65088000","65607000","65966000","66289000","66631000","66744000","66984000","67604000","68492000","69226000"
United States,"USA","Fertility rate, total (births per woman)","SP.DYN.TFRT.IN","3.654","3.62","3.461","3.319","3.19","2.913","2.721","2.558","2.464","2.456","2.48","2.266","2.01","1.879","1.835","1.774","1.738","1.79","1.76","1.808","1.8395","1.812","1.8275","1.799","1.8065","1.844","1.8375","1.872","1.934","2.014","2.081","2.0625","2.046","2.0195","2.0015","1.978","1.976","1.971","1.999","2.0075","2.056","2.0305","2.0205","2.0475","2.0515","2.057","2.108","2.12","2.072","2.002","1.931","1.8945","1.8805","1.8575","1.8625","1.8435","1.8205","1.7655","1.7295","1.706","1.6415","1.664","1.6565","1.6165",".."
United States,"USA","Life expectancy at birth, total (years)","SP.DYN.LE00.IN","69.7707317073171","70.2707317073171","70.119512195122","69.9170731707317","70.1658536585366","70.2146341463415","70.2121951219512","70.5609756097561","69.9512195121951","70.5073170731708","70.8073170731707","71.1073170731707","71.1560975609756","71.3560975609756","71.9560975609756","72.6048780487805","72.8560975609756","73.2560975609756","73.3560975609756","73.8048780487805","73.609756097561","74.009756097561","74.3609756097561","74.4634146341463","74.5634146341464","74.5634146341464","74.6146341463415","74.7658536585366","74.7658536585366","75.0170731707317","75.2146341463415","75.3658536585366","75.6170731707317","75.419512195122","75.619512195122","75.6219512195122","76.0268292682927","76.4292682926829","76.5804878048781","76.5829268292683","76.6365853658537","76.8365853658537","76.9365853658537","77.0365853658537","77.4878048780488","77.4878048780488","77.6878048780488","77.9878048780488","78.0390243902439","78.390243902439","78.5414634146342","78.6414634146341","78.7414634146342","78.7414634146342","78.8414634146341","78.690243902439","78.5390243902439","78.5390243902439","78.6390243902439","78.7878048780488","76.9804878048781","76.3292682926829","77.4341463414634","78.3853658536585",".."
United States,"USA","Population, total","SP.POP.TOTL","180671000","183691000","186538000","189242000","191889000","194303000","196560000","198712000","200706000","202677000","205052000","207661000","209896000","211909000","213854000","215973000","218035000","220239000","222585000","225055000","227225000","229466000","231664000","233792000","235825000","237924000","240133000","242289000","244499000","246819000","249623000","252981000","256514000","259919000","263126000","266278000","269394000","272657000","275854000","279040000","282162411","284968955","287625193","290107933","292805298","295516599","298379912","301231207","304093966","306771529","309378227","311839461","314339099","316726282","319257560","321815121","324353340","326608609","328529577","330226227","331577720","332099760","334017321","336806231","340110988"
Uruguay,"URY","Fertility rate, total (births per woman)","SP.DYN.TFRT.IN","2.827","2.846","2.866","2.884","2.863","2.84","2.819","2.784","2.771","2.769","2.772","2.767","2.782","2.855","2.957","3.017","3.005","2.899","2.829","2.711","2.59","2.534","2.512","2.486","2.471","2.47","2.47","2.486","2.503","2.498","2.477","2.454","2.432","2.408","2.425","2.401","2.364","2.328","2.271","2.248","2.196","2.161","2.16","2.116","2.093","2.097","2.07","2.048","2.03","2.018","2.011","1.987","2.012","2.034","2.026","2.041","1.966","1.824","1.681","1.567","1.497","1.446","1.425","1.409",".."
Uruguay,"URY","Life expectancy at birth, total (years)","SP.DYN.LE00.IN","67.683","67.81","67.911","68.023","68.112","68.2","68.302","68.407","68.514","68.581","68.734","68.926","69.169","69.348","69.524","69.705","69.887","70.081","70.265","70.255","70.505","70.952","71.528","71.595","71.708","71.861","72.187","72.196","72.408","72.628","72.994","73.198","73.185","73.147","73.162","73.493","73.812","73.92","74.029","74.293","74.693","74.987","74.979","75.086","75.319","75.829","75.888","76.15","76.275","76.67","76.691","76.614","76.691","76.953","77.194","77.285","77.351","77.618","77.527","77.503","78.381","75.434","76.468","78.138",".."
Uruguay,"URY","Population, total","SP.POP.TOTL","2529957","2562044","2593298","2623766","2653180","2681169","2707646","2732277","2754606","2773974","2790807","2806462","2821644","2837133","2853944","2872320","2891392","2909461","2925715","2939903","2951953","2963246","2975492","2988778","3002488","3017037","3032845","3049896","3067961","3086255","3104403","3122354","3139702","3156345","3172834","3189440","3206324","3223345","3239280","3254015","3266206","3274251","3278867","3281186","3283148","3285771","3289506","3295153","3302177","3310091","3318580","3326825","3335401","3345337","3356334","3368017","3379283","3388438","3394534","3397206","3398968","3396695","3390913","3388081","3386588"
Uzbekistan,"UZB","Fertility rate, total (births per woman)","SP.DYN.TFRT.IN","6.613","6.752","6.878","6.808","6.823","6.81","6.66","6.567","6.394","6.338","6.313","6.284","6.246","6.162","6.053","5.918","5.749","5.54","5.281","5.159","5.039","4.905","4.817","4.714","4.729","4.691","4.675","4.532","4.263","4.102","4.122","4.19","4.056","3.863","3.66","3.566","3.393","3.186","2.985","2.831","2.696","2.61","2.575","2.503","2.496","2.438","2.461","2.573","2.635","2.559","2.442","2.354","2.337","2.445","2.546","2.583","2.564","2.57","2.713","2.869","3.062","3.273","3.396","3.5",".."
Uzbekistan,"UZB","Life expectancy at birth, total (years)","SP.DYN.LE00.IN","56.539","56.874","57.218","57.564","57.922","58.277","58.633","58.993","59.355","59.715","60.072","60.417","60.75","61.058","61.355","61.632","61.903","62.173","62.44","62.707","62.981","63.223","63.465","63.75","64.108","64.574","65.027","65.486","65.757","65.844","65.772","65.529","65.236","64.924","64.681","64.67","64.78","65.028","65.169","65.307","65.456","65.853","66.376","66.852","67.203","67.481","67.905","68.483","69.035","69.517","69.836","70.143","70.411","70.692","70.973","71.33","71.58","71.737","71.999","72.093","71.461","71.681","72.147","72.388",".."
Uzbekistan,"UZB","Population, total","SP.POP.TOTL","8209109","8517711","8854368","9202246","9557611","9921681","10289294","10659180","11032155","11403150","11762638","12111511","12465106","12831047","13209011","13598521","13998620","14408822","14816349","15215587","15619936","16035032","16462736","16908400","17378846","17875339","18395621","18930070","19460630","19977183","20464956","20962910","21485090","21987955","22463291","22917589","23351981","23758960","24134929","24476008","24787054","25090283","25399980","25711259","26029350","26356975","26699043","27076008","27494774","27939328","28385506","28823196","29261903","29724065","30222994","30749346","31284568","31819178","32373490","32964701","33586372","34243696","34938955","35652307","36361859"
Vanuatu,"VUT","Fertility rate, total (births per woman)","SP.DYN.TFRT.IN","6.784","6.729","6.672","6.623","6.568","6.524","6.511","6.509","6.463","6.41","6.346","6.293","6.228","6.151","6.057","5.976","5.885","5.806","5.768","5.733","5.691","5.651","5.603","5.547","5.489","5.433","5.382","5.328","5.27","5.211","5.166","5.13","5.094","5.023","4.937","4.847","4.752","4.657","4.603","4.556","4.537","4.495","4.382","4.293","4.214","4.133","4.1","4.117","4.159","4.157","4.126","4.093","4.059","4.039","3.999","3.952","3.915","3.875","3.834","3.79","3.738","3.696","3.647","3.596",".."
Vanuatu,"VUT","Life expectancy at birth, total (years)","SP.DYN.LE00.IN","49.841","50.384","50.931","51.485","51.969","52.527","53.09","53.667","54.23","54.761","55.311","55.88","56.372","57.001","57.572","58.133","58.664","59.247","59.881","60.893","61.322","61.95","62.54","63.075","63.519","63.927","64.618","64.439","65.699","66.023","66.684","67.114","67.433","67.724","67.984","68.104","68.176","68.309","68.372","67.924","68.586","68.722","68.836","68.933","68.985","69.166","69.126","69.144","69.302","69.422","69.57","69.729","69.898","69.986","70.043","70.163","70.397","70.5","70.626","70.783","70.385","69.952","71.302","71.477",".."
Vanuatu,"VUT","Population, total","SP.POP.TOTL","64431","66264","68174","70159","72219","74358","76590","78921","81314","83755","86266","88862","91562","94362","97260","100269","103388","106618","109963","113040","115660","118249","121035","123998","127109","130356","133720","137187","140756","144393","148063","151793","155608","159463","163314","167137","170911","174626","178313","182048","186281","191031","195863","200746","205711","210760","215923","221276","226896","232731","238248","243474","248883","254482","260240","266101","272087","278507","285259","291985","298858","305868","313046","320409","327777"
"Venezuela, RB","VEN","Fertility rate, total (births per woman)","SP.DYN.TFRT.IN","6.382","6.298","6.231","6.155","6.071","5.977","5.87","5.748","5.614","5.469","5.321","5.174","5.035","4.906","4.791","4.686","4.589","4.494","4.397","4.298","4.2","4.104","4.014","3.933","3.861","3.794","3.73","3.665","3.597","3.524","3.448","3.37","3.292","3.218","3.147","3.082","3.022","2.967","2.912","2.856","2.79","2.779","2.739","2.703","2.639","2.629","2.595","2.524","2.475","2.422","2.396","2.398","2.379","2.334","2.296","2.253","2.217","2.183","2.151","2.131","2.116","2.105","2.088","2.079",".."
"Venezuela, RB","VEN","Life expectancy at birth, total (years)","SP.DYN.LE00.IN","58.376","59.115","59.667","60.502","61.168","61.909","62.894","63.55","63.908","63.84","64.816","65.184","65.555","65.74","66.223","66.686","67.266","67.726","68.108","68.226","68.179","68.697","68.985","69.541","69.672","69.961","70.528","70.673","70.762","70.805","70.964","71.172","71.177","71.385","71.283","71.714","71.92","72.56","72.446","72.088","72.388","71.019","72.823","72.056","72.752","73.075","72.972","73.348","72.578","72.785","73.092","73.09","73.086","73.076","72.837","73.004","72.002","71.903","72.641","72.766","72.369","71.536","72.566","72.514",".."
"Venezuela, RB","VEN","Population, total","SP.POP.TOTL","8160090","8455915","8756870","9064021","9377712","9697790","10024854","10358513","10697530","11040280","11387790","11741008","12099180","12463537","12835351","13215892","13606284","14006812","14416684","14834552","15258218","15687297","16121874","16562205","17008841","17461434","17923536","18394963","18871020","19348921","19827010","20304896","20780948","21254520","21725188","22193821","22662113","23131685","23601337","24066593","24526708","24979922","25435671","25892703","26340838","26785804","27224686","27649363","28053696","28438298","28813101","29185212","29553826","29912198","30254079","30573972","30765720","30565323","29807592","28938098","28444077","28237826","28213017","28300854","28405543"
Viet Nam,"VNM","Fertility rate, total (births per woman)","SP.DYN.TFRT.IN","6.273","5.476","6.257","6.385","6.285","6.156","5.968","5.883","6.029","6.013","6.019","6.069","6.1","6.108","5.781","5.621","5.461","5.291","5.104","4.94","4.795","4.665","4.593","4.524","4.412","4.206","3.955","3.717","3.623","3.641","3.602","3.524","3.353","3.172","2.941","2.7","2.468","2.274","2.098","1.999","2.028","2.023","2.006","1.999","1.968","1.887","1.873","1.911","1.933","1.92","1.906","1.927","1.967","1.98","2.09","2.1","2","1.985","1.88","1.943","1.957","1.942","1.927","1.913",".."
Viet Nam,"VNM","Life expectancy at birth, total (years)","SP.DYN.LE00.IN","58.046","58.461","58.204","56.897","57.473","56.967","56.914","56.745","52.668","54.791","54.93","55.585","51.913","55.677","54.751","61.865","63.669","64.07","64.529","64.986","65.338","65.779","66.212","66.545","66.929","67.192","67.55","68.005","68.585","68.805","69.027","69.303","69.62","69.957","70.379","70.871","71.296","71.67","72.283","72.575","72.746","72.984","73.138","73.236","73.062","73.198","73.293","73.385","73.455","73.525","73.611","73.713","73.762","73.821","73.886","73.955","73.984","74.026","74.1","74.211","75.383","74.145","74.502","74.588",".."
Viet Nam,"VNM","Population, total","SP.POP.TOTL","32531933","33409059","34288560","35249101","36201563","37129656","38024836","38895080","39734609","40582096","41475230","42449276","43429168","44409861","45413537","46482903","47684931","48954872","50249552","51378211","52490101","53738141","55011289","56337921","57706067","59060622","60347048","61584651","62843228","64147348","65504552","66891775","68260337","69586384","70854391","72049940","73156447","74226889","75299660","76287452","77154011","77969361","78772224","79563777","80338971","81088313","82167897","83633375","85175788","86460018","87455152","88468314","89510356","90573104","91679578","92823254","94000117","95176977","96237319","97173776","98079191","98935098","99680655","100352192","100987686"
Virgin Islands (U.S.),"VIR","Fertility rate, total (births per woman)","SP.DYN.TFRT.IN","5.149","4.801","5.072","4.958","5.474","5.64","4.993","5.196","4.954","4.812","5.254","5.066","4.78","4.231","3.873","3.595","3.39","3.257","3.303","3.04","3.105","2.999","3.076","3.097","2.896","2.831","2.74","2.844","2.837","3.024","3.106","3.379","3.63","3.636","3.682","3.237","2.941","3.017","2.676","2.449","2.06","1.9","2.21","2.07","2.17","2.24","2.03","2.51","2.44","2.37","2.3","2.16","2.06","2.08","2.09","2.11","2.09","2.08","2.06","2.05","2.03","2.01","2","1.98",".."
Virgin Islands (U.S.),"VIR","Life expectancy at birth, total (years)","SP.DYN.LE00.IN","62.7435365853659","63.1217073170732","62.6680243902439","61.4347073170732","64.1249268292683","64.7879268292683","63.6770731707317","64.4256097560976","65.1755365853659","65.8457073170732","66.5014390243902","67.098487804878","65.5663170731708","67.1374390243903","67.407512195122","67.6790975609756","67.8731707317073","68.0731707317073","68.2636829268293","68.4648048780488","68.6948780487805","68.8704634146341","69.0786585365854","69.3093902439024","69.5030487804878","69.6470975609756","69.94","70.1746585365854","70.3924146341463","70.5269512195122","70.6799756097561","70.8079268292683","70.9626097560976","71.0782682926829","71.2246341463415","71.1666097560976","71.575512195122","70.9152195121951","71.2462682926829","71.1116097560976","76.619512195122","77.6219512195122","77.5219512195122","77.5219512195122","77.7731707317073","77.4219512195122","78.3243902439024","76.8634146341463","77.1634146341463","77.5146341463415","77.8658536585366","78.3170731707317","78.5170731707317","78.7170731707317","78.8682926829268","79.0170731707317","79.1682926829268","79.3682926829268","79.5195121951219","79.6682926829268","79.819512195122","80.0682926829268","80.319512195122","80.519512195122",".."
Virgin Islands (U.S.),"VIR","Population, total","SP.POP.TOTL","32500","34300","35000","39800","40800","43500","46200","49100","55700","60300","63476","70937","76319","84121","89941","94484","96166","93203","95929","96183","99636","99853","100068","100348","100600","100760","100842","100901","100952","101041","103963","104807","105712","106578","107318","107818","108095","108357","108537","108599","108642","108549","108509","108505","108466","108453","108369","108337","108397","108404","108357","108290","108188","108041","107882","107712","107516","107281","107001","106669","106290","105870","105413","104917","104377"
West Bank and Gaza,"PSE","Fertility rate, total (births per woman)","SP.DYN.TFRT.IN","..","..","..","..","..","..","..","..","..","..","..","..","..","..","..","..","..","..","..","..","..","..","..","..","..","..","..","..","..","..","6.809","6.751","6.65","6.501","6.334","6.161","5.988","5.817","5.693","5.583","5.457","5.342","5.216","5.062","4.971","4.867","4.739","4.627","4.509","4.44","4.434","4.305","4.154","4.049","3.995","3.977","3.887","3.771","3.674","3.591","3.511","3.442","3.375","3.311",".."
West Bank and Gaza,"PSE","Life expectancy at birth, total (years)","SP.DYN.LE00.IN","..","..","..","..","..","..","..","..","..","..","..","..","..","..","..","..","..","..","..","..","..","..","..","..","..","..","..","..","..","..","67.803","68.222","68.478","68.759","69.328","69.583","69.982","70.328","70.564","70.789","70.298","69.75","70.88","70.967","71.094","72.004","71.831","72.064","72.204","72.306","73.302","73.557","73.722","74.14","72.781","74.577","74.917","75.216","75.38","75.811","74.998","73.89","76.662","65.17",".."
West Bank and Gaza,"PSE","Population, total","SP.POP.TOTL","..","..","..","..","..","..","..","..","..","..","..","..","..","..","..","..","..","..","..","..","..","..","..","..","..","..","..","..","..","..","1978248","2068845","2163591","2262676","2366298","2474666","2587997","2706518","2776568","2848431","2922153","2997784","3075373","3154969","3236626","3320396","3406334","3494496","3591977","3689099","3786161","3882986","3979998","4076708","4173398","4270092","4367088","4454805","4569087","4685306","4803269","4922749","5043612","5165775","5289152"
"Yemen, Rep.","YEM","Fertility rate, total (births per woman)","SP.DYN.TFRT.IN","7.988","8","8.01","8.028","8.071","8.101","8.142","8.174","8.191","8.216","8.234","8.26","8.273","8.29","8.326","8.373","8.423","8.466","8.501","8.671","8.71","8.752","8.793","8.828","8.853","8.864","8.858","8.833","8.786","8.713","8.606","8.459","8.272","8.048","7.795","7.525","7.004","6.82","6.639","6.489","6.317","6.143","5.971","5.839","5.712","5.563","5.412","5.261","5.113","5.004","4.81","4.63","4.633","4.623","4.62","4.617","4.613","4.61","4.607","4.603","4.6","4.597","4.593","4.59",".."
"Yemen, Rep.","YEM","Life expectancy at birth, total (years)","SP.DYN.LE00.IN","33.462","34.058","33.669","33.431","34.907","35.592","36.264","37.079","37.99","39.61","40.573","41.757","42.688","43.603","44.541","45.475","46.441","47.442","48.484","49.531","50.608","51.679","52.367","53.618","54.586","55.418","54.002","56.828","57.43","58.025","58.528","58.805","59.26","59.655","59.828","60.532","60.884","61.34","61.788","62.275","62.761","63.286","63.807","64.407","64.881","65.356","65.8","66.23","66.609","66.905","67.223","67.412","67.569","67.961","68.003","66.761","67.105","67.12","65.915","66.567","66.435","66.019","67.952","69.295",".."
"Yemen, Rep.","YEM","Population, total","SP.POP.TOTL","5532301","5655232","5782221","5911135","6048006","6195593","6351494","6516444","6690524","6875859","7065279","7257462","7460068","7672796","7896783","8133598","8384113","8648222","8926586","9224194","9543358","9882362","10241006","10621499","11025597","11453825","11901040","12369912","12859708","13364174","13887862","14430201","14989494","15563914","16149147","16740058","17313177","17873936","18446013","19029420","19624141","20226147","20835086","21456379","22095167","22790085","23543083","24318082","25111941","25927724","26754387","27582897","28433647","29312952","30226309","31159379","32109010","33090921","34085182","35111408","36134863","37140230","38222876","39390799","40583164"
Zambia,"ZMB","Fertility rate, total (births per woman)","SP.DYN.TFRT.IN","6.947","6.982","7.012","7.06","7.085","7.116","7.138","7.154","7.18","7.18","7.224","7.26","7.3","7.339","7.364","7.421","7.388","7.353","7.294","7.222","7.139","7.073","7.039","7.007","6.974","6.928","6.868","6.798","6.703","6.635","6.567","6.458","6.349","6.298","6.26","6.232","6.182","6.124","6.067","5.998","5.921","5.848","5.774","5.71","5.698","5.697","5.679","5.613","5.53","5.453","5.359","5.256","5.136","5.014","4.89","4.775","4.669","4.567","4.492","4.418","4.323","4.246","4.175","4.101",".."
Zambia,"ZMB","Life expectancy at birth, total (years)","SP.DYN.LE00.IN","50.648","51.041","51.331","51.605","51.17","52.079","52.29","52.512","52.719","53.044","53.404","53.887","54.375","54.913","55.377","55.742","56.102","56.281","56.335","56.05","55.496","54.986","54.361","53.674","52.877","52.001","51.149","50.421","49.674","48.882","48.204","47.443","46.968","46.678","46.344","46.051","45.757","45.743","45.709","45.924","46.577","47.408","48.461","49.616","50.54","51.615","52.693","53.73","54.835","55.886","56.896","57.843","58.704","59.445","60.109","60.728","61.129","61.564","62.138","62.914","63.361","62.363","65.279","66.349",".."
Zambia,"ZMB","Population, total","SP.POP.TOTL","3153729","3254086","3358099","3465907","3577017","3692086","3812003","3936343","4065593","4197116","4321718","4442525","4569309","4702693","4842746","4990086","5143842","5302480","5465374","5631728","5802833","5983289","6178637","6381038","6580490","6780953","6986471","7191282","7391440","7589216","7786169","7981650","8176680","8373921","8576269","8785763","9004053","9237063","9482408","9740005","10017631","10325185","10647949","10983595","11338198","11718819","12129553","12565085","13021324","13490389","13965594","14437796","14913629","15398997","15895315","16399089","16914423","17441320","17973569","18513839","19059395","19603607","20152938","20723965","21314956"
Zimbabwe,"ZWE","Fertility rate, total (births per woman)","SP.DYN.TFRT.IN","7.195","7.212","7.231","7.23","7.23","7.231","7.196","7.157","7.114","7.036","6.982","6.939","6.942","6.942","6.879","6.832","6.771","6.713","6.658","6.59","6.517","6.445","6.333","6.197","6.044","5.871","5.688","5.5","5.279","5.073","4.876","4.715","4.567","4.391","4.284","4.153","4.11","4.075","4.067","4.056","4.009","3.983","3.925","3.862","3.776","3.693","3.635","3.677","3.783","3.95","4.04","4.126","4.134","4.111","4.011","3.911","3.828","3.768","3.744","3.748","3.754","3.765","3.767","3.724",".."
Zimbabwe,"ZWE","Life expectancy at birth, total (years)","SP.DYN.LE00.IN","53.492","53.966","54.453","54.942","55.431","55.905","56.359","56.766","57.145","57.481","57.761","57.996","58.175","58.087","58.194","58.249","57.628","56.996","54.73","54.918","59.062","59.446","59.859","59.989","60.622","60.901","60.982","60.724","60.241","59.446","58.319","57.037","55.602","53.976","52.537","51.144","48.981","48.536","47.551","46.379","46.034","44.525","45.938","45.373","46.043","46.57","47.056","47.576","48.456","49.75","51.925","53.911","55.386","56.842","58.106","58.989","59.76","60.263","60.906","61.06","61.53","60.135","62.36","62.775",".."
Zimbabwe,"ZWE","Population, total","SP.POP.TOTL","3809389","3930401","4055959","4185877","4320006","4458462","4601217","4748307","4900440","5058181","5215918","5374712","5542445","5720404","5908328","6098658","6287105","6449512","6543575","6647556","7041303","7498635","7796496","8098404","8391488","8686813","8982578","9284644","9583094","9864798","10137281","10404816","10702700","10860288","10873148","10974599","11158360","11369827","11594297","11783458","11892055","11971901","12087653","12232323","12365896","12483432","12636445","12804058","12959149","13142790","13356548","13595424","13817887","14013808","14207359","14399013","14600294","14812482","15034452","15271368","15526888","15797210","16069056","16340822","16634373"
Africa Eastern and Southern,"AFE","Fertility rate, total (births per woman)","SP.DYN.TFRT.IN","6.65031036894191","6.66730834168741","6.68824576701073","6.70922635305278","6.72492992979071","6.73745943915781","6.76648648398455","6.77549319640557","6.7825231473586","6.78281325136195","6.79270924423155","6.79899797307995","6.79835183147635","6.79603792998549","6.79297208563693","6.78336232325025","6.76829164257841","6.74940517002009","6.73332529073522","6.71517811064519","6.69461156323483","6.66376949580984","6.63544939064984","6.59534764547448","6.54988619558372","6.50024081179738","6.4482709318895","6.39868038918192","6.32904104386327","6.24992878317002","6.16021171875849","6.09484601741377","6.02821887809703","5.97024615922812","5.91123813561732","5.85348014036154","5.78158012010132","5.71082027615965","5.66288610499311","5.61161901998499","5.54989301895013","5.50176609365985","5.44969577120574","5.40732792013545","5.38130825995291","5.35039851932097","5.30592047242956","5.25398480103277","5.21940349533757","5.14253544179731","5.06649694569372","4.98101550181667","4.89958534111926","4.81956335424637","4.74807426510375","4.676508011604","4.61574383851019","4.56988358574791","4.52144320133481","4.47133814751909","4.41297254940111","4.3506825352307","4.28703336709339","4.22377147390389",".."
Africa Eastern and Southern,"AFE","Life expectancy at birth, total (years)","SP.DYN.LE00.IN","44.169658253166","44.4688383362574","44.8778899276436","45.160582805883","45.5356954673738","45.7707229233552","45.7657253575752","46.4407454164319","46.7386317469603","46.977475702472","47.2480056807395","47.4640156591505","47.1667922827106","47.7466079240168","47.7443277639797","47.9685480547675","48.568138198282","48.8607248856663","48.9839167133521","49.4169883847351","49.816713138052","50.0204932967522","50.2908293797205","48.9040956565702","48.9979586702536","49.3929024640878","50.0097614989116","51.0689429320971","50.8766070614947","51.2658735140762","51.0963264543047","50.8732436063946","50.7159460478921","51.0737619133776","50.9665887956464","51.4820566813357","51.3531898360738","51.5708865171429","51.3179554721368","51.8070772449868","52.5573418626777","52.8755360536287","53.2067443343026","53.6783047685822","54.1929278660434","54.8076807136336","55.6935152578453","56.4843531784534","57.2401063228798","58.0955271436463","58.827279206282","59.2000040300701","60.2495123598467","60.895739752772","61.2514360156709","61.713030523495","62.1679813169199","62.5912750961501","63.3306913582336","63.8572612837043","63.7664840026943","62.9799991857494","64.4870195456608","65.146290855385",".."
Africa Eastern and Southern,"AFE","Population, total","SP.POP.TOTL","130075728","133534923","137171659","140945536","144904094","149033472","153281203","157704381","162329396","167088245","171984985","177022314","182126556","187524135","193186642","198914573","204802976","210680842","217074286","223974122","230792729","238043099","245822010","253644643","261458202","269450407","277621771","286067346","294498625","302939121","311748681","320442961","329082707","338324002","347441809","356580375","366138524","375646235","385505757","395750933","406156661","416807868","427820358","439173286","450928044","463076637","475606210","488580707","502070763","516003448","530308387","544737983","559609961","575202699","590968990","607123269","623369401","640058741","657801085","675950189","694446100","713090928","731821393","750503764","769294618"
Africa Western and Central,"AFW","Fertility rate, total (births per woman)","SP.DYN.TFRT.IN","6.46888704883706","6.47835126186335","6.49227741856121","6.50022920724497","6.51673939516406","6.53276603121599","6.55655005649912","6.5827169117696","6.60729720141702","6.63356896572475","6.65583553302889","6.69732290843661","6.73353157968879","6.76414778290127","6.80228560735801","6.8391130781294","6.85852611448181","6.89030962607632","6.9160955426336","6.9048691347289","6.88804350276798","6.87158701228345","6.84672705783816","6.81942637386953","6.77010869715949","6.7177376638091","6.67648418222943","6.62994705598296","6.59441228277116","6.56225362551054","6.51688646577117","6.47029844622349","6.41768163159521","6.36200214230226","6.29917221320364","6.23626251821371","6.17144242047668","6.1034962406388","6.04479367728873","6.02793230670537","6.02214272981906","5.99007410329012","5.95620213584871","5.92357302720715","5.89551358763435","5.87177032127738","5.84602826670684","5.80965086668807","5.78547347244462","5.75112008903331","5.71289596656524","5.66566707694786","5.59679953142373","5.51546824365668","5.44001848340923","5.34659582634864","5.22897623531264","5.09888534179775","4.96257068098246","4.82913447807754","4.7073988083188","4.63774085975902","4.56335400847357","4.49770681255146",".."
Africa Western and Central,"AFW","Life expectancy at birth, total (years)","SP.DYN.LE00.IN","37.779636388716","38.0589555015645","38.6817923842751","38.9369177714205","39.1945798827297","39.4797844952672","39.7192480311618","39.5293590242118","40.2588895462561","40.5678141333761","41.2779385070111","41.7301022111752","42.3561322199373","42.8681230391338","43.4371553343668","43.9670793793715","44.7525700464106","45.3622641589988","45.8762783649255","46.3285066416568","46.6962289703039","47.0752192986973","47.3739420165367","47.6195029699405","47.7975143595136","47.9442749866395","48.0379744032839","48.1393774166565","48.3713349117664","48.4959643881995","48.4592954544909","48.5310758841945","48.6885921357603","48.8549400132309","48.8592831063574","49.027006694122","49.1115573704458","49.2187834859164","49.4524590240079","49.8237633292581","50.2979830815751","50.6777904131384","51.1080235711343","51.5781222446253","52.106083093576","52.5557531001128","52.9787097061283","53.4824314053449","53.9162616333208","53.852245462001","54.603353213388","54.9639734890226","55.2927058217917","55.5549074075857","55.6954463398569","56.0383356484355","56.3924518507367","56.6264388112566","57.036976441386","57.1498467555118","57.3644254011107","57.3625716910274","57.9878133945189","58.8557215483276",".."
Africa Western and Central,"AFW","Population, total","SP.POP.TOTL","97630925","99706674","101854756","104089175","106388440","108772632","111246953","113795019","116444636","119203521","122086536","125072948","128176494","131449942","134911581","138569918","142337272","146258576","150402616","154721711","159166518","163762473","168585118","173255157","177880746","182811038","187889141","193104347","198485027","204062274","209566031","215178709","221191375","227246778","233360104","239801875","246415446","253207584","260297834","267506298","274968446","282780717","290841795","299142845","307725100","316588476","325663158","334984176","344586109","354343844","364358270","374790143","385360349","396030207","406992047","418127845","429454743","440882906","452195915","463365429","474569351","485920997","497387180","509398589","521764076"
Arab World,"ARB","Fertility rate, total (births per woman)","SP.DYN.TFRT.IN","6.92203318142748","6.97214164003418","7.07506183841561","7.06651621863442","7.040108892229","6.99572980831693","6.97006646898323","6.94757072656492","6.92058834697033","6.88622907990047","6.85324916247493","6.81247936353208","6.76441219938223","6.70933975774271","6.66173747850986","6.61676653259843","6.56932052403797","6.50558714076787","6.43943191179615","6.38534031749251","6.31505967411158","6.22969733689023","6.15238948628116","6.0674616818145","5.95526449260975","5.83765214424102","5.69632046171871","5.5625706977479","5.43363430919222","5.28417325945673","5.15485883194052","5.0127064562784","4.87043694708586","4.72248668278884","4.59348434436688","4.43526942204969","4.29082607782232","4.19151507626843","4.10449389117135","4.0159586665213","3.93474923419248","3.85844968262325","3.78100074910528","3.72725438909958","3.6796507015543","3.6433356042585","3.61922849596914","3.60428476711649","3.58028520655661","3.57118607702881","3.57186073483879","3.56597589031882","3.58216031979128","3.5741271698933","3.56212633472775","3.53244359112271","3.46298807812024","3.42519822145484","3.32426875614683","3.25509307857063","3.20826865698484","3.14558842701715","3.10776674481051","3.08975083762374",".."
Arab World,"ARB","Life expectancy at birth, total (years)","SP.DYN.LE00.IN","44.7940556740454","45.5453710396097","45.9937691698037","46.9793381533999","47.5700340647645","48.117159090464","48.6254239825646","49.0924336025973","49.6577868587798","50.1488565803658","50.6928710622557","51.318318885342","51.8937104276574","52.3019604795893","52.9255502155293","53.4203511944222","53.8506489883016","55.0819222407783","55.757128481753","56.4797481519221","57.0063532889679","57.5691664444265","57.8702345782784","58.6376067378553","59.3295817498183","59.9894611140008","60.9186844945402","61.6208093313694","61.6715328559911","62.298247176217","62.7559727299802","62.8275066232407","63.5755762828725","64.6012801061363","64.8500832261274","65.2025060952802","65.5268890989846","65.8529924943129","66.1935792889826","66.5499343902956","66.8906998949344","67.2406170439926","67.5806302791343","67.6503349498777","67.7331029040443","68.0405024136348","68.4912652387812","68.8792264386993","69.2581327561764","69.7069035410593","69.8073221012027","69.3633376859826","69.842316602094","70.1921058451273","70.5350666310281","70.6580123695192","70.8964881164428","71.1128560080646","71.4312997859137","71.8398932674972","70.7265588103862","70.4041144889903","71.8760955992222","72.4446783578531",".."
Arab World,"ARB","Population, total","SP.POP.TOTL","91540853","93931683","96428599","99038509","101729760","104494008","107403055","110491709","113712171","117053219","120469263","123950810","127535560","131335660","135282861","139495837","144014135","148599336","153568663","159054118","164657321","170015485","175370356","180973288","186733957","192563243","198509771","204524595","210269696","215969068","223184294","228402316","234321565","240926205","247626514","253952538","260229121","266565183","273094199","279709634","286548096","293580252","300691509","307815105","315060277","322628451","330526310","338947976","347684619","356386673","363568534","372054934","381030177","390954281","400231008","410190679","419808341","428315886","435998060","444281315","453723239","460646603","471352066","482105978","492579811"
Caribbean small states,"CSS","Fertility rate, total (births per woman)","SP.DYN.TFRT.IN","5.85023592610682","5.7863097441655","5.76346643526513","5.69391359145485","5.58664901101963","5.45815615583225","5.30150391761962","5.08500616746279","4.92155149126909","4.72948942058355","4.5640614327613","4.45438780626371","4.33156351542142","4.17478776104427","3.9955944801909","3.83958162524921","3.70574532032616","3.60914250721294","3.50000298182478","3.43467741335494","3.36833475735703","3.32911046406523","3.30555137277819","3.27399248414827","3.19246479464954","3.15352473513668","3.07491146625372","2.98846436626045","2.90166769592373","2.84743931545297","2.79027693496039","2.72599508297289","2.69224325298193","2.62627686670642","2.57484667360856","2.52831385271779","2.47629221092829","2.4432196949285","2.39071342332084","2.37857977361191","2.35137780439936","2.31066997900525","2.23982429264919","2.1852528394754","2.13970507724017","2.12845381394826","2.12013424579263","2.11877694697564","2.11485071339737","2.10828447010003","2.07173708976326","2.05288830372261","2.04752911622727","2.0402098675255","2.02565875580618","1.99918301132213","1.96956231728783","1.9372641969766","1.92045221448125","1.89179306364999","1.87036153838502","1.8396718940957","1.83848523008097","1.83168008600287",".."
Caribbean small states,"CSS","Life expectancy at birth, total (years)","SP.DYN.LE00.IN","60.296075668361","60.6711127417416","61.3667549797074","61.7172822835503","62.1169378577451","62.4278990121485","62.6884918476318","62.9192125043111","63.1479760026189","63.33755991721","63.4911250565343","63.6421609824809","63.8575897472923","64.0524260879546","64.2632555178344","64.4830054154269","64.7562510158021","64.9726079530578","65.124540894628","65.3472416749228","65.5015818836058","65.663476004232","65.7783229185472","65.84727013816","66.1398702250845","66.3020597761835","66.4113027349313","66.5709445359728","66.740440354245","66.9248001727378","67.0451505140017","67.2193770605245","67.353289397098","67.4755646816358","67.5216611384859","67.5555715464801","67.6264024288203","67.7365433173653","67.9849230739004","68.2095641265771","68.3976758324657","68.6619722928043","68.8997139018751","69.0876488979237","69.3609701933726","69.6320513314341","69.9344232165599","70.2937333399205","70.5499974705246","70.797737511813","71.0114366987074","71.266093287793","71.4019143290264","71.5692506084296","71.7739411761824","71.8641021665476","72.0516361154512","72.1731041595093","72.2210854022703","72.1292604830284","71.9394359303317","69.9228107471769","72.8322921090607","73.1716450013098",".."
Caribbean small states,"CSS","Population, total","SP.POP.TOTL","2558348","2614258","2670187","2728278","2784804","2839698","2894435","2948759","3002786","3055925","3104308","3148560","3185617","3215024","3242803","3269733","3296410","3322722","3348386","3373242","3399087","3425354","3450895","3476621","3502418","3530570","3559870","3586018","3610609","3634409","3654949","3677765","3706523","3735156","3763806","3795917","3829184","3861673","3893594","3925229","3956229","3987087","4018796","4050990","4080569","4049468","4072929","4098855","4124966","4146899","4173335","4201107","4228445","4257682","4286546","4314191","4341333","4366140","4407658","4443134","4459302","4479167","4497310","4519904","4539060"
Central Europe and the Baltics,"CEB","Fertility rate, total (births per woman)","SP.DYN.TFRT.IN","2.49178453894492","2.39785654955442","2.30703378564719","2.31105453758811","2.25805299100354","2.2059292492467","2.12881236631245","2.47914307382557","2.45646376597215","2.35427147281504","2.28375631390379","2.25959276238533","2.23573996376048","2.24943064836784","2.36433701484148","2.33828750419754","2.32272817151662","2.28450038228502","2.24957781638885","2.25568817418042","2.1966569925957","2.15083974781709","2.139980297603","2.14266457172838","2.16364678216044","2.16186608194946","2.13787006990764","2.09737155169541","2.07819977517517","2.01820598375488","1.93049087711298","1.85424166322448","1.74984681538824","1.66998200520003","1.58951955016506","1.46845538491996","1.42923712401979","1.38166613931049","1.33855595147394","1.3079163778949","1.31777162376956","1.27547143482851","1.2533647469042","1.25106592539215","1.2764470903797","1.31266924216896","1.34198925571287","1.38121771530771","1.46350338600242","1.48761303763203","1.46183448121757","1.3933610504725","1.41601351724116","1.39147069378032","1.44674357225339","1.46689050277441","1.52845198024661","1.589114330923","1.5818965388923","1.57825452419045","1.56743022245618","1.56807253752419","1.49394411075471","1.40720856621525",".."
Central Europe and the Baltics,"CEB","Life expectancy at birth, total (years)","SP.DYN.LE00.IN","67.9434733023062","68.2449510005137","67.723736049384","68.701000287311","69.1954166717968","69.3501739071743","69.8569852425837","69.3553792979135","69.5735361344225","69.0666027378968","69.3453237706739","69.511244153351","69.9711712459088","70.1095983721634","70.3685700384029","70.18088847064","70.3264076252347","70.2476936568408","70.1498874030423","70.2514817046331","69.8934096584914","70.3720501777774","70.4554733187317","70.3897851694296","70.3491148561342","70.3128834663237","70.5651360397443","70.6117633312342","70.861708225052","70.7319722597485","70.6563313372586","70.5752213034774","70.7328371314156","70.8459866151448","70.8695439447473","71.0254214282891","71.3360580189951","71.5172580696822","71.8982376759956","72.1845610740875","72.719724722779","73.0961481937343","73.2424154880921","73.3822527825258","73.7304349327381","73.8449951359211","74.0926027308098","74.2506487210769","74.5759526780779","74.9303639266576","75.2939657786314","75.8884748834282","76.0033944660035","76.3747350098375","76.6887696437325","76.5755119772504","76.9703062304413","76.929788715597","76.9764380835075","77.2659141936307","76.0162701269145","74.7232827859077","76.6522987292583","77.8967836493153",".."
Central Europe and the Baltics,"CEB","Population, total","SP.POP.TOTL","91401309","92231375","93008589","93840016","94715795","95440988","96146336","97043270","97884022","98606630","99134548","99635258","100357161","101112680","101939916","102860571","103776068","104616884","105329397","105948616","106541316","107129392","107730380","108297837","108838073","109338285","109824166","110296425","110686740","110801640","110743128","110469467","110111454","110041924","110021594","109864246","109626194","109422013","109238340","109060951","108447824","107660041","106959751","106624167","106331716","106041911","105772481","105378748","105001883","104800475","104421447","104174038","103929494","103570062","103280478","102973167","102647939","102337501","102074201","101864274","101215763","100205732","100071871","100175859","100050066"
Early-demographic dividend,"EAR","Fertility rate, total (births per woman)","SP.DYN.TFRT.IN","6.1536669226445","6.16668872661336","6.1761483396803","6.17952516431696","6.17664133094049","6.14852762636846","6.10967451899681","6.07156034491763","6.02422498695676","5.9711919511593","5.91828377905487","5.85755303284479","5.78287864872121","5.70809333742974","5.62751269873822","5.53317157247861","5.46486626873774","5.36983904471833","5.28843833146727","5.21752492346736","5.15926051703508","5.07837937050919","5.00374602735477","4.92909518921829","4.85216499402132","4.74552926759923","4.65814508835805","4.55387237304121","4.45133843034322","4.34844574645711","4.24500380356312","4.14767285929029","4.04087463298077","3.94692179414883","3.85788428839654","3.76582479874717","3.67727392583173","3.59890907324413","3.52117022719808","3.45184570442009","3.3912390510628","3.33078739753371","3.25305216479698","3.17868414584789","3.11500627722658","3.0577445556333","3.00610536836879","2.95367185736481","2.91176570123054","2.87307156290405","2.82072261952737","2.77693436477876","2.73636596542955","2.68692961890405","2.62682355328164","2.606063609279","2.57543828929898","2.51536902880117","2.48215945277498","2.42779561788204","2.37325097006909","2.34167487073807","2.3189517975754","2.29816654586579",".."
Early-demographic dividend,"EAR","Life expectancy at birth, total (years)","SP.DYN.LE00.IN","46.9134137524997","47.4049371428945","47.8504747085533","48.2540310248326","48.7359855859096","47.7516142402706","48.7556114037242","49.4353473393953","50.4370799998856","50.8367203829322","50.7562265845122","50.1319645082879","51.9456584454006","52.3605692852105","52.8062312551309","53.2230312637084","53.7430270036141","54.3131938907928","54.8255944030019","55.521187561392","56.0689071700147","56.5244719931505","57.0197488498526","57.4510681138408","57.9894302688143","58.4763972056237","58.9311533667492","59.5262782264047","59.9083479091239","60.3479926774692","60.6383261325043","60.9285000051494","61.3966854252467","61.7375698841275","61.9773008421088","62.4045286349908","62.7427843008096","63.0987415789804","63.4369665976201","63.7793798044262","64.2196098284934","64.55670545203","64.9680746751558","65.2791550496845","65.5132392756465","65.9797864104925","66.3919300050345","66.7605467353129","67.0218187568003","67.496408245139","67.8244434669729","68.2600380693651","68.6094630284121","68.962837783411","69.3249758824304","69.6305484421664","69.9484837084835","70.2729949393554","70.5486659921504","70.8424064605001","69.8801308490982","68.1790994839634","71.4304552508694","71.7962449795855",".."
Early-demographic dividend,"EAR","Population, total","SP.POP.TOTL","968909356","994176841","1020130725","1046697479","1074021283","1101264258","1128474732","1156817324","1185936827","1215536741","1245960808","1276141826","1307009646","1339671375","1373219822","1407636737","1442753987","1478479688","1514572817","1552194676","1591961664","1634107159","1677532811","1721104015","1765269111","1810019176","1855391159","1901405537","1947928955","1994666990","2044241467","2092102478","2138854231","2184656122","2228719169","2273692181","2321284245","2369042441","2416119734","2462704115","2509431470","2556335424","2601917557","2647109296","2693184997","2738846905","2784726644","2830531957","2875943965","2921563644","2967104472","3013476947","3058869436","3103677284","3146800078","3190318707","3233033717","3274060446","3314245247","3355014793","3396051187","3432026092","3470644834","3511607650","3552278604"
East Asia & Pacific,"EAS","Fertility rate, total (births per woman)","SP.DYN.TFRT.IN","4.552018956377","4.15886057355196","5.52664149337645","6.38844597578321","5.86395908828366","5.81903943331369","5.56715731929579","5.32208660399267","5.73717146674616","5.52322867424715","5.45763094223015","5.0969417468987","4.81468234128564","4.54617826928571","4.14161342578447","3.72018111972918","3.46987253844866","3.19150913246053","3.08116103403719","3.08182116702355","3.0495518622526","3.05051268188116","3.14116074293095","2.85000702153672","2.84219181900126","2.81189279363787","2.8221145123497","2.81596977422875","2.65818562808847","2.62121065417664","2.60053980517291","2.22199667109091","2.10106663908457","2.02771962689827","1.97572387066931","1.93039834584814","1.89315545591712","1.85668620609859","1.82784812254818","1.81413030959731","1.87030131869665","1.81392801583052","1.80360842119829","1.79659548903585","1.81225270397003","1.81620168162304","1.83449759597526","1.85473440682623","1.87387155443301","1.87816877219437","1.86033578165821","1.85575287492533","1.93847005657334","1.87079702863895","1.89901337242406","1.83427086836941","1.87658988593015","1.87010279533447","1.69915751133178","1.66210584012914","1.49672719570705","1.41678562989011","1.36273194142218","1.33558396383792",".."
East Asia & Pacific,"EAS","Life expectancy at birth, total (years)","SP.DYN.LE00.IN","41.7077571998044","46.3219218941066","53.3100671112346","53.9106157683897","54.5116155619844","54.3828119308802","55.3828850035083","56.3184553539095","56.7807399684129","57.4977516700386","58.1074187606119","58.8951346655867","59.4339117165802","60.2382480997819","60.8146155439201","61.5247084281974","61.8888637176415","62.8630319979597","63.4162170600045","64.0552181360129","64.5196525642241","64.9915195437221","65.4523671492189","65.8821127030231","66.3052538575868","66.6870005932968","67.0393832784245","67.4117708179475","67.7134517924494","68.0497123523571","68.2825492584448","68.6751933934946","69.0651062725422","69.4645680383496","69.7609957361386","70.0243977782735","70.4333037747705","70.790128954889","71.0996369774154","71.367553266776","71.7028323240299","72.0413059988772","72.3571058107458","72.7346908938812","72.812660596894","73.2984345512681","73.5640440034614","73.8948513504332","73.8481629943997","74.3683471715786","74.6299790050688","74.8252830592191","75.1059726864745","75.3347729864006","75.5644270391791","75.7926010192992","75.9870166732102","76.0789923585537","76.3914229383171","76.586261929345","76.5434376080231","76.1530093756951","76.6767834400676","76.6595183258032",".."
East Asia & Pacific,"EAS","Population, total","SP.POP.TOTL","1042818620","1044749888","1059216594","1085095424","1110651177","1136869154","1166223463","1194633135","1224397449","1256167955","1288721548","1322856516","1354228289","1384605041","1413496627","1439634332","1463747757","1486397441","1509073118","1532261700","1555055871","1578588756","1604460320","1630462798","1655263328","1680467718","1706848439","1734703629","1762936165","1790597018","1817735909","1844189975","1869074614","1893258583","1917389243","1941185229","1964830092","1988067577","2010443502","2030912462","2050149617","2068682053","2086144389","2102761941","2118747885","2134573057","2150688938","2167046538","2183472438","2199148703","2214613815","2230826576","2249081393","2267072102","2284385542","2300844269","2317076058","2333475520","2347576325","2359771090","2369438682","2375144416","2379648196","2384479340","2388378491"
East Asia & Pacific (excluding high income),"EAP","Fertility rate, total (births per woman)","SP.DYN.TFRT.IN","4.83110181718473","4.37755549899838","6.01855126399584","7.05774484680061","6.44237102606128","6.38663039137525","6.16077792401454","5.79181914146062","6.29098438446004","6.03424111073792","5.94760452521829","5.51474525695755","5.19567741087837","4.88069511487259","4.42622678163375","3.96321575761353","3.68569866750667","3.36925698255625","3.24869961120539","3.2403015276764","3.20575487978323","3.21219642516331","3.31795736755402","2.99040694227051","2.99012490784225","2.96074344490655","2.97929902376099","2.97354174585678","2.79113587321177","2.75716688432265","2.73172329262826","2.30075145434288","2.16310632767419","2.08513769819031","2.02347592700793","1.97817529270266","1.93759258629366","1.89965881124218","1.87396113255707","1.86012063742824","1.91730006429306","1.86452654876186","1.8570246904893","1.85142686166263","1.86905650640618","1.87644275680172","1.89055580188736","1.90758413464005","1.92881250264633","1.93477952791717","1.91349993221803","1.90530229321258","1.99107765870115","1.9221824900928","1.95215689037872","1.87853330070305","1.92845332128009","1.92583111307555","1.74043475080494","1.70480430061126","1.52789689503569","1.4404934680796","1.38552648865081","1.36140449889156",".."
East Asia & Pacific (excluding high income),"EAP","Life expectancy at birth, total (years)","SP.DYN.LE00.IN","37.8466800040122","43.0718590813637","51.1681121036194","51.7681450573473","52.4171588133589","52.2581979727025","53.3933594845253","54.2892150551886","54.8324592953438","55.6285450052639","56.3203931281955","57.1303709633156","57.7156512884068","58.6228455805158","59.2392889521426","59.9868509926584","60.3573474938735","61.4151431159235","62.0075440158344","62.6851715160871","63.211273103632","63.6998592239519","64.1753657541559","64.6556776282209","65.0863045216249","65.4852242844023","65.8380343385992","66.2183226855877","66.5626810949702","66.9037713059909","67.1505842545801","67.5660002700394","68.000610788992","68.4232238260309","68.7211784784976","69.0308782434899","69.4257385136911","69.7948438007995","70.1277624206179","70.4226591214606","70.7357071585237","71.0740923872156","71.3967499620569","71.80399562865","71.8588009229193","72.3983266445825","72.6518704363172","72.9937536648264","72.9241376220933","73.4677878146597","73.7616390609633","73.9857453156401","74.2597872053228","74.4859323786011","74.7194528121745","74.9511243848739","75.1559117663434","75.2396714880306","75.57828618156","75.7689690321509","75.6976393295064","75.2781418410849","75.9325409436903","75.8806830895266",".."
East Asia & Pacific (excluding high income),"EAP","Population, total","SP.POP.TOTL","895961535","895534581","907473022","930810837","953783472","977366928","1004271490","1030471073","1057697808","1086662478","1116395242","1146649477","1175176176","1202715705","1228688547","1252174248","1273922384","1294303118","1314775496","1335637622","1356226475","1377473854","1401081634","1424971585","1447871073","1471340337","1496124294","1522374575","1549038591","1575101307","1600739173","1625498444","1648872786","1671604370","1694244506","1716602413","1738632397","1760512371","1781546477","1800932833","1819011507","1836260943","1852659155","1868409996","1883675167","1898853723","1914002124","1929185103","1944305887","1959017463","1973602166","1989106668","2006566431","2023850158","2040383789","2056050896","2071486140","2087238522","2100698838","2112289891","2121866294","2128553744","2133560408","2137527754","2141122258"
East Asia & Pacific (IDA & IBRD countries),"TEA","Fertility rate, total (births per woman)","SP.DYN.TFRT.IN","4.85337152270027","4.39766293016726","6.06600697258066","7.12062734188243","6.4956967595558","6.43867377065024","6.20514453852498","5.8225193400829","6.33256621511992","6.07090671728027","5.98242161946572","5.54375383050301","5.21678905999787","4.9052555401121","4.44685286878701","3.97793766819611","3.69935476829611","3.37881210978411","3.25586664420461","3.24636123957369","3.21133902618094","3.21661451594082","3.32495793265526","2.99361570214698","2.99432998763385","2.96539641759739","2.98494374291447","2.98000101239874","2.79578733997056","2.76207221301406","2.73655247839245","2.30006860620803","2.16142715242374","2.08336048883135","2.02136647597664","1.97598452642284","1.93559156802077","1.89804243066207","1.87249148719082","1.85880130455679","1.91701202984337","1.86359434738401","1.85625879213409","1.85071457563415","1.86869002075451","1.87650747609855","1.88999510929957","1.90714838647723","1.92830488949777","1.93516213767886","1.91380463770064","1.90559230915552","1.99245335659862","1.92276320860367","1.95315843608444","1.87874321014974","1.92938890858833","1.92683294089381","1.73925892870635","1.70329191143946","1.52420342921216","1.43590189186902","1.38038247288067","1.35619349886656",".."
East Asia & Pacific (IDA & IBRD countries),"TEA","Life expectancy at birth, total (years)","SP.DYN.LE00.IN","37.6087627658498","42.8910858220991","51.0883378832304","51.6887104308907","52.3384197593711","52.1687874308125","53.31083747888","54.2096539770638","54.7509307707098","55.5489147723591","56.2414919355644","57.0542179232734","57.6393408909489","58.5512779580457","59.1691881450862","59.9202862367275","60.2891742701395","61.3548956813247","61.9489305698585","62.6296880332687","63.1567595252831","63.6459429118303","64.1221435033479","64.6034816651287","65.0348840568245","65.4345332481052","65.7880180578551","66.1705125087584","66.515794255539","66.8586401713104","67.1059418173639","67.5238103908208","67.9602940182907","68.3913925018719","68.6976175849428","69.1413699380372","69.5404594603161","69.9134519791432","70.2501544733824","70.5482866109716","70.8650826611101","71.2077369930428","71.534352902059","71.8352733706059","71.8921244592524","72.440234089532","72.698344733116","73.0450331089394","72.9707321912267","73.5161019563418","73.8065980873172","74.0266932049917","74.2971126258118","74.5190033698096","74.7479822020749","74.9777768374826","75.1832269955477","75.2671640185859","75.6101241544348","75.8042877234534","75.73384970547","75.3009806060199","75.9610347461336","75.9085643603807",".."
East Asia & Pacific (IDA & IBRD countries),"TEA","Population, total","SP.POP.TOTL","884252517","883558197","895224912","918259043","940909509","964163938","990719244","1016529846","1043349620","1071912603","1101240545","1131095541","1159220113","1186384756","1212035036","1235222835","1256698596","1276830008","1297059239","1317673957","1338009609","1358992800","1382326011","1405938773","1428557744","1451742188","1476236205","1502192372","1528559240","1554321275","1579651917","1604095270","1627147885","1649557492","1671877438","1693960469","1715764488","1737429846","1758263635","1777464322","1795374943","1812475067","1828744767","1844349334","1859450104","1874487158","1889507244","1904568042","1919570287","1934167856","1948643347","1964036970","1981382735","1998548872","2014960984","2030504270","2045816761","2061449949","2074796982","2086281644","2095759417","2102350702","2107261123","2111139152","2114653077"
Euro area,"EMU","Fertility rate, total (births per woman)","SP.DYN.TFRT.IN","2.59975818607113","2.63015351026318","2.63518538965192","2.67266741909255","2.72530161970623","2.67505632586126","2.65722370598909","2.61187561645373","2.54258030640495","2.47939531607294","2.38410272407059","2.33847189433581","2.23260014100804","2.12941410799484","2.09649412590041","2.02084109974449","1.98135683886252","1.90748879779704","1.85314203911304","1.80266909207033","1.77644703701026","1.72809029657114","1.70125419113931","1.64318451254864","1.60649944814441","1.59482388236642","1.58307328931414","1.55983721546578","1.56651482703042","1.53156206768297","1.53615867510014","1.48982168580762","1.46860137918803","1.43667684217113","1.39942410584762","1.38642376809999","1.40044552647729","1.4208806854498","1.41837372215353","1.43078825387215","1.47000450326359","1.45710414572335","1.45922787298589","1.47324556629415","1.4957103896907","1.49861296956154","1.52311106055284","1.53830556995239","1.57810215695352","1.56180805370808","1.57511738680375","1.5560401473683","1.55179485470635","1.52942858218294","1.55214477889914","1.54977026045957","1.57007164981904","1.54580992787288","1.52642188392298","1.50367163161597","1.47945704089057","1.50830730430334","1.44278671682895","1.37673347562412",".."
Euro area,"EMU","Life expectancy at birth, total (years)","SP.DYN.LE00.IN","69.2643837390806","69.6611114367746","69.6367436948097","69.7972724163529","70.3459672680766","70.4292993671416","70.6804275228543","70.8622318109633","70.7719681967319","70.6887116120244","71.1076329543518","71.2583987012538","71.6101459215864","71.7217999495399","72.059143247283","72.1282548964727","72.4556008875793","72.8923283984804","73.0452597271306","73.3842963657177","73.5324597139644","73.8077254152999","74.1516224797819","74.2225186589235","74.6197485732588","74.759320301957","75.0531207580425","75.3657424947315","75.5576776058842","75.7431084684158","75.8176710447045","75.967680459718","76.3077212128388","76.4132090987759","76.7241794048485","76.8823133359499","77.1483236763399","77.5088681140576","77.7189067294807","77.9456362720954","78.1997793340467","78.5435434936","78.6341349112633","78.6557621579425","79.2321623652193","79.3748507782537","79.8077212879617","80.0477786971356","80.2510876108346","80.4554611719191","80.6989426195589","81.1826341807676","81.1827315779388","81.4679843013022","81.8932526571977","81.5193991217567","81.9075874931284","81.8840085594743","82.0027602577719","82.2804211551829","81.4873571657503","81.5839330415712","81.6212237452298","82.1920076156423",".."
Euro area,"EMU","Population, total","SP.POP.TOTL","270148970","272472951","274815182","277205348","279621056","282028347","284299197","286298506","288206171","290179378","291834356","293516097","295527442","297413652","299065145","300516726","301804324","303021757","304275086","305541545","306894340","308127421","308901125","309543455","310046458","310617659","311372728","312223048","313272522","314634075","316087007","317407910","318742973","320053176","321024031","321808185","322568383","323306275","323976358","324781951","325789631","326861195","328469678","330286340","332140117","333897752","335499702","337282985","338978475","340136844","341002804","340367367","341100659","341639530","342228563","343180482","344132977","344810179","345864630","346496601","346986142","347207191","348700885","350292725","351125804"
Europe & Central Asia,"ECS","Fertility rate, total (births per woman)","SP.DYN.TFRT.IN","2.83848368529264","2.83207926574286","2.81083794946942","2.80931620543911","2.80041411849247","2.74843557312999","2.72189747284275","2.72667143391915","2.67004911946736","2.61310963153686","2.56598360836375","2.55153281110075","2.49136129914704","2.4228570664676","2.40865360780193","2.35401265642159","2.31747440331331","2.2612638822947","2.22357674262737","2.20084675190752","2.17563068727892","2.13963702625444","2.14518035515243","2.13891784249318","2.11676482346068","2.10368623019742","2.11613485845146","2.10610527130547","2.07558924572592","2.01533051682435","1.96637211064167","1.9005616022114","1.82774475116201","1.75426980742843","1.71174967866184","1.66265987245662","1.62662628732807","1.60334431424409","1.58833526902644","1.55741289168292","1.55971720030111","1.54277830197497","1.546149072613","1.56349836873146","1.59242747917452","1.58832669139474","1.61837242362273","1.66018433007585","1.7166209979042","1.71823360798727","1.72571098484824","1.70952131118022","1.74423875352783","1.7359452686095","1.77195341217216","1.77296605537938","1.77899809911973","1.73633335363005","1.71605646647266","1.68789097789203","1.67128981888818","1.68455772912545","1.6175340232916","1.5788144791023",".."
Europe & Central Asia,"ECS","Life expectancy at birth, total (years)","SP.DYN.LE00.IN","67.4196024070789","67.7350311394087","67.6933235402832","68.0406325312611","68.5255322940532","68.5938024181629","68.8080130632047","68.8639036660679","68.8261571131827","68.6805439074408","68.9792127591272","69.1541549538501","69.3852254169036","69.4951524884982","69.7092587055853","69.6471268391087","69.7716657665012","69.9933484309869","70.0704792740795","70.2055155362787","70.2816883304413","70.5651599900075","70.8722587878314","70.9227626462274","71.0629959165546","71.3025072856373","71.811678217042","72.0267233130789","72.1057067709846","72.2249958364866","72.1943874149578","72.1536909841619","71.8543255872881","71.5316165448208","71.6871243400832","71.8302633979087","72.2499222308072","72.6453006861804","72.9146919444558","72.8390082653967","73.1137949733544","73.3559009015306","73.4464892451937","73.5628132914523","73.9880965104672","74.1537050552507","74.6398235785968","75.0087044515764","75.3023652452109","75.6892479352627","75.9954040762695","76.4794121218072","76.6805951350343","77.0325566033376","77.3536995594249","77.331142300321","77.6815195796899","77.8993049650609","78.0322195043255","78.3042683990405","77.1757484533311","76.7287266936821","77.8361130850842","78.3870183177038",".."
Europe & Central Asia,"ECS","Population, total","SP.POP.TOTL","667887356","675548634","683341199","691189404","699058435","706683416","713443573","720146318","726634174","733044421","738724073","744432963","750728655","756775460","762546552","768080678","773619713","779117798","784556247","789862141","795362835","800542417","805247476","809947364","814856984","819874109","825034695","830294805","835601587","840881506","845290251","849169384","852664500","855554221","857724586","859504753","861073425","862335056","863317613","864306932","865392479","866590696","868234843","870529446","873069464","875563919","878166933","880656346","884224673","887741128","890990371","893009595","896554203","899985362","903676408","907676898","911765648","915290996","918947897","922218554","923973838","924702975","925061269","925640799","928465742"
Europe & Central Asia (excluding high income),"ECA","Fertility rate, total (births per woman)","SP.DYN.TFRT.IN","3.94182944873664","3.93068784200818","3.91627035962395","3.88902766092931","3.82917243746435","3.7754358418785","3.78177059902914","3.74794017107364","3.70158493852003","3.66879793614197","3.67111998532495","3.66525178449626","3.64230535354118","3.57231229348141","3.53036510452184","3.47771411291635","3.42185349324266","3.34416377140525","3.28756061804086","3.24496308912272","3.19796029316006","3.15266369215032","3.12774959760992","3.14061137691339","3.11885578730854","3.07019004526447","3.06827955373804","3.01242417898412","2.94233309088916","2.85069056714788","2.74773273220308","2.69437459933242","2.60726526636366","2.52025636273288","2.43106773646375","2.36790852205595","2.26413154200845","2.20215224389354","2.15188658473363","2.08070189736967","2.00474150351362","1.95682096363437","1.92607198972957","1.92721327064399","1.95922809070334","1.95166240174491","1.98577274774906","2.01844199305995","2.06586049973884","2.05914876383274","2.04838130370044","2.03687878091443","2.08607249152721","2.10548248365284","2.15878757795116","2.14316805188918","2.1241199435158","2.07702560950614","2.07097771355963","2.05779747580473","2.04866965001195","2.05327215094739","1.99761943167423","1.98319922951597",".."
Europe & Central Asia (excluding high income),"ECA","Life expectancy at birth, total (years)","SP.DYN.LE00.IN","60.8940384030688","61.4288162894425","61.7733246615368","62.1653285654095","62.5379116854871","62.823862622442","63.0645763264705","63.3021643067264","63.4247437131601","63.5736193358617","63.7510745026398","63.9691523798768","64.2488185398089","64.4484851248829","64.6259763609963","64.7418564922525","64.8859950841245","65.1099540524141","65.3066675224162","65.4905513472139","65.7563343089742","66.0024250888525","66.3012529579396","66.535623802953","66.7627536380464","67.2379087353848","67.6608539797877","67.9520523171406","67.8511428551546","68.2628351276386","68.2078850416034","68.0578562708201","67.2516325508895","67.0592633886878","67.3074919162119","67.4447367389633","67.7208847902853","68.0432457554526","68.3390752647748","68.2027797821178","68.8570531906331","69.0902777061194","69.3187306210866","69.5879019097604","69.7911486482047","69.9595147646973","70.2178659389806","70.5579786921334","70.9743175160426","71.442292156273","71.9125911481178","72.1509502224104","72.674516586065","73.1274427758791","73.4217488485404","73.7582707874779","74.0349273934992","74.4074945113083","74.5976698113307","74.821186588313","73.5589573506665","72.8874329657208","74.5786223390478","74.7987152767476",".."
Europe & Central Asia (excluding high income),"ECA","Population, total","SP.POP.TOTL","128810451","131617926","134400419","137187829","139973968","142668572","145371529","148087983","150777578","153462746","155918823","158428591","161049046","163601189","166121814","168594458","171119860","173726978","176315643","178774505","181309432","183746315","186272610","188979984","191755370","194525195","197344981","200194022","202990335","205733205","208212866","210169114","212032319","213395945","214329901","215114964","216002100","216672059","217104725","217579952","218486598","219435056","220400259","221399692","222413290","223360135","224417513","225016072","226524480","228250911","230106440","231988438","233914892","235983340","238114658","240232789","242410814","244533821","246659127","248863066","250660609","252189631","250840400","249053262","250485944"
Europe & Central Asia (IDA & IBRD countries),"TEC","Fertility rate, total (births per woman)","SP.DYN.TFRT.IN","3.11774782563366","3.06476394685833","3.00658528293135","2.95729620281384","2.88438950684455","2.83609023211984","2.81196432755661","2.87746054477222","2.83647527601025","2.78739901035544","2.77665658406122","2.78271343533066","2.77048169059052","2.73056551396282","2.7305569120112","2.69643342730988","2.67239635725188","2.62997950776693","2.59283719692183","2.57564998666719","2.54922965111008","2.53145479126622","2.57028864984424","2.6063664654757","2.58719456024307","2.56143101222019","2.59410836153744","2.58610103888753","2.51629316511785","2.4251198104129","2.31338957706457","2.21891097521687","2.09939932195508","1.98724039091498","1.93857226953794","1.86356048836271","1.78803133535926","1.7332156910323","1.70633952680677","1.64144675630896","1.62030760711342","1.60080718359641","1.60380658649653","1.61676364444419","1.64702594229195","1.63393338849379","1.66161809265432","1.72272134179494","1.79234912928103","1.80922026253873","1.81007603093137","1.79803649220897","1.86353251374902","1.87483270037451","1.92626456570999","1.92967855180098","1.92465667595616","1.86761573198124","1.85062707707563","1.82063857935928","1.8137923602446","1.81460622917907","1.74819605661482","1.72759819616869",".."
Europe & Central Asia (IDA & IBRD countries),"TEC","Life expectancy at birth, total (years)","SP.DYN.LE00.IN","64.6948240295585","65.0438036251281","65.0634161039034","65.6588240243603","66.0672103981541","66.1746444030676","66.4002638960943","66.2930666091623","66.3857171322382","66.1722087153772","66.4026110987183","66.6062001744813","66.7942177106636","66.9142375065298","67.0679069545252","66.8440383028179","66.8457492582921","66.8715086361121","66.9472196065496","66.9470924162491","66.967567870426","67.2732999387599","67.6068905801956","67.6618334689232","67.5868614422314","68.0176523371558","68.7805592937025","68.9178630002717","68.923100412588","69.0030726912282","68.8738472388555","68.6301496300886","67.7190874221605","66.9975364612732","66.967721554268","67.1259517928607","67.6689839886607","68.1346709972974","68.476548332671","68.1082557500204","68.3665797468115","68.5080250387666","68.5629095629382","68.6968166323048","69.0029078332647","69.1399718973032","69.6987479861711","70.1803431982885","70.5451641405676","71.0832338433596","71.4358973425353","71.9266644042886","72.3341256741961","72.7951088424644","73.0402237681207","73.3424651216517","73.6922376190485","74.134211186205","74.3004387516548","74.5939674450224","73.1523738187621","72.1539007720004","74.1916033602425","74.7300564025194",".."
Europe & Central Asia (IDA & IBRD countries),"TEC","Population, total","SP.POP.TOTL","308759361","313483586","318186127","322961499","327774760","332375189","336304737","340454289","344535295","348509849","352139347","355796328","359698417","363554198","367431547","371336064","375469327","379635878","383687824","387559928","391562181","395441598","399353523","403378262","407686015","411980043","416211558","420430601","424466137","428221424","430990546","433132067","434844449","436152186","437106291","437796116","438325526","438638046","438735255","438650260","438423541","438100368","437806951","437905932","438136036","438333196","438714358","438680283","439732746","441304973","442936599","444846366","446980794","449206794","451547765","453811483","456099634","458235497","460205526","462219596","463151657","463426293","461268322","458932506","459954508"
European Union,"EUU","Fertility rate, total (births per woman)","SP.DYN.TFRT.IN","2.57148406298234","2.57127117139189","2.55482184429641","2.58790101222227","2.61602359254131","2.56288433357445","2.5290730551769","2.58684682161097","2.52373931220099","2.44429422036683","2.35310353605945","2.31232561159444","2.22577061085602","2.15121217250223","2.1583055980113","2.0943481561713","2.05668031073776","1.99026878483879","1.93973162441373","1.90358956455868","1.86985136397673","1.8191442782873","1.79530089701993","1.74981352501638","1.72948024443598","1.72306773399727","1.71015963890362","1.68481652827392","1.68758639688002","1.65132732815289","1.63540106735698","1.58421221520796","1.54549261505656","1.50294229778096","1.45810584322542","1.41557612024209","1.41348799206282","1.41591693630542","1.40566053953101","1.40794645144903","1.44135977576762","1.42305392851186","1.421192523437","1.43252409175518","1.45605849043865","1.46660715604414","1.49455545268576","1.5151566756709","1.56501549943226","1.55740674486307","1.5634616186116","1.52959407141605","1.53161547008715","1.50802099752337","1.53792794697248","1.54008667093178","1.57014308662688","1.56432682451614","1.54686849145319","1.52723560688075","1.5055152515273","1.52616520464091","1.45647330781556","1.38605100363443",".."
European Union,"EUU","Life expectancy at birth, total (years)","SP.DYN.LE00.IN","69.0671020895382","69.4392695905887","69.2909076137991","69.6489882848285","70.1647343396653","70.2771902460445","70.5914564639662","70.5976966281429","70.5992917183003","70.4245972154549","70.8238607805578","70.9648430220726","71.3489565159984","71.4688868369684","71.7828836602127","71.8015512727738","72.0726505674169","72.3957408451131","72.4874680045248","72.7686028234294","72.7921827190342","73.1262054825649","73.4060845301011","73.4512324564333","73.7432948733931","73.819846761556","74.076710462605","74.3236926397558","74.5308842150422","74.6599702422021","74.7025399644901","74.8156196057326","75.1320469492226","75.2586919339716","75.529313881825","75.674162689793","75.92681219796","76.2445492728609","76.5133291555952","76.7479622793438","77.0782450771112","77.4256390326754","77.5340746440768","77.5923748441053","78.1178281794517","78.2751410316852","78.6721282949285","78.9060450955774","79.1296281887549","79.362438680677","79.6354307923887","80.1439505204152","80.1657773209271","80.4734324600181","80.8761653859288","80.5708966220669","80.9530808081627","80.9303097853099","81.0317510064821","81.3194524901834","80.4414754678551","80.3071964400875","80.7129818383208","81.4114503796875",".."
European Union,"EUU","Population, total","SP.POP.TOTL","357710476","360681613","363707978","366840786","370055037","373129199","376058575","378902917","381579577","384226226","386406167","388553371","391197266","393739994","396124649","398397694","400490355","402445831","404312949","406112162","407986180","409724709","410988238","412072128","412998350","413962998","415087013","416296769","417653885","419102379","420525030","421741276","422968989","424344744","425404352","426210050","426905134","427547651","428120105","428825949","429339162","429909307","430924112","432512916","434193248","435789139","437263803","438796003","440270719","441388573","442088310","441414078","442069839","442425741","442920819","443793218","444676652","445321060","446329890","446910453","446870959","446227358","447703403","449425965","450185396"
Fragile and conflict affected situations,"FCS","Fertility rate, total (births per woman)","SP.DYN.TFRT.IN","5.59241831361835","5.6112367946639","5.66204046758969","5.67704798483738","5.68382363760206","5.68943180910503","5.72341428852353","5.73549875291965","5.74695295615165","5.75535040244704","5.77850870450139","5.80178764906645","5.81771664089681","5.81821239909336","5.84110187198502","5.85891807866287","5.87086902551413","5.87991819646677","5.89673168921535","5.89387103222648","5.88266920735408","5.86190574515804","5.8560424322081","5.8648255177274","5.83327330853294","5.78829439864918","5.76367260183184","5.72248581517965","5.69006018873147","5.65406781849296","5.61825956027869","5.57708276934119","5.52934642117641","5.48040971703859","5.43525755989443","5.39036814789234","5.3287592637021","5.27486528746659","5.22709867568893","5.20115022070094","5.18415344755278","5.15433509524666","5.12436988344261","5.09156075922246","5.06112784197301","5.02672381574692","5.002926390754","4.97089098664837","4.95262826719065","4.92668370731603","4.88894457249693","4.85293575260541","4.8059647033206","4.7490268668389","4.70225310177852","4.64612595884593","4.58240656136904","4.51183238521824","4.44811244303797","4.38673389646017","4.32097592198518","4.27006368401206","4.2158513935903","4.17705236825708",".."
Fragile and conflict affected situations,"FCS","Life expectancy at birth, total (years)","SP.DYN.LE00.IN","46.125573220283","46.519995104443","47.0045319415589","47.3204542527106","47.6905456755066","47.9756083450454","48.1013942231837","48.4098886508184","48.8260725151976","49.0573963447536","49.4903814674216","49.8609879137363","49.887339020292","50.2910653381168","50.38865482411","50.5399996085463","51.0069590007314","51.4867195161463","51.5709229647946","51.8456205161765","52.0956540167174","52.1982630921452","52.1413911374343","51.617074598636","51.5376618721423","51.7839644397879","52.3426549131475","53.1288766967037","53.0403821120305","53.4226894373072","53.4523118857481","53.4234616146354","53.6045792995896","54.036582930708","54.2884607879054","54.2816224397264","54.2947942583856","54.5757987350779","54.5200233383638","54.9137352785499","55.5342411286299","55.7671356513148","56.1958920798503","56.4912066866505","56.7992689049471","57.1894341976629","57.6347037525354","58.1495765510279","58.226598747859","58.9747258621036","59.3775884246207","59.6622400801868","60.1347950170787","60.4886803364883","60.5861319377335","60.7756017597371","61.0168841595034","61.2601570404655","61.8114051116629","62.1656846945146","62.0881829797288","61.6321267888915","62.7276831867978","63.3732812629951",".."
Fragile and conflict affected situations,"FCS","Population, total","SP.POP.TOTL","245446477","250748792","256265091","261957739","267809728","273796544","279902341","286184636","292679186","299325597","306107595","313117526","320326696","327859174","335724633","343774977","352018011","360321094","369243969","378556492","387280079","395605163","404570090","414032302","423879999","434067883","444223377","454559470","464963348","475799732","488697502","499975816","512731689","526665569","541618452","556179028","568965099","581551866","594968744","608935664","622883185","637301077","653056220","669470707","685830138","702638957","719788972","736917394","754858953","773810618","793160547","812764221","832872724","853223055","873158163","892657785","912614026","933013886","953648681","974824119","996691241","1018693077","1038158122","1058715836","1083294896"
Heavily indebted poor countries (HIPC),"HPC","Fertility rate, total (births per woman)","SP.DYN.TFRT.IN","6.64868413769492","6.66549650561301","6.68731905643914","6.70818943407193","6.72748555264352","6.74693924588511","6.77273046325129","6.7975078987097","6.81749909251044","6.83511780671778","6.85534718930453","6.87387726768897","6.88821949792117","6.89818677105675","6.91026282108947","6.91639896172302","6.92044765356575","6.92337364124941","6.91890674470097","6.9111056974393","6.90136880754293","6.8812163254222","6.85552454338347","6.82852655824778","6.79933587559383","6.76770982563222","6.73572902251987","6.69986760593019","6.65806203162278","6.61302107906944","6.56759713067858","6.52123678289829","6.47605448576119","6.4299058721937","6.37639542184552","6.32738370362244","6.275651658091","6.23355830311813","6.18755361583246","6.13775127162014","6.08332662053409","6.01770924368914","5.95686421244911","5.89993756898993","5.84969534908206","5.80079895197553","5.73901746589707","5.66787146823677","5.60132604835998","5.53600288146366","5.46351892829272","5.37935969540869","5.29780958085384","5.21587004399261","5.13482329193001","5.05956536973213","4.99010443094874","4.91497106719012","4.84006886160078","4.76740744271933","4.69264955144654","4.61790268227431","4.54630641313522","4.47735901262395",".."
Heavily indebted poor countries (HIPC),"HPC","Life expectancy at birth, total (years)","SP.DYN.LE00.IN","40.7990378002816","41.1148093229126","41.6934168347182","41.9318462370256","42.2693632051809","42.6004841398763","42.7180006144316","43.3601046174859","43.6817652707095","43.9731699216846","44.2867877584354","44.4356166426098","44.2468881266678","44.8146857789171","44.8920060355584","45.2638250179136","45.9075377741118","46.2688486660268","46.4249126784977","46.7745311728536","47.1967419103469","47.4451985927109","47.6271933745663","46.6141048441545","46.5809463624301","46.9906683290907","47.8508764520056","49.0909083920143","49.3838995372104","49.6314282369251","49.6727678934363","49.6397721853597","49.8856671181609","50.533543862444","50.316230316138","51.1166085033239","51.2599923859207","51.5932353024418","51.6854817842437","52.1654269382352","53.0026707565576","53.5348860926679","54.0577678602154","54.6076004659831","55.1512913034256","55.7773809734173","56.5738226920515","57.2459304003012","57.8555615917543","58.2392037207183","58.7324571528893","59.230074734651","60.0854649142786","60.6282276656734","61.0402807980245","61.561793936137","62.0038083727554","62.3151956659401","62.7985442582219","63.0898004183278","63.0726319690016","62.5313735700637","63.8404458555462","64.7159054177481",".."
Heavily indebted poor countries (HIPC),"HPC","Population, total","SP.POP.TOTL","163650527","167634887","171771666","176063263","180537667","185208644","190048827","195111370","200419142","205895893","211549510","217344674","223189830","229341403","235791936","242344150","249034009","255707170","262985512","270569759","277128014","283255371","290471550","298600262","306943902","315429759","324025001","333016950","342381086","352065913","361657937","371411648","382507617","394851493","406935718","418830100","431006940","443196153","455939263","469076891","481984327","495197350","509679981","524773987","539803501","555358929","571454590","587432384","604007702","621337653","638796398","656783491","675397557","694622934","714769441","735429414","756895035","779389964","802020674","824649053","847743308","870930036","893906294","917304254","941413026"
High income,"HIC","Fertility rate, total (births per woman)","SP.DYN.TFRT.IN","2.93983456833684","2.92046907655382","2.86850357694474","2.83673291313408","2.80566493935466","2.71681819195996","2.57554703910192","2.60873831603609","2.53562511083478","2.49025841688376","2.45754655934471","2.40388546115701","2.28478110683245","2.20778342282229","2.16735796189668","2.08672286310926","2.04091077497553","2.00860196764999","1.96838218318086","1.97321877588077","1.9607632020362","1.92429153256815","1.92845358077417","1.90172004481723","1.87443387148514","1.87026218704428","1.86413661063253","1.86780693646074","1.87173851470861","1.85018223061294","1.84824602350591","1.80440987758264","1.76326733160547","1.71144968528832","1.69562440305389","1.6551640054202","1.64036005956887","1.62417718761247","1.61580428219208","1.60364504573674","1.6352140815412","1.60621543892261","1.59949242213488","1.61034840814295","1.62127663324801","1.61393473709576","1.65019520089857","1.68651156927365","1.70498993128663","1.68733268385183","1.67609288601583","1.66260801836572","1.68337528946383","1.65637914971692","1.67494666501948","1.67655561584446","1.67297591162225","1.62930564394354","1.59889445600281","1.55877036254292","1.51484088849558","1.52262368892594","1.47507000760315","1.43526312694028",".."
High income,"HIC","Life expectancy at birth, total (years)","SP.DYN.LE00.IN","68.336473312021","68.709259808653","68.6639079666601","68.9450322909141","69.3851618394867","69.448311956366","69.6532091940528","69.9729220485392","69.8364946449777","69.8974669478808","70.2025451000168","70.5045250936212","70.7109006762053","70.8639483288875","71.2009158454006","71.3925512081427","71.6104409755825","71.9279764507936","72.0599279118154","72.3255214299234","72.3412335069384","72.6873913868103","73.0320881330442","73.1077737690462","73.2969534674168","73.4666520895207","73.8722482789471","74.10869353416","74.2136016096704","74.3779166691233","74.4738730892472","74.5823871981745","74.6091936528642","74.4382429049613","74.6300261194128","74.7188270659371","75.1829573410614","75.5716823278236","75.7983567207896","75.8192276124423","76.0418137892099","76.3147664315926","76.4394570651819","76.5483637518276","76.9899666995342","77.1097253238474","77.5423234217224","77.8631478397578","78.0528745698147","78.405012546677","78.595698767804","78.9211536869619","79.0753647852261","79.312724764351","79.5654246205344","79.5243746239928","79.7243724353495","79.8538410660347","79.9668020572923","80.1994382042117","79.2043516940348","78.8000564470189","79.4313242226593","80.1500151183354",".."
High income,"HIC","Population, total","SP.POP.TOTL","908257300","919449343","930832910","942141564","953477851","964459737","974216640","983598764","992893702","1002359669","1011801481","1022885127","1032671994","1042151537","1051440406","1060472674","1069129380","1077728159","1086358633","1095282220","1104005914","1112639701","1120660141","1128262810","1135690050","1143179465","1150810379","1158607400","1166527684","1174766407","1182189938","1190620651","1199265189","1207321941","1214865410","1222056185","1229173347","1236130404","1242897726","1249367360","1255696330","1262093741","1268559564","1275200577","1282168195","1289125857","1296891494","1305578110","1314671040","1322754052","1328657754","1334557663","1342428400","1350149879","1357496263","1366013616","1374284415","1380319892","1385103279","1389779202","1393490142","1391839631","1398530204","1408764584","1417871275"
IBRD only,"IBD","Fertility rate, total (births per woman)","SP.DYN.TFRT.IN","4.96376496065838","4.76035280865593","5.51006816456136","5.97915706768226","5.68188267642417","5.6306717358001","5.50177626140858","5.3185769637732","5.51982231049228","5.36694587708867","5.3015314999485","5.07760747186436","4.89545426307131","4.71830345915494","4.48038001498743","4.22316101899096","4.07333183250893","3.88636198836221","3.7872822500754","3.75134316976068","3.71211481228168","3.68436303044374","3.71284060136329","3.53418824310795","3.50491072017774","3.4529950069015","3.44316827472877","3.4032865626689","3.26959424125468","3.20535044966198","3.14301214811517","2.88495598542947","2.76797616730671","2.68386939109179","2.61589095857714","2.55204959351904","2.4938102334254","2.44223354430076","2.40305067775411","2.3659913299641","2.37429108795755","2.32751809168946","2.29512284359469","2.26645286014176","2.25798241316032","2.23842034148353","2.22297119521154","2.21215246260748","2.21436756794014","2.20879190176549","2.18129232312236","2.16254476526803","2.19434495038654","2.14692801058289","2.13675984407098","2.0996527451268","2.11006628241237","2.07377286275981","1.97846273355886","1.93030330398479","1.82431808064712","1.7729090348739","1.73601770936686","1.71719049984257",".."
IBRD only,"IBD","Life expectancy at birth, total (years)","SP.DYN.LE00.IN","45.9222319592731","48.6188863777997","52.5176859347976","53.0470161729532","53.5207236953076","53.2276728664324","53.9198980865839","54.432445384207","55.1353526955382","55.589580888257","56.0523232965793","56.6438476455896","57.0844300351355","57.6915114559562","58.2101440604901","58.7807433838336","59.1161780031591","59.8495588581531","60.3258132999466","60.8141772600449","61.2147146827509","61.6530506456677","62.1049280992821","62.5722736568982","62.9820633806123","63.3920268470503","63.8672195495693","64.2242979588009","64.5337065694299","64.8906182365454","65.1082721278043","65.475124648066","65.7241729370535","65.9754422728565","66.2560726849176","66.6322482807213","67.0253044220881","67.3967409138273","67.7244400733993","67.9673264507647","68.2869649318369","68.5847135093888","68.9043764886684","69.1727555942431","69.3984001306866","69.8265165341661","70.1501236836391","70.5142450680001","70.7624457262186","71.1602132108325","71.5021795019761","71.8270333930904","72.1637222960649","72.4634418369101","72.751096616606","73.0330191420732","73.259443703247","73.4860165794436","73.7952368045971","74.0315931724484","73.29542288776","71.9745229372711","74.251561351988","74.5209699459191",".."
IBRD only,"IBD","Population, total","SP.POP.TOTL","1893704624","1915613080","1950274734","1996753344","2043309631","2090209567","2139608511","2188950141","2239610101","2292098651","2346056161","2401008150","2454764228","2508370507","2561343989","2613194091","2664387118","2714845767","2765565797","2816995104","2869277824","2923255528","2980033813","3037252917","3094477559","3152581662","3212177926","3273388723","3334875641","3395765359","3455533853","3513390696","3568890021","3622924380","3675872938","3728290191","3780446473","3832391543","3884078902","3934521819","3983328255","4031080605","4077229003","4122775918","4168676771","4214082145","4258827055","4302067550","4346234014","4391389527","4436714947","4483152627","4532140278","4582036746","4630723215","4676922961","4721753602","4765998583","4807240463","4845361414","4878606096","4905534420","4928522353","4952554878","4979720059"
IDA & IBRD total,"IBT","Fertility rate, total (births per woman)","SP.DYN.TFRT.IN","5.24414761626824","5.08171890586984","5.70533969257823","6.09384148474072","5.8511382131547","5.81004780972975","5.70473680714108","5.55511338580228","5.72043060052223","5.59448715938068","5.5413742234703","5.35704542231218","5.20610197885697","5.05797283913342","4.86111497888886","4.6486692126893","4.52389766725082","4.36769113451999","4.28438841915839","4.25187332631964","4.21567317634578","4.18681072460778","4.20310559638344","4.04750585302414","4.01358816975303","3.9594130618903","3.93889252961254","3.89358240771684","3.77148917858734","3.70920696259168","3.64823016786254","3.4270542049068","3.32014859113294","3.24111139731391","3.17666311867011","3.11457752231892","3.05483955804609","3.00354595706068","2.96215268043108","2.92753509560919","2.92815900338712","2.8825391720982","2.84841880465702","2.81791236243409","2.80227747556551","2.78055872494452","2.76579756184291","2.75480363035886","2.75423549807407","2.74558666708729","2.71688569614126","2.69329587519973","2.70941269608916","2.66719463442177","2.65496895528912","2.62200848462247","2.62344273987186","2.5912102464161","2.51552256748262","2.47528474453778","2.39271597246786","2.35376572726763","2.32443321996776","2.30805111008659",".."
IDA & IBRD total,"IBT","Life expectancy at birth, total (years)","SP.DYN.LE00.IN","45.3479418720369","47.6552634424655","50.9683262080383","51.4611995878149","51.9529729953949","51.7527448936053","52.4141891291855","52.9136029388647","53.580809712004","54.0201605766692","54.3092226712452","54.3693807010741","55.4005620600598","55.9736549478937","56.4251218445963","56.9183612299483","57.2896576080045","57.9581313546901","58.3952425738038","58.899409577063","59.3082443582707","59.7137241568535","60.1136023702275","60.4434840532676","60.7832991745997","61.1507575314764","61.6111937175124","61.9992601846551","62.2645544538715","62.5947603893719","62.7727156569464","62.9912175771441","63.2540565147511","63.5028596610079","63.7265377770187","64.0771855534073","64.3993357360812","64.732429529755","65.0005906888447","65.2873896859755","65.6560955300551","65.9667602590208","66.2936838191505","66.5869021191877","66.8238305316927","67.2247322340305","67.6014865733253","67.9660838410754","68.1835059010945","68.5871126679736","68.9258375211718","69.2348841118727","69.5733667063985","69.8687516644892","70.1205938524779","70.3718991784647","70.6142743615375","70.8311670216616","71.153328289214","71.3942743859044","70.7491565630532","69.6682599282971","71.6779222363782","72.0008209186498",".."
IDA & IBRD total,"IBT","Population, total","SP.POP.TOTL","2289192009","2321079191","2366117598","2423348992","2481068241","2539564344","2600930009","2662674586","2726203260","2791883177","2859123476","2926951963","2994028911","3062266606","3130418531","3197494325","3264075702","3330218383","3397524507","3466649271","3536954994","3609089669","3685043956","3762109361","3839296592","3918002286","3998725110","4081589183","4165012459","4248240134","4330689753","4411587746","4491324220","4570777029","4649243135","4727566480","4806199043","4884731621","4963254080","5040645749","5116723507","5192348770","5267145775","5341840046","5417128229","5492481030","5568236362","5643505923","5720065907","5797994405","5876645582","5956718993","6038998236","6120535080","6201723115","6281111240","6360340293","6440236993","6518316997","6594502842","6666779721","6732972939","6795050443","6858864199","6926456321"
IDA blend,"IDB","Fertility rate, total (births per woman)","SP.DYN.TFRT.IN","6.64284008053129","6.6552468100513","6.67088078223743","6.66893197849251","6.68083047957673","6.68973370728734","6.69229781749584","6.69560014158541","6.69407670739822","6.69930336406827","6.70868181972881","6.73067972654794","6.74489859370542","6.75705385853369","6.77021579763946","6.78164659203856","6.7741379905122","6.76868769631839","6.75143537745542","6.71325831718206","6.67192719949488","6.63215155890121","6.5925872815283","6.54826820587207","6.49466262800632","6.43383915816421","6.38214635690927","6.3169895037278","6.25148615267296","6.19017703719669","6.12738457165969","6.06536100057243","5.98169970612131","5.88964112431633","5.79954216594475","5.71533407958458","5.62186959054475","5.52149249332773","5.42597036532386","5.39096234418901","5.34185583852571","5.26094445396664","5.1783190330599","5.10930198484563","5.01279081108595","4.95461118139386","4.93870079020795","4.91737092931541","4.89890182146653","4.85818069447705","4.79809212619671","4.72216946157877","4.6340378211409","4.56049734113323","4.50207748193501","4.42949529173026","4.33403379404732","4.26901886821274","4.19320589255923","4.1181258293125","4.04750419996975","4.01109127298711","3.95818893362032","3.90689986940718",".."
IDA blend,"IDB","Life expectancy at birth, total (years)","SP.DYN.LE00.IN","42.5431247039146","43.1190326843742","43.9750474568048","44.5600815712563","45.1855337757565","45.6886867812749","46.3846575767366","46.6078021602607","47.5024041128975","48.0290098035867","48.7838526739504","47.6730532778321","49.8239662402422","50.2346031204067","50.6407109948696","51.0816474482981","51.688385894367","52.1478233476654","52.5625373286159","53.0009671534034","53.5517138048301","53.9979698190557","54.3521614304047","54.6099438830929","54.8021457939447","54.9200438763528","54.9385202722126","55.0073967177056","55.0375298345347","55.0881932223756","54.9664973426319","54.8353887000916","54.783650974874","54.7603761029954","54.6642328964788","54.6459046354829","54.6170968700042","54.6534354528845","54.8967990190859","55.2249658950202","55.5992722966425","55.889906446422","56.270235525387","56.6359126305936","57.0294559998555","56.9989286118875","57.7016203087693","58.0600906051007","58.4143046583873","58.7507843707772","59.0515129063523","59.364406133511","59.6305637403653","59.8685731055257","60.0998681978251","60.2944946354402","60.5761664527178","60.818392907263","61.0740542759518","61.3259973798573","60.8180066140619","60.8765357381791","62.1288641416852","62.4621643327349",".."
IDA blend,"IDB","Population, total","SP.POP.TOTL","124475467","127688784","131049320","134563454","138208407","141992226","145904459","149923848","154080039","158393968","162852517","167356115","172011394","176954946","182138604","187586058","193252681","199165729","205318127","211887858","219552133","227625217","235282858","242589635","249868265","257661913","265801351","274161638","282708012","291381564","300366368","309491517","318337815","327140314","336096421","345327214","354861820","364489851","374262946","384018319","394129957","404662385","414935066","425311302","436147454","447132945","458394453","470476526","482975881","495610570","508422508","520984443","532980174","544442648","555868551","567234056","578463670","590024074","601951913","614017319","626440308","639196319","651895919","664395892","676957651"
IDA only,"IDX","Fertility rate, total (births per woman)","SP.DYN.TFRT.IN","6.57083215392192","6.58654558911163","6.60397638209748","6.61316517258881","6.62029907974948","6.62240932962113","6.62811894627256","6.63963162882063","6.64023435207444","6.63984610463096","6.64725389169023","6.64421129139777","6.63501696469941","6.61246612001172","6.59019044192138","6.56349709334173","6.53518728844979","6.50558161154467","6.49899213363403","6.48880291504527","6.46534472194978","6.42629092320276","6.37621718279584","6.31353128913113","6.25266152849536","6.17679086815323","6.08494198010995","5.99418399430264","5.90112834982926","5.82778010458566","5.74853221173423","5.65796698506751","5.56847525905296","5.48959506899656","5.42159463933701","5.3446689674747","5.25761896094575","5.19895911743809","5.13392371434674","5.073257304489","5.01024080622792","4.94779004614322","4.88649619348325","4.82197204323298","4.76419791663763","4.70553396855695","4.64719660312829","4.58460415422269","4.52330537515496","4.46534194598394","4.39936757527563","4.33386975076301","4.28210401912726","4.23813354844651","4.19363514530084","4.15478552810768","4.11656324546826","4.07122663515932","4.03157017913181","3.98818188350936","3.94186197211542","3.89536343711383","3.85211805380653","3.80843381423313",".."
IDA only,"IDX","Life expectancy at birth, total (years)","SP.DYN.LE00.IN","42.6233204889102","43.0951255674613","43.5762601011737","43.7981872948075","44.3813436410891","44.5239545213002","44.9894407117259","45.5656224549401","45.9269487257258","46.2627578801142","45.2016933260906","42.2653895363647","46.7573151669074","47.2363043889385","47.3319075415629","47.4105590440673","47.9792187220371","48.4010580681291","48.6878672849766","49.4329824620156","49.9217247149648","50.1807429581652","50.3661385524509","49.9710319615755","50.0559169410694","50.3968958529773","51.1009785322164","51.9503412740992","52.1733749387557","52.5983477519187","52.8110363134941","52.454920917003","53.1246738191992","53.6787258942408","53.9153060697348","54.490602164179","54.7763219003229","55.2289168313016","55.3565941995342","56.0365065691912","56.8420457445975","57.4081990552557","57.9253421659891","58.4878744013921","58.8702110305568","59.5354492161524","60.1795704128966","60.7306068061326","60.8979431123566","61.5349297450613","62.0443451288407","62.4337521235987","62.9600748198823","63.3857727829593","63.6082110225495","63.8821179927396","64.3101407903027","64.6098588988294","65.172890099339","65.5828691146811","65.411479068422","64.8764634139942","66.3600605315493","67.0538318903115",".."
IDA only,"IDX","Population, total","SP.POP.TOTL","271011918","277777327","284793544","292032194","299550203","307362551","315417039","323800597","332513120","341390558","350214798","358587698","367253289","376941153","386935938","396714176","406435903","416206887","426640583","437766309","448125037","458208924","469727285","482266809","494950768","507758711","520745833","534038822","547428806","561093211","574789532","588705533","604096384","620712335","637273776","653949075","670890750","687850227","704912232","722105611","739265295","756605780","774981706","793752826","812304004","831265940","851014854","870961847","890856012","910994308","931508127","952581923","973877784","994055686","1015131349","1036954223","1060123021","1084214336","1109124621","1135124109","1161733317","1188242200","1214632171","1241913429","1269778611"
IDA total,"IDA","Fertility rate, total (births per woman)","SP.DYN.TFRT.IN","6.59326582725325","6.60795987482532","6.6248303685184","6.63054373887169","6.63915536812924","6.64337723856789","6.64810989758041","6.65706922636179","6.65701742571917","6.65839982076557","6.66646038953177","6.67129564388775","6.66950229780648","6.65794730604406","6.64695364977412","6.63251558348432","6.61108974031172","6.58954361653522","6.57986381583094","6.56101597530045","6.53251796176213","6.49401695215176","6.44779483692619","6.39128462128669","6.33284350718585","6.26208125191122","6.18374552095859","6.10170299789952","6.01808278764796","5.94904242918878","5.87574508738158","5.79520961268689","5.70768193795306","5.62425022424627","5.54879949134392","5.46951482643371","5.38063153229473","5.30823469624163","5.23317514560598","5.18150471695759","5.12356810457027","5.05518813856653","4.98678616221528","4.92087823183519","4.8499787264558","4.79166870557721","4.74815961851147","4.70013146217972","4.65406521903113","4.60240380005037","4.53867977619126","4.46955423560288","4.40494230499702","4.3505338759294","4.30100023244652","4.25017791570184","4.19182252240549","4.13947705091085","4.08721198768539","4.03279983481737","3.97807068151368","3.93500283047806","3.88843955889292","3.84213231871592",".."
IDA total,"IDA","Life expectancy at birth, total (years)","SP.DYN.LE00.IN","42.5980797146975","43.1026543611255","43.7019345236643","44.0385158727066","44.6352411885011","44.8919998492969","45.4307129324215","45.8954504665158","46.4258176946135","46.8225264125366","46.3387052717727","43.9861162996213","47.7354970183526","48.1941804077021","48.3909266988382","48.5891397843228","49.1745166140675","49.6137009756756","49.9467153450073","50.596697977189","51.115373207464","51.4476631078117","51.6963929666465","51.5235489587729","51.6481587021106","51.9195135300326","52.3978158990766","52.9873702902371","53.1487798588706","53.449393540693","53.550822219854","53.275158063582","53.6971972180985","54.0520448793209","54.173904110681","54.544271174775","54.7212375791123","55.0295923674161","55.1971351030879","55.7547601237497","56.4098803153362","56.8791258172766","57.3481910581843","57.8417555845873","58.2271418788221","58.6482754700347","59.3120963721437","59.7939889113586","60.0248104703622","60.5539493023703","60.9876114032048","61.348574321013","61.7824167764851","62.1411087728606","62.3668503818576","62.6135498483383","62.9919508459629","63.2736954244909","63.7309311828707","64.0885399952044","63.8022749850664","63.4773799318061","64.8822902939527","65.4535223135408",".."
IDA total,"IDA","Population, total","SP.POP.TOTL","395487385","405466111","415842864","426595648","437758610","449354777","461321498","473724445","486593159","499784526","513067315","525943813","539264683","553896099","569074542","584300234","599688584","615372616","631958710","649654167","667677170","685834141","705010143","724856444","744819033","765420624","786547184","808200460","830136818","852474775","875155900","898197050","922434199","947852649","973370197","999276289","1025752570","1052340078","1079175178","1106123930","1133395252","1161268165","1189916772","1219064128","1248451458","1278398885","1309409307","1341438373","1373831893","1406604878","1439930635","1473566366","1506857958","1538498334","1570999900","1604188279","1638586691","1674238410","1711076534","1749141428","1788173625","1827438519","1866528090","1906309321","1946736262"
Late-demographic dividend,"LTE","Fertility rate, total (births per woman)","SP.DYN.TFRT.IN","4.37563343473696","3.99562235563039","5.28894284909649","6.10855562254805","5.58847747349864","5.52155377043073","5.32344908774124","5.04102355437441","5.42574037570493","5.20314087268166","5.13224251042026","4.79034212036841","4.53620262908961","4.28030015699989","3.92059054247947","3.53856551075262","3.31567003339691","3.05732758799255","2.95270078734387","2.95000302174204","2.92449289402577","2.93876698197449","3.0387861337302","2.76780715634888","2.76931693471843","2.75644641853604","2.79150807368511","2.79232108957679","2.62195813888099","2.5839007985547","2.54996016312967","2.15513493930988","2.01902599522572","1.93096187876647","1.86979697468654","1.81535439220564","1.76590664452793","1.72631004980651","1.70576179324584","1.68664455057034","1.73923096965661","1.68691314726879","1.68047820202294","1.67801560941288","1.69694749162792","1.69650821775942","1.70521610506857","1.72559590180346","1.75364403334795","1.76120613125096","1.74154532573495","1.72784561330676","1.81567815043084","1.76087023314252","1.80369210091387","1.74180708816768","1.79030196939243","1.79209088136997","1.62886110107404","1.59444070087606","1.43188620394897","1.35469322788007","1.29484268625926","1.26925608297546",".."
Late-demographic dividend,"LTE","Life expectancy at birth, total (years)","SP.DYN.LE00.IN","43.9051834271111","48.2920866120114","54.8569257788532","55.4337152314113","55.9962946718507","56.4452167373343","56.9361339951294","57.3944375234018","57.8163470238336","58.3601343700733","58.9764745981573","59.6519703087207","60.1551384261586","60.9209729454539","61.4483797172094","62.1317767430618","62.4015202687061","63.3011148646941","63.7973400355416","64.252061038386","64.6717897557729","65.1610827917008","65.5967191154177","66.0115442708653","66.3376482315144","66.6808124527958","67.1854541841269","67.5082974156621","67.7870917164106","68.0507222203059","68.2431140554747","68.5532049716301","68.770129876965","68.9612707737103","69.2040561673047","69.5210327599019","69.9942023811355","70.4035763536864","70.769457575003","70.9988624371719","71.2853076947069","71.6274933298313","71.9275718160017","72.3420403334068","72.622308504374","73.007214154553","73.3817363374868","73.7749281005029","73.9252633570755","74.3481601286124","74.7108209347901","74.9999962879426","75.2994149155161","75.5791334287754","75.8241028179947","76.0763839787839","76.293092854666","76.4176788737102","76.7784257230861","76.9982668440355","76.6937147799405","76.306088329774","76.9545802485126","77.130120543495",".."
Late-demographic dividend,"LTE","Population, total","SP.POP.TOTL","1094883717","1096959453","1111293141","1137056579","1162405292","1188451832","1217220438","1245130293","1273820149","1304068257","1334963829","1366487769","1396407513","1425381475","1452919554","1478265786","1502269051","1524947137","1547677040","1570272872","1592439385","1615106897","1639793804","1664394629","1688121991","1712585483","1738504785","1765799733","1793220326","1819952808","1844718134","1868272190","1890820460","1912010271","1932650915","1952702058","1972254664","1991505992","2010169496","2027628907","2043581322","2058600486","2072599555","2086139068","2099412663","2112603351","2126122277","2139958608","2153941306","2167303374","2179525352","2193171336","2209359324","2225083377","2241237489","2256276122","2271028438","2286095306","2298652685","2309164437","2316461820","2320449542","2324125644","2326636900","2328890789"
Latin America & Caribbean,"LCN","Fertility rate, total (births per woman)","SP.DYN.TFRT.IN","5.86928989560833","5.85790066538361","5.84711321175065","5.82617902975298","5.76646914975825","5.6852276563667","5.58849587792411","5.48242939711392","5.37568188514187","5.28016644972607","5.18421280645098","5.08889634090939","4.98427914238296","4.8812131264486","4.76341527426996","4.65608481882113","4.55876653025938","4.46277606872744","4.36265418283056","4.25733441418835","4.15116683299825","4.05486716705831","3.96524124760971","3.86913011286621","3.7705280177527","3.67629165923195","3.58858275681957","3.49082169119499","3.40229742708928","3.32572208267085","3.25200121318004","3.17899149947232","3.10502220855846","3.04737913400792","2.98532233515391","2.92500245572653","2.85409605427237","2.79637863695787","2.74035048666449","2.67578612952241","2.60902991651964","2.54222979263084","2.48121253853417","2.42142506827502","2.37917519310069","2.34035064164282","2.29532888990533","2.25735285699401","2.23167123797086","2.2066595265301","2.17888507325984","2.15996794046018","2.12951008238359","2.10800936827715","2.09061835099534","2.05950841692013","2.00688079738414","1.98217325038003","1.96388556455326","1.91833263036506","1.85875862069431","1.83369150686875","1.8120881817082","1.79507250413994",".."
Latin America & Caribbean,"LCN","Life expectancy at birth, total (years)","SP.DYN.LE00.IN","55.0773141172091","55.576697280404","56.010257113079","56.4143777814932","56.8464187074668","57.2897599484661","57.808423676564","58.2283993541018","58.5512168030279","58.8431982353016","58.902379612124","59.7342015343058","60.1655753368672","60.6250925963834","61.0403324699986","61.5967926063586","61.9488690494927","62.5390220637687","62.9606635576043","63.3018406741567","63.649340251584","64.0618298897904","64.3781886185532","64.922323788958","65.286613829554","65.4772065166013","66.1188432524215","66.4669291599639","66.8267411220726","67.1715502333429","67.5066051855487","67.8238040154633","68.0909397835243","68.4262943768375","68.8002934223806","69.1860038199173","69.5658524577749","69.9622221194511","70.1597429021998","70.5489161767663","70.8691414957334","71.1505464911298","71.5629004971875","71.878308455923","72.203823196463","72.5638143751286","72.8332266680253","73.0593298775944","73.2561404095911","73.4422623291815","73.4093227755616","73.9248923022491","74.1643943654901","74.3809772735109","74.5608348669826","74.7432221893097","74.6774848833781","74.8318087892113","75.052717198381","75.2042598654921","73.188934023043","71.8141668022871","74.647198943632","75.6435293327332",".."
Latin America & Caribbean,"LCN","Population, total","SP.POP.TOTL","218624695","224737321","231038261","237499676","244080552","250750949","257488362","264279682","271127278","278039112","284995920","292033454","299187510","306451409","313798324","321203546","328673285","336262441","344000129","351820083","359713036","367619244","375568417","383657148","391832861","400012327","408172564","416332693","424525590","432726590","440958144","449128999","457245250","465325731","473328616","481309028","489235073","497097004","504952583","512730984","520272118","527572583","534691591","541643365","548455563","555120780","561751999","568345245","574908733","581388129","587752505","594086829","600420316","606683307","612849401","618868462","624737786","630414986","635778081","640962372","645497651","649234493","653104795","657617663","662185950"
Latin America & Caribbean (excluding high income),"LAC","Fertility rate, total (births per woman)","SP.DYN.TFRT.IN","5.95599037685277","5.95153873121599","5.9456948102139","5.92632378219368","5.87239808373703","5.79125637837217","5.69621935406491","5.59279983901227","5.48856750447144","5.39527998650178","5.30170353120641","5.20735253714397","5.10527603558513","5.00308445160338","4.8817879131135","4.77242364729025","4.67162762104596","4.57263611640324","4.46929632321578","4.3598120611952","4.24897119113778","4.14839951873067","4.05409187130206","3.95227944807964","3.84666212156876","3.74406176004385","3.64925977968982","3.54347631540051","3.44820366662734","3.3657069755328","3.2877741781324","3.21221008218252","3.13655749853358","3.0780397011283","3.01458742294658","2.95227502845871","2.88197638948261","2.82417094190753","2.76698321881989","2.69965444940663","2.62966576701148","2.55876959103345","2.49714692158281","2.43520638481996","2.39297042881526","2.35053781878168","2.30415054176281","2.2645898161045","2.2372902472058","2.21221230691601","2.18424014886755","2.16327558091516","2.13134387016159","2.11107394756264","2.09414059644931","2.06344385360513","2.00977990761903","1.99018318260456","1.97401400762104","1.93118200630743","1.8727744226138","1.85112178499262","1.82575260798187","1.81033624989092",".."
Latin America & Caribbean (excluding high income),"LAC","Life expectancy at birth, total (years)","SP.DYN.LE00.IN","54.3590023944614","54.8810724173351","55.3150294759156","55.7114194664719","56.1532940833866","56.5796188830269","57.0724080886064","57.4816818525002","57.8045086757376","58.1067213316865","58.1146859601675","59.0033862618827","59.4421303301257","59.9130406654356","60.3186933148421","60.8704833762747","61.1993150768772","61.8048677990806","62.234738062159","62.5762007710128","62.936199607394","63.356277768647","63.6740953601618","64.2316061462714","64.6160335879281","64.8061324218478","65.4725621523664","65.8371450293828","66.2220384103617","66.5996531608713","66.9351736338698","67.2530634818704","67.5446632872932","67.8985963242144","68.3098931358531","68.706561711829","69.1059979436183","69.497863506249","69.7034089130366","70.1327577977726","70.4525183195819","70.8143276248887","71.1603768802393","71.5477623914144","71.8563258844043","72.2293807081161","72.5238653235671","72.7478219327265","73.0004008102305","73.1845433768983","73.1190309784384","73.6885627028693","73.9499064237775","74.169347496487","74.3770523065952","74.5553955667316","74.5306460760941","74.7006534427421","74.8906731016397","75.0513524613511","72.8759217271338","71.4377016432982","74.4897262626476","75.4986013301866",".."
Latin America & Caribbean (excluding high income),"LAC","Population, total","SP.POP.TOTL","192855898","198298501","203914785","209675273","215558178","221535468","227585310","233696754","239864448","246093261","252358538","258688096","265122103","271649494","278251796","284908402","291624269","298457236","305428657","312477579","319588567","326710408","333866128","341148229","348504110","355849792","363159117","370452304","377766659","385080987","392413347","399683088","406898894","414075451","421179547","428268339","435299542","442282724","449283157","456223550","462953688","469463143","475799008","481977727","488032486","494006571","499910627","505793340","511659365","517459947","523147480","528822706","534503260","540118712","545661592","551075145","556440282","561957179","567711159","573311679","578091505","581884231","585648822","589889543","594158638"
Latin America & the Caribbean (IDA & IBRD countries),"TLA","Fertility rate, total (births per woman)","SP.DYN.TFRT.IN","5.94699989004709","5.9328219422575","5.91705969060508","5.88786147658241","5.83056198744048","5.74642277334614","5.65081409063592","5.5452559674164","5.43828589139458","5.34088924368102","5.24547139464688","5.15108219602505","5.04993844505271","4.95013892435626","4.83480535420279","4.73398391579759","4.64071733034788","4.5484943273805","4.45365600705081","4.34760686929206","4.24099290912211","4.14296453377509","4.04506307622284","3.94557359924036","3.8444763261036","3.74615291891968","3.65431668143985","3.55184218165914","3.4579711357213","3.37763565276943","3.30115089766509","3.22905085141466","3.15400417202292","3.09512905052879","3.03071812019885","2.96727315697144","2.89611725628356","2.83275088473781","2.77368048497472","2.70524986274976","2.63633862806184","2.56819055960504","2.50456976390976","2.44358526294542","2.40136589725139","2.36246160626151","2.31798470730863","2.27825317482823","2.24870291864096","2.22074317176871","2.19235147808548","2.17173767198677","2.14177057844675","2.11969030697551","2.10222769066337","2.070155624721","2.01803165230531","1.99342119749853","1.97423907173587","1.92884194956371","1.86889841943454","1.84409539404326","1.82203190749137","1.80414192300781",".."
Latin America & the Caribbean (IDA & IBRD countries),"TLA","Life expectancy at birth, total (years)","SP.DYN.LE00.IN","54.6237085193975","55.1363024542024","55.5675547239002","55.9953158665239","56.4236324944455","56.8662411157393","57.3875571829013","57.8107219559415","58.1390275513471","58.4343913931253","58.4817746121117","59.3291335206113","59.7683128893455","60.2358760845068","60.6517494551239","61.2132194951468","61.5676060333155","62.1678462793967","62.596503998235","62.9439421052639","63.2976205577304","63.7212920606903","64.0422301955848","64.6036008444099","64.9849732670039","65.195270981529","65.8553153971701","66.2164162447607","66.5902292868949","66.9557980877174","67.2980432149088","67.6211130708918","67.9012759219107","68.2498924640737","68.6306176493055","69.025435617002","69.4079548533645","69.8050183106203","70.0034671535312","70.394156669931","70.7184102333167","70.9952366364032","71.4081069056409","71.719940779411","72.0585594152496","72.4275917225936","72.7029489273067","72.9337716205704","73.133810817189","73.3248238756312","73.2840381673624","73.8112572375492","74.0531427389642","74.2726524054357","74.4642031483392","74.6505904118153","74.5894794269073","74.7614101353626","74.9760978010797","75.1319711493442","73.0747493617473","71.7449274626405","74.5684293540859","75.5699258379688",".."
Latin America & the Caribbean (IDA & IBRD countries),"TLA","Population, total","SP.POP.TOTL","208671107","214582669","220668336","226899749","233255631","239708690","246239963","252838271","259494716","266211242","272962813","279784152","286726529","293783764","300937685","308171037","315490913","322954210","330579364","338302777","346105657","353922621","361763155","369728268","377777260","385830246","393862440","401890697","409945610","418004229","426091608","434138780","442150885","450131381","458042874","465939463","473775482","481555614","489346270","497065139","504556065","511809816","518881965","525787222","532556401","539188798","545805913","552399650","558968822","565454932","571822092","578171855","584524334","590809938","597023419","603091701","609017063","614776664","620274430","625467307","630051021","633862610","637837815","642397939","647003746"
Least developed countries: UN classification,"LDC","Fertility rate, total (births per woman)","SP.DYN.TFRT.IN","6.59812881608925","6.62006586016514","6.64146688767691","6.65468746938189","6.66778513707677","6.67772593159865","6.69095090753463","6.70719291077102","6.71597583789597","6.72254143332713","6.73682922421157","6.74113276563285","6.73932219211912","6.72597141497411","6.71293970935678","6.6909353706996","6.66659986880277","6.64198659374533","6.6395544252627","6.63557155757788","6.62198622664876","6.59116697844306","6.55685192645344","6.50112794166526","6.44170467991919","6.36591986784419","6.27503256789396","6.18570947069446","6.09591486736213","6.02691438572013","5.95086729024273","5.86258903692463","5.77808012643043","5.70367462433849","5.64175687609117","5.56689369030774","5.49257189179024","5.43920048709736","5.37325778095015","5.30994572773731","5.2445338509952","5.17837647871178","5.11595914507699","5.05035146163115","4.99046565302076","4.92928177154955","4.86726240107557","4.80240094513527","4.73812992712797","4.67508009166906","4.60145641254696","4.52876413071164","4.4693426784496","4.41659005003909","4.36565227818393","4.32180265509732","4.28322308474242","4.23872792029427","4.19438385649119","4.14870117902407","4.10111137224191","4.05314050281312","4.0077222718124","3.96127401392912",".."
Least developed countries: UN classification,"LDC","Life expectancy at birth, total (years)","SP.DYN.LE00.IN","41.1520359463557","41.5799466559752","42.0598553024842","42.2470646042318","42.8414839181242","42.9460305997466","43.4174951170616","44.0154626569061","44.3705959726192","44.7072256399939","43.4936163409386","40.200844793235","45.1990152970844","45.6948729221453","45.7410773428533","45.6995813869259","46.2729376855283","46.6882191193734","46.9790907375322","47.7838924228965","48.2339849954404","48.5340615285468","48.7965144818787","48.189052388344","48.2722614268662","48.6215217813998","49.347442018246","50.2129943129668","50.4238798953885","50.8978918149464","51.0409315684592","50.6696418644451","51.3935561434555","52.0077465493446","52.2588917024132","52.9421810957054","53.2495668195078","53.7265829323552","53.8865853286564","54.5656191420807","55.4008039613482","55.985066997633","56.5341228566941","57.173230287028","57.7099347773222","58.3085503350914","59.0152207929191","59.6121198122483","59.8118011251717","60.5724237098989","61.0408922197593","61.5004569048315","62.2254392368731","62.7233526127091","62.9592572959739","63.3049002618176","63.7237270680357","64.0339755156235","64.6022757660127","64.9724534415541","64.8323585417323","64.267342334044","65.7631857632163","66.5161002597788",".."
Least developed countries: UN classification,"LDC","Population, total","SP.POP.TOTL","245048596","250984924","257173413","263557766","270194662","277101968","284221585","291642814","299374569","307260565","315102512","322517398","330244369","339000836","348044659","356845675","365558134","374293198","383667234","393715341","403007563","412046787","422560922","434142125","445947594","457866946","469843634","482075790","494400159","506991476","519693837","532595517","546905231","562489881","578028937","593609643","609407699","625267815","641401023","657616923","673630102","689878805","707266809","725111768","742717957","760741611","779230030","797516000","816268129","835687108","855348118","875685078","896684951","918269633","940284138","962508256","985414939","1008993468","1033110314","1058013514","1083636132","1109175268","1134585604","1160824674","1187777591"
Low & middle income,"LMY","Fertility rate, total (births per woman)","SP.DYN.TFRT.IN","5.48653717145984","5.30780731829546","6.00616473174695","6.44086312593481","6.17617086844667","6.132371165018","6.01841733235656","5.84135678924128","6.02377600121377","5.88776794614002","5.82836847048289","5.62047250256203","5.45204072149617","5.28277243536483","5.05861666042331","4.82278758539178","4.68109942472843","4.50718751072032","4.41347643670625","4.37429919247168","4.33209272197035","4.29752167127137","4.30558003168938","4.13097741367695","4.092841301081","4.03251278555515","4.00425728653247","3.95122225385357","3.82235674033419","3.75881774182497","3.69994088292296","3.46919276365226","3.36173680651669","3.28404761284725","3.21592794941246","3.15441750930883","3.09332015961603","3.04114276959814","2.99740763268585","2.96339234351242","2.96195164032173","2.91260283340882","2.8745316423721","2.84084959235082","2.82268617998747","2.79970357030051","2.78354192147216","2.76851043099354","2.7652775781912","2.75560212922915","2.72599706462258","2.7026695140725","2.71775263291721","2.67468846873018","2.66049567293077","2.62516898086472","2.62621461861115","2.59510410245815","2.51592943954389","2.47487708219608","2.38865055535371","2.34875837227345","2.32073487417577","2.30528640022844",".."
Low & middle income,"LMY","Life expectancy at birth, total (years)","SP.DYN.LE00.IN","43.4646189226128","45.9784783007295","49.6444829948439","50.1325041166154","50.6506586894163","50.448463182542","51.19603100698","51.7630951425471","52.5043160914597","53.0421377816982","53.3551496550097","53.4249043900451","54.5646772906696","55.1963665582827","55.7098534559555","56.2891453569552","56.6804285080338","57.4176696555198","57.8967603678928","58.447336896708","58.900173851234","59.3174605825073","59.730927656136","60.1741282582881","60.5619454490018","60.9277007726384","61.3568303135293","61.6973079202672","61.9869533849737","62.3624380249629","62.5801898263738","62.8225536510724","63.160106196851","63.4889847270539","63.7443032826965","64.0593152446134","64.3607502518944","64.6819729663626","64.9465061435906","65.29043575261","65.6715036495209","66.002452063376","66.341441445276","66.6914030649656","66.9104722374852","67.3229974285212","67.6733886279651","68.01744363595","68.2255321106624","68.6163517954891","68.9547877376437","69.2434633728345","69.5823305784091","69.8690988867702","70.119687558713","70.3677052763851","70.6061841961247","70.8082905151177","71.1345010717806","71.3698556147386","70.7486800091755","69.6717843895895","71.6852818823469","71.9740048771462",".."
Low & middle income,"LMY","Population, total","SP.POP.TOTL","2083718515","2112956756","2155317281","2209805827","2264731089","2320529383","2379893006","2439437803","2500774399","2564343032","2629570646","2695387305","2760300540","2826286599","2892061210","2956658953","3020488457","3084056561","3148921134","3215700977","3283910246","3353295180","3426055936","3500358704","3574605687","3650257753","3727939991","3807567876","3887617477","3967659848","4049620054","4127853483","4205224081","4282493268","4358651071","4434718175","4511311531","4587799929","4664177477","4739595823","4814250279","4888551481","4961926647","5034824498","5108183576","5181562375","5255157355","5328158709","5402245137","5477389130","5553257507","5630227189","5709187884","5787469694","5865317415","5941372154","6017298320","6094196886","6169917356","6243849229","6314223170","6378645843","6438272260","6499219471","6563719861"
Low income,"LIC","Fertility rate, total (births per woman)","SP.DYN.TFRT.IN","6.42165203206928","6.39206111627946","6.42654724760341","6.46997702269788","6.47995206536233","6.49904558056654","6.54625162126953","6.61605649388637","6.61926390018488","6.63476733088324","6.64989356587327","6.65071361210337","6.68022007042562","6.62055800792068","6.60358636117166","6.60038705403667","6.5843057538527","6.58536213512525","6.59627944703809","6.60883436013729","6.60330762307818","6.59515133736642","6.56451381196442","6.53762083877935","6.51265418888524","6.49173825877307","6.47056947391752","6.44211935036677","6.40661560177588","6.37079127817808","6.3386497456178","6.30295614520842","6.2714525685226","6.2423046501412","6.21087438666445","6.17967919762483","6.12261121125517","6.08425461578709","6.04858787843748","6.00781888777879","5.96103891576181","5.90504573392029","5.84689588065295","5.79208227252523","5.74407106929412","5.6947377183128","5.65190808405658","5.59783389024689","5.55738650837524","5.51563411428836","5.45603302277218","5.38642558795498","5.32942403515707","5.27838933694447","5.22536653472744","5.1709947504719","5.11031963151938","5.05267040285691","4.98416252678365","4.91047198059186","4.84223015704789","4.77675152862539","4.7138736303552","4.65041602340353",".."
Low income,"LIC","Life expectancy at birth, total (years)","SP.DYN.LE00.IN","41.6186599420729","41.9243225818899","42.2858096521452","42.5119472839277","42.9876776825441","43.2653913595971","43.7043229034845","44.1038706503094","44.5205677394601","44.9030610805894","45.3236425927956","45.6022051610548","45.5946106088878","46.2670838107947","46.8073181716101","47.1837289150693","47.5436803829785","47.9511867389979","48.1015821747555","48.3874876195109","48.7096680745407","48.851070203488","48.8074342794286","48.8354681813129","48.6137816576751","48.9848247387252","49.9627389884634","50.1756993644187","50.3923748786103","51.1117650472739","51.2860421889945","50.9584366212897","51.0972350813565","51.9563551224084","51.9737964418179","52.0595113096406","52.1285765063044","52.5468441337198","52.3246132997424","53.3037969994398","54.143054419106","54.6681038847802","55.121256271447","56.2235112162145","56.6527593859072","57.1918932752725","57.9403344764781","58.5118801084062","59.0060258681142","59.1916649819035","59.9256637801227","59.8651146290921","60.4345555796009","60.8656156397362","60.8378194343705","60.9921347017928","61.4016938292427","61.5795083857409","62.3399876414984","62.7974465200669","62.8180995019214","62.3799887227483","63.4583102800447","64.5178957936853",".."
Low income,"LIC","Population, total","SP.POP.TOTL","114749038","117449222","120247507","123153845","126203534","129388226","132707292","136209201","139862334","143593621","147417297","151313255","155206976","159304515","163605392","167964187","172393281","176957140","182134871","187656318","192424417","196030673","200239487","205645993","211255335","216877271","222444478","228079094","233656588","239520711","245338485","250935723","257817106","265888248","273508544","281169146","289332496","297416997","305718387","314325970","322668237","331269527","341035328","351244442","361305645","371788197","383041001","394448347","405862712","417577386","429515596","441658754","453652889","465087882","476470767","488308267","501149314","514890519","529522043","544980983","560643073","576076618","591481496","607774703","624608098"
Lower middle income,"LMC","Fertility rate, total (births per woman)","SP.DYN.TFRT.IN","6.21947416595434","6.20395340706333","6.24818114183948","6.25945181890639","6.25639291534016","6.2225835489183","6.17567579386031","6.13762262224198","6.09884041804648","6.04932269958128","6.01092694662104","5.97259932054742","5.9180471403898","5.85938044293372","5.7915430176878","5.70112378392107","5.64169415223832","5.55067428029585","5.46778782278784","5.40069719084806","5.35612745857446","5.28607131074764","5.21821493632249","5.15586667351098","5.08933898298184","4.99510855590234","4.92161975863051","4.82203469300994","4.72828300409322","4.64265088505527","4.55853161826502","4.46723743503354","4.36670217552123","4.27119495802408","4.18349550936337","4.09720146666083","4.01253451677721","3.93719463638699","3.86133579459143","3.79977903641542","3.75697545590472","3.70535827613289","3.63215805465049","3.55737537854755","3.48696212378033","3.41647980509805","3.35967855047895","3.30218274720593","3.26034074553022","3.22708189048679","3.1709175010369","3.11736735574519","3.06808255144843","3.01667153785449","2.94803145542325","2.92748726464482","2.88951742956866","2.81955182612748","2.77808388119518","2.72010172661846","2.66270265803712","2.62884006117421","2.60721125643463","2.5860093327296",".."
Lower middle income,"LMC","Life expectancy at birth, total (years)","SP.DYN.LE00.IN","45.8301880843954","46.2154635607872","46.6640236928565","46.9609338102029","47.400278548108","46.8899649008022","47.3659865936487","47.6636953514124","48.6643173139553","49.1001789879204","49.0115789540413","48.0561391813366","49.98842035498","50.514840047725","50.9305751053759","51.5443242025754","52.0707074707037","52.6378576307438","53.1607096092881","53.799876431882","54.3576030393424","54.8569809259877","55.3101358256883","55.7724430502801","56.1895878840451","56.5725875995119","56.9681304183651","57.3334176436798","57.6964622624068","58.0385065882826","58.3559258376725","58.5024727525332","58.9471958898584","59.2340573917331","59.5532097528184","59.8791740636161","60.1997533105934","60.5372442138196","60.8895458376279","61.3145499505144","61.746407213603","62.1266977569066","62.5595171567778","62.9752203112398","63.3016675345135","63.6745035247791","64.1041811702886","64.4872672407541","64.7365443618488","65.2095484182311","65.5543981031549","65.9915065219331","66.3602661185582","66.6966580151048","67.0394397674063","67.3495071977304","67.679193904199","67.9952915350318","68.2810033644819","68.5574256254118","68.040356336938","66.3662902978306","69.3010946755529","69.5963746571515",".."
Lower middle income,"LMC","Population, total","SP.POP.TOTL","819316105","839921567","861015557","882650423","904811416","927102247","949379894","972239035","995662056","1019411884","1043977970","1068357281","1093403193","1120170342","1147885460","1176467266","1205621573","1235700491","1266293483","1298149128","1332297507","1367489973","1403093561","1439288342","1476095233","1513694513","1551923872","1590598381","1629655073","1669138722","1711634869","1752379727","1792821112","1833665328","1874637283","1915943684","1957535877","1999429097","2041752501","2083995762","2126559759","2169474338","2211549617","2253206148","2295275996","2336911352","2378783316","2421545203","2464036877","2506795582","2550264612","2593815085","2637101332","2679816109","2723061855","2765011526","2806590212","2847931114","2888561818","2928617292","2968398856","3006243027","3043358377","3082002881","3120983658"
"Middle East, North Africa, Afghanistan & Pakistan","MEA","Fertility rate, total (births per woman)","SP.DYN.TFRT.IN","6.94826640195092","6.96875002549603","7.01817813588353","6.99843464160891","6.96907744572822","6.93812912731797","6.9202447080572","6.90211800165667","6.87586782177814","6.84023748918043","6.79108519868015","6.73201154877179","6.66641660109879","6.60911906658928","6.57146435826421","6.54610279692197","6.53719629290544","6.51739817371074","6.49802821594846","6.49102179546382","6.45434567192073","6.39057076110944","6.33034843540435","6.26413955456867","6.17869345991629","6.07464236988343","5.94915916674306","5.81680320244568","5.68782610172542","5.54802204321721","5.41879839675048","5.26102343635968","5.0911533544334","4.93021141090709","4.77490719421969","4.596419719181","4.43429034696537","4.30860036436787","4.19855610384827","4.11443713697081","4.01482607048311","3.90085522373291","3.79395138243059","3.72630163365794","3.63070073112687","3.57811114316293","3.56377930573561","3.54500927423124","3.52422252680883","3.50913344979088","3.49627868102769","3.47744099649193","3.47103841927052","3.45458378198777","3.43769825413249","3.40467709971311","3.34433522982973","3.31820651237254","3.23367617917511","3.16206943875318","3.11687444065597","3.07299085938902","3.03344296601144","3.00810110726487",".."
"Middle East, North Africa, Afghanistan & Pakistan","MEA","Life expectancy at birth, total (years)","SP.DYN.LE00.IN","43.5165882446898","44.66657764804","45.1704889543003","45.8218282735477","46.5863458235392","47.2003777959251","48.3303645839876","48.9812446411898","49.5740194698905","50.2626317051794","50.8897364738511","50.2523103760477","52.0674454232199","52.5801137731139","53.1770726497956","53.7544820056235","54.2746056765249","55.2198587430077","55.6743938344268","56.5636397281382","57.0787235305079","57.4107677857204","57.8338316375122","58.8714900626031","59.5113171801841","60.0636597951026","60.6806427414193","61.2032330602589","61.5756088635228","62.2977472202342","62.4064340378254","63.1853756813512","63.6456887458733","64.0085648294676","64.1689718038005","64.4488985183879","64.7646967701053","65.0220554619784","65.3905262967863","65.8481545626509","66.2225138150545","66.597196122581","66.9641479857025","67.083794061249","67.5318434649336","67.529947021124","68.0590796974229","68.346588319376","68.7041650814368","68.9987213130448","69.2105446964534","69.3940300698411","69.4551250054337","69.708340253746","69.9898830097692","70.1511049169228","70.4289278068118","70.7097575308251","70.9403213532696","71.2438695042576","69.9110789555644","69.7113193479505","71.6918319737772","72.0839412410497",".."
"Middle East, North Africa, Afghanistan & Pakistan","MEA","Population, total","SP.POP.TOTL","157933392","162068656","166390935","170881281","175548682","180361095","185366083","190664582","196098319","201742643","207569650","213438350","219448355","225808044","232392106","239405806","246821883","254463059","262393904","270666000","279347788","288391729","297671219","307301861","317366458","327681501","338209596","348933449","359728415","370724431","383279026","394251647","405847278","417150344","428117445","438968860","449859387","460864078","472047033","483430509","494850317","506478256","518193093","530338988","543086512","556210211","569898499","583743828","597799097","612128501","624828664","639053870","653273442","667464006","680716578","694232973","707023525","718887744","730362334","742714463","756405281","767578451","782349366","797801454","813118814"
"Middle East, North Africa, Afghanistan & Pakistan (excluding high income)","MNA","Fertility rate, total (births per woman)","SP.DYN.TFRT.IN","6.98920934561558","7.01138731304419","7.06367689348168","7.04398523958933","7.01396352530694","6.98298978711875","6.96478623017655","6.94697621907675","6.92019826888453","6.88396561905607","6.83363638756391","6.77310892950621","6.7053273011662","6.64914643820049","6.61225276870865","6.58676597045661","6.57939571136647","6.56061527808659","6.54208188900593","6.53680999551613","6.50131487633698","6.4372880866228","6.37756585529525","6.31181739373735","6.22571829032749","6.12138665338542","5.99437112849732","5.86095660731806","5.73215617303728","5.59166350669767","5.45989807226346","5.3006982006967","5.12980162518385","4.96525939653562","4.80567707895635","4.62503840917937","4.46042195357475","4.33412527967481","4.22281381517427","4.14044222495555","4.04137890905639","3.93057640432268","3.8271235820188","3.76354726128922","3.67100530727594","3.62182195458792","3.6100312048631","3.59441353508586","3.58130406581268","3.57177972392374","3.56282894271289","3.54610406035721","3.54106246026335","3.53015929601993","3.51235230424941","3.48219949137543","3.41866135030369","3.38993507836557","3.29998103886159","3.23197870200249","3.19426320279169","3.1492781508572","3.11585080940198","3.08429933241737",".."
"Middle East, North Africa, Afghanistan & Pakistan (excluding high income)","MNA","Life expectancy at birth, total (years)","SP.DYN.LE00.IN","43.4132691936275","44.1901236960878","44.6818278051315","45.7147486310035","46.4765810322621","47.0827464675415","47.8638222252998","48.5220142283659","49.1206749502756","49.8104905207651","50.4288464604734","49.7207505731107","51.5964140713433","52.0852184715503","52.6754004537141","53.241892897475","53.7369267532141","54.6943820299513","55.1315666869342","56.0270274264861","56.5268479659775","56.8378946741224","57.2532226400128","58.3124515698044","58.9549368285972","59.5039633453074","60.1307379648158","60.6506835404093","61.0276496492712","61.7427304403537","61.86242007335","62.6673249254626","63.120272467422","63.4769595101973","63.6262493800491","63.9040214770717","64.2095358044498","64.4598684308186","64.8233679087773","65.2748261800046","65.6368471519478","65.9952073676464","66.3529323677295","66.4455527298438","66.8873537609515","66.8534026128009","67.3815240346302","67.650360399386","67.9910660173055","68.2744546682628","68.4912505131131","68.6624095113408","68.6913310388784","68.9136300385634","69.1715558421355","69.2873263613117","69.5328376363007","69.8141316373328","70.0733668958653","70.417484585256","69.050634286622","68.9280214782653","71.0055315443397","71.2758849884583",".."
"Middle East, North Africa, Afghanistan & Pakistan (excluding high income)","MNA","Population, total","SP.POP.TOTL","151883053","155796245","159849264","164082777","168474397","173012080","177756891","182734055","187877692","193184368","198631041","204099318","209697605","215569107","221668657","228187384","235058983","242098387","249392069","256976193","264948525","273288518","281844787","290721921","300042126","309566339","319257806","329101677","339013669","349120795","361322200","371610655","381995940","392371485","402475400","412447289","422368926","432334916","442475967","452793419","462980522","473223662","483540516","494288606","505618583","517240777","529158464","540838105","552681993","565038251","577396038","589646039","601566988","613151287","624564062","635352686","645837915","656767614","668447432","680490997","692532027","704458802","716508657","729077445","741690916"
"Middle East, North Africa, Afghanistan & Pakistan (IDA & IBRD)","TMN","Fertility rate, total (births per woman)","SP.DYN.TFRT.IN","6.98920934561558","7.01138731304419","7.06367689348168","7.04398523958933","7.01396352530694","6.98298978711875","6.96478623017655","6.94697621907675","6.92019826888453","6.88396561905607","6.83363638756391","6.77310892950621","6.7053273011662","6.64914643820049","6.61225276870865","6.58676597045661","6.57939571136647","6.56061527808659","6.54208188900593","6.53680999551613","6.50131487633697","6.4372880866228","6.37756585529525","6.31181739373735","6.22571829032749","6.12138665338542","5.99437112849732","5.86095660731806","5.73215617303728","5.59166350669767","5.45274456277147","5.29291189563391","5.12152799211417","4.95676967289656","4.79709342953579","4.6162848295284","4.45158485755972","4.32541475467486","4.21420838823085","4.13202578901809","4.03313583947304","3.92235403419662","3.81899845978396","3.75590229901836","3.66329933893295","3.61438148977568","3.60322364692506","3.58812308378204","3.57557545434726","3.5663476769365","3.5573121719595","3.54124003516249","3.53708238309063","3.52674285714679","3.50912887154978","3.47885083971551","3.41545492925523","3.38731160765158","3.29738689646707","3.22947151957324","3.1920336825828","3.14720035423158","3.11399696821534","3.08266683185516",".."
"Middle East, North Africa, Afghanistan & Pakistan (IDA & IBRD)","TMN","Life expectancy at birth, total (years)","SP.DYN.LE00.IN","43.4132691936275","44.1901236960878","44.6818278051315","45.7147486310035","46.4765810322621","47.0827464675415","47.8638222252998","48.5220142283659","49.1206749502756","49.8104905207651","50.4288464604734","49.7207505731107","51.5964140713433","52.0852184715503","52.6754004537141","53.241892897475","53.7369267532141","54.6943820299513","55.1315666869342","56.0270274264862","56.5268479659775","56.8378946741224","57.2532226400129","58.3124515698044","58.9549368285972","59.5039633453074","60.1307379648158","60.6506835404093","61.0276496492712","61.7427304403537","61.8297161964841","62.6362276004953","63.089753921278","63.4463230673086","63.5925284748733","63.8697421757794","64.1739479085054","64.4229011265335","64.7871175627443","65.2399180377491","65.6072409047927","65.9712698137957","66.3239554028688","66.4165076290855","66.8602521893277","66.8201250398649","67.3526959987589","67.6216572647968","67.9635063066435","68.2479599816693","68.4594967501144","68.6299635824863","68.6578262057094","68.8786484698568","69.147274936726","69.2515348606398","69.4961826399098","69.7772409464567","70.0368444388331","70.3800917806817","69.0090964026373","68.893103228232","70.965432550888","71.3194560888195",".."
"Middle East, North Africa, Afghanistan & Pakistan (IDA & IBRD)","TMN","Population, total","SP.POP.TOTL","151883053","155796245","159849264","164082777","168474397","173012080","177756891","182734055","187877692","193184368","198631041","204099318","209697605","215569107","221668657","228187384","235058983","242098387","249392069","256976193","264948525","273288518","281844787","290721921","300042126","309566339","319257806","329101677","339013669","349120795","359343952","369541810","379832349","390108809","400109102","409972623","419780929","429628398","439699399","449944988","460058369","470225878","480465143","491133637","502381957","513920381","525752130","537343609","549090016","561349152","573609877","585763053","597586990","609074579","620390664","631082594","641470827","652312809","663878345","675805691","687728758","699536053","711465045","723911670","736401764"
Middle income,"MIC","Fertility rate, total (births per woman)","SP.DYN.TFRT.IN","5.42939963014378","5.24092066632468","5.98007458661264","6.43904924666892","6.15718220392145","6.10944265775041","5.98552330881616","5.79335073488292","5.98708015365987","5.84195530983889","5.77825797793701","5.55795712060225","5.37790892439801","5.20229218084267","4.96559141060434","4.71546717381231","4.56587308970058","4.38133120537083","4.28134421915074","4.23895793770563","4.19510753965757","4.16043042104759","4.17156658500983","3.98817799583504","3.94931712797662","3.88670060319388","3.85814855956888","3.80369356887313","3.66937549848204","3.60415249635006","3.54369159962289","3.30134025138458","3.18841506714049","3.10630961514347","3.03454944229744","2.96986699734027","2.90770961740033","2.85410994642054","2.80864905575707","2.77323560192122","2.77301821483934","2.72228096962105","2.68293721643397","2.64779604902477","2.62890370079352","2.60481642927214","2.58701383399415","2.5707877505985","2.56650996154659","2.55562905893699","2.5246658063653","2.50125945087295","2.51837285601283","2.47261992519725","2.45813620908315","2.42060816917301","2.42225107636278","2.38856109080032","2.30312916618965","2.25902876682121","2.16532908618301","2.12215366258996","2.09171165928139","2.07483628849491",".."
Middle income,"MIC","Life expectancy at birth, total (years)","SP.DYN.LE00.IN","43.5721990652604","46.2170930024691","50.0792897693299","50.5822680844846","51.1028835306539","50.8726279687459","51.6384529611049","52.2160492468256","52.977279779999","53.5249302135783","53.8321480090498","53.8901731125591","55.0990983738265","55.7297316175833","56.2436729026111","56.8375681849406","57.2334697126332","57.9939009775949","58.4980991090346","59.0707736314942","59.5344650113684","59.9673058980743","60.4089931147822","60.8818530936081","61.3124213376854","61.6820996444516","62.0798529754295","62.4314457262173","62.7283815872434","63.0852568607998","63.3085504959153","63.590465422465","63.9479688471286","64.2524132108465","64.5323624916257","64.8716264996405","65.1990219088538","65.5232017407672","65.8318522352774","66.141844136344","66.4996894321111","66.8263475778242","67.169524009184","67.4764411741404","67.6912316359649","68.1061163042439","68.4385917828347","68.7774099788513","68.9744447215503","69.3941546629876","69.7116856504068","70.0417625323479","70.3719580017028","70.6558539715979","70.9403712992755","71.2072642315496","71.4424241214902","71.6599756723334","71.9601326916178","72.1896324078539","71.5214553857761","70.3957107787488","72.5175506717212","72.7431938727471",".."
Middle income,"MIC","Population, total","SP.POP.TOTL","1968969477","1995507534","2035069774","2086651982","2138527555","2191141157","2247185714","2303228602","2360912065","2420749411","2482153349","2544074050","2605093564","2666982084","2728455818","2788694766","2848095176","2907099421","2966786263","3028044659","3091485829","3157264507","3225816449","3294712711","3363350352","3433380482","3505495513","3579488782","3653960889","3728139137","3804281569","3876917760","3947406975","4016605020","4085142527","4153549029","4221979035","4290382932","4358459090","4425269853","4491582042","4557281954","4620891319","4683580056","4746877931","4809774178","4872116354","4933710362","4996382425","5059811744","5123741911","5188568435","5255534995","5322381812","5388846648","5453063887","5516149006","5579306367","5640395313","5698868246","5753580097","5802569225","5846790764","5891444768","5939111763"
North America,"NAC","Fertility rate, total (births per woman)","SP.DYN.TFRT.IN","3.66813374560788","3.63201562109414","3.48089756292059","3.34515625898632","3.21426362953675","2.9315842104351","2.72360870168464","2.55520218544864","2.45666564485671","2.44445110698431","2.458880480005","2.2539154241962","2.00714130327638","1.88012802121368","1.83523683103097","1.77893712306794","1.74374906104459","1.78918658052099","1.76080080719687","1.80261317020283","1.82954712372149","1.80075567125157","1.81368498975695","1.78708490511878","1.7908093348366","1.82658666082488","1.82123855593193","1.85271622980068","1.90835624301518","1.98906710243302","2.05518103599582","2.02732259209113","2.01153078620432","1.98574388953226","1.96962896425723","1.94657086051667","1.9407821446047","1.93029633691809","1.9546128046502","1.96138322623082","2.00104445286266","1.98111559022242","1.97003758809819","1.9973357672637","2.00195357868507","2.00891827912543","2.05978280204498","2.074587380697","2.03436462442012","1.97033818233665","1.90241045540461","1.86754587684267","1.85497020907638","1.83232546339748","1.83688870286129","1.81894736304592","1.79727819078773","1.74371916045505","1.70714584622083","1.68176811100914","1.61762836473818","1.64085343799958","1.62238294506643","1.57842091532655",".."
North America,"NAC","Life expectancy at birth, total (years)","SP.DYN.LE00.IN","69.8928809447431","70.3674111103082","70.2322004358455","70.0498732749243","70.3125870410997","70.3664482428266","70.3774745800766","70.7137220587","70.1757231439513","70.6941667067473","70.9850542794544","71.2906105325876","71.325889782303","71.5291863757895","72.0793243629389","72.6932766943585","72.9528469578295","73.3490323734962","73.4698455920373","73.9076174873992","73.7548645377218","74.1547309404066","74.4941013567384","74.6194447243444","74.7363519363636","74.7359434817121","74.7956281535059","74.9636321926897","74.9722477585484","75.2265211544613","75.4361985040414","75.5878135699287","75.837971168818","75.6464787218972","75.8429823471392","75.8554630666128","76.2440970663799","76.6253579363396","76.7819490135195","76.8047860395782","76.8850332429286","77.0883485337654","77.1919358768587","77.3002796759891","77.7343375427686","77.7462382909607","77.9690402937581","78.2395331531403","78.3038592516027","78.6547128363776","78.8169547045614","78.9234323511493","79.0322253270364","79.0411295925554","79.135655352291","79.0036254654542","78.8800103845064","78.8688036246685","78.9607960728398","79.1334134419141","77.4498099795241","76.8657678890549","77.8327679594239","78.7328213732191",".."
North America,"NAC","Population, total","SP.POP.TOTL","198622564","202005123","205196239","208251340","211260410","214028461","216656534","219173514","221500404","223756306","226428124","229675639","232167266","234453723","236715025","239169404","241538018","244018165","246601634","249310061","251794340","254339912","256835329","259213228","261487222","263821663","266289167","268791866","271347446","274152910","277371697","281076404","284943671","288662580","292185857","295639837","299064031","302623125","306069812","309502410","312909691","316051677","319046534","321812780","324806660","327822042","331013939","334183103","337404564","340465163","343447854","346242415","349116140","351870848","354755155","357583083","360527592","363217262","365666028","367908829","369670740","370404272","373018004","376954413","381464223"
Not classified,"INX","Fertility rate, total (births per woman)","SP.DYN.TFRT.IN","..","..","..","..","..","..","..","..","..","..","..","..","..","..","..","..","..","..","..","..","..","..","..","..","..","..","..","..","..","..","..","..","..","..","..","..","..","..","..","..","..","..","..","..","..","..","..","..","..","..","..","..","..","..","..","..","..","..","..","..","..","..","..","..",".."
Not classified,"INX","Life expectancy at birth, total (years)","SP.DYN.LE00.IN","..","..","..","..","..","..","..","..","..","..","..","..","..","..","..","..","..","..","..","..","..","..","..","..","..","..","..","..","..","..","..","..","..","..","..","..","..","..","..","..","..","..","..","..","..","..","..","..","..","..","..","..","..","..","..","..","..","..","..","..","..","..","..","..",".."
Not classified,"INX","Population, total","SP.POP.TOTL","..","..","..","..","..","..","..","..","..","..","..","..","..","..","..","..","..","..","..","..","..","..","..","..","..","..","..","..","..","..","..","..","..","..","..","..","..","..","..","..","..","..","..","..","..","..","..","..","..","..","..","..","..","..","..","..","..","..","..","..","..","..","..","..",".."
OECD members,"OED","Fertility rate, total (births per woman)","SP.DYN.TFRT.IN","3.29166295110634","3.29402698110936","3.25798848327678","3.24049738179773","3.22414424921038","3.13394734453346","2.98158605876005","2.99629359355646","2.91725068434988","2.87748595113743","2.84209798002931","2.77600904814107","2.63921208443236","2.55091136899146","2.49021013596253","2.39708301306012","2.33094581227784","2.29224918369634","2.24327126183776","2.23831295346555","2.21569108575995","2.1654293820472","2.1463006685449","2.10218258413935","2.06685066946888","2.05683203658878","2.02983829885507","2.01221010842114","2.01439023876189","2.00429799546611","2.01068908264717","1.98660819799179","1.96230165600952","1.92788878896953","1.90586739279464","1.86678622675595","1.85445902962881","1.84061039237384","1.83385661284465","1.82151158689551","1.83459775158699","1.80289177371102","1.78192463550939","1.78502980323359","1.78984663868265","1.78381673612008","1.81362469163865","1.82970853791825","1.83387500814556","1.80424351640786","1.7911408975842","1.76778605469718","1.77018851627096","1.74592119792157","1.75280691193862","1.74071911641155","1.72744452882059","1.69375695872475","1.66586365002996","1.63129392078343","1.5824350620531","1.58723101430598","1.5470708832652","1.49136107874467",".."
OECD members,"OED","Life expectancy at birth, total (years)","SP.DYN.LE00.IN","67.214675804737","67.6239161043531","67.634730644146","67.8322296440742","68.2408325847986","68.3636268247411","68.5822045163458","69.025105031354","68.8914030370739","69.0385118621778","69.3365985983267","69.6364527131522","69.9184179691612","70.0952045478606","70.4973625348169","70.8130519668422","71.1195410157041","71.5352131238266","71.7226081084637","72.0878760519218","72.152259840394","72.5185547374403","72.868508853242","73.0046213132604","73.2977077375509","73.3462328831744","73.6956598540525","73.9828600223715","74.1284019607245","74.3750880767806","74.538567072286","74.7215702802414","74.9803149628922","75.0829574190709","75.3716055852652","75.4722903820899","75.8475207335284","76.179185888832","76.3849265675109","76.4944403452378","76.8195165967813","77.1207466135963","77.2833606924084","77.4260355491099","77.8261405899935","77.9539871455081","78.2501352258837","78.4729454763553","78.6146332445559","78.8670589595977","79.0473008520596","79.2685938676768","79.4298859829549","79.6249276178205","79.8766518985509","79.761947694534","79.8914226918913","79.931058371801","80.0281711116686","80.2450777215729","78.958047957323","78.5886217634772","79.5215684599377","80.1615573011433",".."
OECD members,"OED","Population, total","SP.POP.TOTL","809580211","820795966","832227425","843650775","855135046","866300939","877030636","887553832","897869478","908238681","918489195","930596384","941467841","952000973","962281658","972242932","981612322","990951247","1000355869","1009880602","1019332414","1028615740","1037419356","1046094679","1054395892","1062728299","1071222636","1079813087","1088587717","1097876374","1107695519","1118410105","1129039882","1139203498","1148779736","1158068699","1167149370","1176191803","1184928348","1193682861","1202226474","1211109104","1220101353","1229012217","1237896576","1246656490","1255746646","1264728255","1274711058","1283973216","1292701737","1299644689","1307733583","1315427979","1323459714","1331675197","1340142055","1348127258","1356470975","1364155119","1369327995","1371811773","1379097485","1388472514","1396914190"
Other small states,"OSS","Fertility rate, total (births per woman)","SP.DYN.TFRT.IN","4.43553319926391","4.44231830252624","4.41616769116931","4.41312019150741","4.37588020986634","4.29245629927385","4.26246217577661","4.13496236671409","4.13848464302128","4.07673900918692","4.04582781244828","4.0179841246719","3.98188798026398","3.83047216403653","3.85788799764731","3.83089799283177","3.84499769346951","3.80577844531965","3.79541435028169","3.8004249100833","3.81850996493011","3.8163209455894","3.82519148214846","3.82322447971302","3.78721508534243","3.74623187036365","3.73884459605047","3.74454820807941","3.75290210269595","3.72478010436665","3.69560131554265","3.62255640517387","3.58664201169041","3.44912460438731","3.37323117787559","3.27655452975608","3.21764719518544","3.13161648579753","3.06378256198961","2.99152108219451","2.92483162722691","2.86914988750943","2.84792307313871","2.81507532453356","2.79320088978675","2.75075169301355","2.7102878305936","2.68571770492518","2.66460894391143","2.62743564380249","2.57095295288463","2.51572458697964","2.47415250758784","2.41214520398858","2.37681894447154","2.32407446918621","2.29653293083321","2.2491444099905","2.20897466383732","2.16819081899787","2.14273949716796","2.12507691475074","2.06679748542533","2.03788095511404",".."
Other small states,"OSS","Life expectancy at birth, total (years)","SP.DYN.LE00.IN","57.3246011555205","57.7577598444902","58.1741626013736","58.1155622199943","58.6037919634521","59.3300542658213","59.5359347141302","59.7749511158882","59.9537700201021","60.1471892722958","60.5214761075053","60.7453202074203","60.9768371384053","61.3380750180236","59.8467563322778","60.3488722806292","60.6333722123236","60.7796533206685","60.748617166034","61.0748824858755","61.9013466490488","62.156949190062","62.5909352102746","62.763713174576","63.2256221043334","63.4782035877973","63.8199486245255","64.2525039136168","64.4049864822448","65.130828157496","65.0247123780379","65.0261916750851","64.9885654346304","64.9694843018552","64.7556285715005","64.8449297144334","65.1970463137826","65.1946385702487","65.02521574486","65.1053065248799","66.4385365444731","66.6129499326785","66.8105993387088","67.0073081269231","67.2249688020829","67.5574840535073","67.8310957913256","68.1699901591828","68.5798272966725","69.0687004196222","69.566524844548","69.9373436903887","70.3920318149408","70.8040790092001","71.0998162246591","71.4795830574543","71.7745690542754","72.1237658150048","72.4217850423792","72.6570116424877","72.5097097789427","71.7699719301416","72.9049248661262","73.5646945094343",".."
Other small states,"OSS","Population, total","SP.POP.TOTL","5297024","5374964","5476102","5578740","5680872","5779625","5872358","5959394","6047701","6141108","6240826","6348289","6460753","6573195","6679456","6790788","6913443","7044675","7176063","7309677","7444817","7577614","7711694","7843045","7975015","8118973","8271747","8429468","8592255","8765561","8949306","9131087","9201490","9249106","9328189","9389918","9493131","9618823","9746302","9758520","9788238","9961679","10136134","10269557","10371059","10479844","10601352","10730365","10862640","10989567","11112466","11226214","11346082","11466589","11591200","11722398","11851918","11989367","12135267","12281907","12417333","12541889","12699005","12842214","12969162"
Pacific island small states,"PSS","Fertility rate, total (births per woman)","SP.DYN.TFRT.IN","6.73252609084681","6.68692128878523","6.6309512157966","6.56011023452287","6.48655735163829","6.37294933436513","6.25356171815875","6.13191629600786","6.0013774379391","5.88179501305971","5.75774198305635","5.62580491610765","5.49075937567605","5.37386832349666","5.29230450344522","5.27330656860281","5.24568436561601","5.19841334686475","5.15568258118052","5.10626892152422","5.04994891007165","4.99439421063257","4.93990849745445","4.87836243059184","4.80830063966044","4.70694958024276","4.607044442129","4.53354416250919","4.46780919248984","4.40934287958665","4.36207209943173","4.31127844965516","4.25954187033857","4.21340625097476","4.16950131434112","4.13821481391388","4.09927768167576","4.02698846443694","3.95406182461895","3.88111353640641","3.81671595073823","3.77032425634367","3.72782313604195","3.68834695321623","3.65298369000911","3.620763176744","3.60508810121026","3.58890472455203","3.56930676629901","3.54391950880304","3.51570587097517","3.48820562877606","3.47172473933368","3.45654427789758","3.44819359331922","3.41085700200253","3.35982740867531","3.29401840298443","3.2372619244172","3.17968996269514","3.1447759920452","3.10974098279504","3.06729870639623","3.02800394339178",".."
Pacific island small states,"PSS","Life expectancy at birth, total (years)","SP.DYN.LE00.IN","54.9327690183309","55.4739194346034","56.0633400443326","56.6347430751547","56.8174632470421","57.8822152586715","58.2811202716708","58.583216013542","59.0753240444586","59.2707784484839","59.7238453421264","60.0905410435044","60.33925414676","60.2171181628336","60.7610584071697","60.9573558684819","61.7153836020704","62.1451428313143","62.6361500980742","62.558034413465","62.7968232016204","62.9126548854131","63.0472054302319","63.5345023789867","63.8161524409801","64.2798024591949","64.2700212799143","64.6139925518575","65.1117846695863","65.4218695734462","65.4079695743484","65.712646615018","65.8184307733139","65.9809205557247","66.2175038703264","66.3962764207464","66.5580295814554","66.6807208082094","66.8765066591632","66.999001761912","66.8914832838297","67.0167243338519","66.7584824574172","66.9599297545214","67.1038169577792","67.2332794133166","67.3577049121232","67.3668379536838","67.5747311016589","67.4527929020498","67.9059171883101","68.0222810195532","67.6660532253593","68.0054625635404","68.0376132124003","68.1166096033138","68.2856508563666","68.5192875005129","68.5825887890247","68.6421578303985","68.3568108792759","67.4810209240703","69.1004348993561","69.2745949035856",".."
Pacific island small states,"PSS","Population, total","SP.POP.TOTL","912120","938244","965430","993524","1022081","1051140","1079689","1105889","1130851","1156327","1181537","1205879","1229695","1253169","1277600","1303608","1331351","1360619","1390784","1422234","1454476","1487561","1521261","1555284","1590058","1625654","1660533","1692234","1721206","1748900","1775607","1801531","1827395","1853148","1878007","1901782","1926342","1954642","1984859","2014289","2042274","2069097","2095273","2120592","2145505","2170029","2194265","2218230","2240739","2262456","2289399","2320899","2351924","2382931","2414338","2445989","2477794","2509999","2542009","2568656","2595522","2625493","2656049","2689224","2722467"
Post-demographic dividend,"PST","Fertility rate, total (births per woman)","SP.DYN.TFRT.IN","2.90442808882196","2.89913330836884","2.85868750998633","2.83396459231029","2.81292153515288","2.71519645053927","2.56529050732116","2.58088773510041","2.50353514456318","2.46607953720604","2.43590113001576","2.37263596195446","2.23465110023601","2.14412983918634","2.09130536346732","1.99967534949052","1.93674477332401","1.90320318841547","1.8565118042829","1.86239640401873","1.85162766864119","1.80682020985859","1.79855404036468","1.76680323023348","1.74013455194628","1.73770173077924","1.72607851153094","1.72046748079298","1.74027507110101","1.73303543191527","1.75107145787354","1.72476315621837","1.70294656872951","1.66313837131592","1.64181281287822","1.60941269327432","1.60338102612505","1.59424123197257","1.59084682406829","1.58592177338232","1.61569056232377","1.5889209744441","1.58132965799612","1.5982496478935","1.61251200971927","1.61201140715546","1.65744164035342","1.68545174832742","1.6981163842684","1.67245587489248","1.66079042885459","1.64471429950164","1.65174368416002","1.62525844766026","1.63301821125915","1.62854493072054","1.62213289586339","1.58009944745016","1.55005381832355","1.51890044146358","1.4750049043659","1.48940269372503","1.44158953254094","1.39632327539098",".."
Post-demographic dividend,"PST","Life expectancy at birth, total (years)","SP.DYN.LE00.IN","68.8399200533405","69.2688281977515","69.2703494749647","69.444966986002","69.8899746188658","69.9655681168664","70.1417541718071","70.5859707055814","70.3989176622243","70.5519226992632","70.8485134676882","71.1394974898806","71.3541322725004","71.5095030685449","71.8692328583235","72.155310229648","72.4149061630143","72.8043725845808","72.9422374499268","73.2767101491464","73.3189938394268","73.6518467661203","73.9750726994584","74.0735190567252","74.358352232478","74.4975404732636","74.7603390194632","75.0383219389569","75.1354402525022","75.3645532807694","75.473991731623","75.6090759076253","75.7166150305184","75.7231520791668","76.0312406656581","76.0734629753437","76.4365491203333","76.7755552244692","76.9698452316562","77.092735203919","77.3513756471438","77.6340698596268","77.771842585777","77.8873480039422","78.3070690267902","78.410884260835","78.7291498117515","78.9805173339684","79.1456240590947","79.4684041481196","79.6785405516336","79.9443824717695","80.088710974095","80.2734415662981","80.5390454613178","80.4400997313335","80.6112411501517","80.6650553844053","80.7442826647034","80.9700933374947","80.0659140743109","79.7955815488505","80.1978532076615","80.8228346378274",".."
Post-demographic dividend,"PST","Population, total","SP.POP.TOTL","756359099","765442136","774678780","783736508","792735136","801451274","809623605","817437528","825029113","832633761","840190480","849553629","857513072","865015884","872247955","879088327","885244462","891301791","897398355","903773491","909919829","916024683","921558505","926768139","931624894","936480384","941566838","946817118","952284317","958176572","964371624","971291914","978087877","984398082","990028770","995338472","1000836719","1006102041","1011086034","1015990094","1021150563","1026105872","1031302538","1036498631","1041890752","1047140108","1052866351","1059147302","1065603711","1071118156","1076208648","1079468050","1084193277","1088424167","1093025476","1097890139","1102966925","1107161559","1111377470","1114907717","1117025276","1116609473","1117926537","1121892872","1128430188"
Pre-demographic dividend,"PRE","Fertility rate, total (births per woman)","SP.DYN.TFRT.IN","6.56663079057346","6.60056282288313","6.66554982017786","6.68490768728291","6.70899134271062","6.73234881150903","6.76225351570689","6.78822131417672","6.81389335021748","6.83528520191933","6.85661292958595","6.88554504403508","6.90535140571379","6.921354426594","6.94421242244305","6.96177471585441","6.96805793793158","6.97899157948676","6.9858551446378","6.97064613260597","6.950424385054","6.92571076184723","6.89656078546331","6.86542416875854","6.8211124553382","6.77437821569904","6.73396755848408","6.69074452643641","6.65339161490656","6.61434069242484","6.56676366735469","6.51776173973853","6.46778165110045","6.41737839205678","6.36462643799093","6.31834840573292","6.26999854852709","6.22460764800979","6.178605455","6.14353406765779","6.10872389646364","6.0605213767724","6.0119936926566","5.96757211145267","5.93282990613316","5.8926989008652","5.85861642222348","5.81458531212335","5.77972624005359","5.73818132762642","5.68740273604675","5.6239192829338","5.544521264971","5.45905893914915","5.37430522910213","5.27734326238515","5.17618890709919","5.07605390683731","4.97262971584117","4.87014287162414","4.77404152669624","4.70240952953725","4.62841373246017","4.55928980464074",".."
Pre-demographic dividend,"PRE","Life expectancy at birth, total (years)","SP.DYN.LE00.IN","39.8872149694242","40.1557412424341","40.7161322580846","41.06419109333","41.3703078886871","41.6972828877457","42.0778101587915","42.2000933707412","42.7826088727482","43.1232769220592","43.7102244877232","44.104567856428","44.345172469231","45.0180748962647","45.4490386388226","45.843188724588","46.4668620873082","46.9506847635445","47.2172678324254","47.53657400238","47.6860850129492","47.8424148985604","48.0051328622085","47.8502512738123","47.7209668228089","47.9318212814566","48.5260421553925","48.5337121371196","48.4936755343681","48.9435219331854","48.9344439307457","48.8506822009196","49.0261459098267","49.5803557864203","50.0168569585538","50.1315595013713","50.1556883221142","50.4042012355219","50.3291415313175","51.0387224062605","51.7515478288284","52.2521572447682","52.7423973946282","53.2939035756388","53.8000182623905","54.3659843800477","54.9719247303041","55.5507681291351","56.1357406037774","56.5093390786225","57.1219983597813","57.3118533177816","58.0153462397337","58.4503631169364","58.6086588197397","58.93626650033","59.2363562400827","59.5402350736624","60.2074724802348","60.5568008955552","60.501207001444","60.2752505117259","61.3832880029503","62.1636298902791",".."
Pre-demographic dividend,"PRE","Population, total","SP.POP.TOTL","188920253","193342737","198004977","202879347","207958469","213246024","218721527","224392810","230300956","236419165","242769169","249344292","256080715","263238228","270820390","278656584","286692896","295051411","304240149","313887702","322965422","330988678","339575832","349226289","359259708","369570962","379883689","390374024","400820214","411682495","422471117","433111892","445411988","459529211","475022693","490118620","503373634","516729805","531450214","546890075","562428025","578587390","596114535","614269146","632445407","651320620","670229212","688722596","708796270","730293963","752046672","774567417","798002725","822138419","846420736","870587800","895239872","920568701","946317177","972302503","998624261","1024960313","1051201551","1078224044","1105951788"
Small states,"SST","Fertility rate, total (births per woman)","SP.DYN.TFRT.IN","5.04865766924653","5.03552907582376","5.01009234007915","4.98391911037869","4.92530495955916","4.82802742986413","4.7555031639122","4.60550269524895","4.55001710049727","4.44721007001788","4.37005595239641","4.30925214651874","4.23924938770938","4.09088509587017","4.04985715649814","3.98859891326763","3.95773790107696","3.90278679936425","3.86255603053693","3.843059029561","3.83058669809155","3.8136283267269","3.80782486272886","3.792366089428","3.74141500977054","3.69547865502722","3.65884390189411","3.63096284157512","3.60554374927883","3.56789282222232","3.53052336823988","3.46400893271946","3.42700755064521","3.31970069180441","3.25463711851323","3.17971560650481","3.12582680837849","3.05681584144018","2.99377495180415","2.93832626785539","2.88338396405506","2.83397156846564","2.79808658297244","2.7597362627718","2.73096021826351","2.70114835906174","2.67308581805192","2.65643240427313","2.64077949261718","2.61377707791796","2.56685568430678","2.52532929458697","2.49706301177046","2.45556739582781","2.42980556625023","2.3864907368306","2.35638987105492","2.31126714318552","2.27509654521267","2.23544844472644","2.21067702634513","2.18868232624234","2.14684043316307","2.12274160818728",".."
Small states,"SST","Life expectancy at birth, total (years)","SP.DYN.LE00.IN","57.9428427174179","58.3708628859276","58.886099310976","59.0139253746901","59.4425202422448","60.0823514450236","60.3250553722639","60.5692100501792","60.7982686012724","60.9909845150376","61.3076956756887","61.5237472166203","61.7485263354406","62.0012122479617","61.2298049170236","61.6081624215837","61.9357697665411","62.1259964339902","62.1986460787079","62.4396806469697","63.0023015664447","63.208566296824","63.5128513789948","63.6894763823","64.0785702762979","64.3273770015488","64.5590631654757","64.903647442077","65.0979559983539","65.6276190934717","65.585573984719","65.6629094328245","65.6862994591054","65.7266880347173","65.6344676001216","65.7224503098331","65.9790280185202","66.018781748514","65.9979318054306","66.1245021369021","66.9881018420458","67.1751397089871","67.320533039585","67.5137796957376","67.7344645790668","68.0184220231352","68.2773677005452","68.5761118394504","68.9208192339965","69.2706797451225","69.6933118913694","70.0014375655617","70.2725959153837","70.6156980246326","70.8536154373809","71.1242805019157","71.3759850327933","71.6556194082547","71.8640735615265","72.0009607335469","71.8255552822673","70.7756825891382","72.3794678577605","72.9007197557042",".."
Small states,"SST","Population, total","SP.POP.TOTL","8767492","8927466","9111719","9300542","9487757","9670463","9846482","10014042","10181338","10353360","10526671","10702728","10876065","11041388","11199859","11364129","11541204","11728016","11915233","12105153","12298380","12490529","12683850","12874950","13067491","13275197","13492150","13707720","13924070","14148870","14379862","14610383","14735408","14837410","14970002","15087617","15248657","15435138","15624755","15698038","15786741","16017863","16250203","16441139","16597133","16699341","16868546","17047450","17228345","17398922","17575200","17748220","17926451","18107202","18292084","18482578","18671045","18865506","19084934","19293697","19472157","19646549","19852364","20051342","20230689"
South Asia,"SAS","Fertility rate, total (births per woman)","SP.DYN.TFRT.IN","5.99643314493816","6.01292550013622","6.02832846438143","6.0398677590804","6.04572178301191","6.008650221683","5.95428427460588","5.90764870193796","5.84957895939763","5.78200152561332","5.73113650750894","5.67694375572139","5.60130386870779","5.52599428260385","5.45583178561272","5.33807896974918","5.27444137494508","5.15974663561678","5.05130631651815","4.97314912067142","4.93210389308236","4.85508043055275","4.76963779583485","4.69716379179166","4.63543091770381","4.54089790157858","4.48421257180628","4.38245113866164","4.28044288663875","4.18658328511583","4.09079809478255","3.98965383518945","3.89236745569418","3.80300535566384","3.72552810756277","3.64485252790157","3.57154357867819","3.50744412442615","3.43651880803499","3.37233736803084","3.33395356090725","3.28308388400588","3.19828354094027","3.10343433102198","3.02541628348848","2.93687989722614","2.84697285381899","2.75669654521409","2.68905082515755","2.64443180727681","2.56574779030977","2.50022514366302","2.44177823996936","2.37827206529081","2.28396274115946","2.27891070577889","2.2733060135155","2.19158171903298","2.18134059924297","2.12407623256393","2.06019382226457","2.03102990361988","2.01401171309975","1.99556441998933",".."
South Asia,"SAS","Life expectancy at birth, total (years)","SP.DYN.LE00.IN","45.5847588043855","45.8783720172752","46.2503760431791","46.5383740922089","46.9081118471866","45.8384667855239","46.3047754098716","46.625128808535","48.1648330098961","48.4984203842372","48.1392393573673","46.6849157165649","49.4510270246545","49.8567012037096","50.3588160401222","50.9170029754766","51.4312144791619","51.9303839573028","52.4943779205513","53.0633065883042","53.6107546114151","54.1561519201744","54.6883182010921","55.2088462287673","55.7095935881379","56.1693922205464","56.6763008968854","57.1271988267727","57.5562821301481","57.9676675968098","58.406615379707","58.5496193401874","59.2393230868812","59.6399172274896","60.0784359785787","60.4870544448028","60.9188482954284","61.3682134088457","61.8215419198501","62.2946275399582","62.8036305165364","63.2621106390743","63.7751981046195","64.2408303344517","64.5911610689622","65.131596636791","65.5691020177667","65.9890229742236","66.4314116387286","66.84109704634","67.3525068406787","67.8108394834024","68.2629615309516","68.6853288301062","69.1208563538772","69.5110334122263","69.9184707063298","70.2904723380061","70.6523573971364","70.9975623145981","70.3622206982499","67.8215299767513","72.0115731308447","72.3247648783903",".."
South Asia,"SAS","Population, total","SP.POP.TOTL","507919318","520416897","533162544","546111213","559361410","572498343","585381018","598618725","612171905","625773349","640078209","654081362","668383197","684000704","700247383","717092514","734217635","751760482","769329109","787440583","806369775","825638560","845349352","865442337","885894499","906622025","927646189","948802143","970044151","991571016","1013297018","1035058149","1057074570","1079256381","1101305517","1123515559","1145998648","1168625898","1191405930","1214263809","1237185482","1260149056","1282584796","1304347790","1325950587","1346886384","1367187349","1386949456","1406047164","1425370200","1444967010","1464372623","1483553073","1501661991","1519839246","1537370078","1555111864","1572520427","1589164714","1605412986","1621073417","1634785356","1648009565","1662580579","1677384532"
South Asia (IDA & IBRD),"TSA","Fertility rate, total (births per woman)","SP.DYN.TFRT.IN","5.99643314493816","6.01292550013622","6.02832846438143","6.0398677590804","6.04572178301191","6.008650221683","5.95428427460588","5.90764870193796","5.84957895939763","5.78200152561332","5.73113650750894","5.67694375572139","5.60130386870779","5.52599428260384","5.45583178561272","5.33807896974918","5.27444137494508","5.15974663561678","5.05130631651815","4.97314912067142","4.93210389308236","4.85508043055275","4.76963779583485","4.69716379179166","4.63543091770381","4.54089790157858","4.48421257180628","4.38245113866164","4.28044288663875","4.18658328511583","4.09079809478255","3.98965383518945","3.89236745569418","3.80300535566384","3.72552810756277","3.64485252790157","3.57154357867819","3.50744412442615","3.43651880803499","3.37233736803084","3.33395356090725","3.28308388400588","3.19828354094027","3.10343433102198","3.02541628348848","2.93687989722614","2.84697285381899","2.75669654521409","2.68905082515755","2.64443180727681","2.56574779030977","2.50022514366302","2.44177823996936","2.37827206529081","2.28396274115946","2.27891070577889","2.2733060135155","2.19158171903298","2.18134059924297","2.12407623256393","2.06019382226457","2.03102990361988","2.01401171309975","1.99556441998933",".."
South Asia (IDA & IBRD),"TSA","Life expectancy at birth, total (years)","SP.DYN.LE00.IN","45.5847588043855","45.8783720172752","46.2503760431791","46.5383740922089","46.9081118471866","45.8384667855239","46.3047754098716","46.625128808535","48.1648330098961","48.4984203842372","48.1392393573673","46.6849157165649","49.4510270246545","49.8567012037096","50.3588160401222","50.9170029754766","51.4312144791619","51.9303839573028","52.4943779205513","53.0633065883042","53.6107546114151","54.1561519201744","54.6883182010921","55.2088462287673","55.7095935881379","56.1693922205464","56.6763008968854","57.1271988267727","57.5562821301481","57.9676675968098","58.406615379707","58.5496193401874","59.2393230868812","59.6399172274896","60.0784359785787","60.4870544448028","60.9188482954284","61.3682134088457","61.8215419198501","62.2946275399582","62.8036305165364","63.2621106390743","63.7751981046195","64.2408303344517","64.5911610689622","65.131596636791","65.5691020177667","65.9890229742236","66.4314116387286","66.84109704634","67.3525068406787","67.8108394834024","68.2629615309516","68.6853288301062","69.1208563538772","69.5110334122263","69.9184707063298","70.2904723380061","70.6523573971364","70.9975623145981","70.3622206982499","67.8215299767513","72.0115731308447","72.3247648783903",".."
South Asia (IDA & IBRD),"TSA","Population, total","SP.POP.TOTL","507919318","520416897","533162544","546111213","559361410","572498343","585381018","598618725","612171905","625773349","640078209","654081362","668383197","684000704","700247383","717092514","734217635","751760482","769329109","787440583","806369775","825638560","845349352","865442337","885894499","906622025","927646189","948802143","970044151","991571016","1013297018","1035058149","1057074570","1079256381","1101305517","1123515559","1145998648","1168625898","1191405930","1214263809","1237185482","1260149056","1282584796","1304347790","1325950587","1346886384","1367187349","1386949456","1406047164","1425370200","1444967010","1464372623","1483553073","1501661991","1519839246","1537370078","1555111864","1572520427","1589164714","1605412986","1621073417","1634785356","1648009565","1662580579","1677384532"
Sub-Saharan Africa,"SSF","Fertility rate, total (births per woman)","SP.DYN.TFRT.IN","6.57175107156462","6.58571655380682","6.60390996665115","6.61960920539895","6.63603034843255","6.650388568379","6.67747347276146","6.69402613956889","6.70872169060774","6.72015983325189","6.73541748554794","6.75655309270745","6.77135263182088","6.78278723428114","6.79683073910367","6.80639805760758","6.80547710156736","6.80735011453269","6.80824261381843","6.79262821212441","6.77334619886944","6.74806811693293","6.72084570386242","6.68550687265287","6.63803070080624","6.5869276136374","6.53893839277634","6.49032982846357","6.43404367064139","6.373415097691","6.30104158509286","6.24298819620138","6.18200606176961","6.12528105635408","6.06470169714644","6.00466548721661","5.93565342182207","5.86627830955653","5.81443019518496","5.7770198423302","5.73773655872012","5.69618761864136","5.65152239416774","5.61321051983256","5.58655124417467","5.55866997151161","5.52178259567579","5.4761027827376","5.44570154645801","5.3858400117165","5.32483728093835","5.25454227435434","5.17788889708355","5.09694190762164","5.02360313569775","4.94309396610617","4.8596413722183","4.78022796585899","4.69665184284359","4.61328768259518","4.5296824078878","4.46442444851627","4.39651820585481","4.33242043176509",".."
Sub-Saharan Africa,"SSF","Life expectancy at birth, total (years)","SP.DYN.LE00.IN","41.4298887419235","41.7287263390954","42.2375875851933","42.5168097817683","42.8510896648394","43.1164726168028","43.2228876153914","43.5439384775619","44.032026628393","44.3086800254961","44.7694765853369","45.09007091812","45.1796589281654","45.736173216604","45.9732500763121","46.3255594107969","47.0036478662147","47.4272046346911","47.7120083712455","48.1551440811002","48.5430503046262","48.8200984112774","49.1042093457257","48.382750114588","48.5119195187103","48.8073449381138","49.2139103725854","49.8883393110629","49.8679346475843","50.1510167097872","50.0362525535801","49.9323096320009","49.9010190613144","50.1822375532185","50.1198955189797","50.494895191951","50.4514360464676","50.6238137510063","50.5660477844902","51.007162915265","51.6452445598305","51.9871852409843","52.3573943143863","52.8273758116531","53.3464613070226","53.8932697449503","54.5901258302239","55.2633245596539","55.8873142457425","56.3679630366864","57.1070604462139","57.4734418430734","58.2281190131813","58.7179604310977","58.9855723923094","59.398721466191","59.8121001978138","60.1584015341065","60.7667275136709","61.1293218424873","61.1675270829902","60.7034363660672","61.8571795894802","62.6029134885664",".."
Sub-Saharan Africa,"SSF","Population, total","SP.POP.TOTL","227706653","233241597","239026415","245034711","251292534","257806104","264528156","271499400","278774032","286291766","294071521","302095262","310303050","318974077","328098223","337484491","347140248","356939418","367476902","378695833","389959247","401805572","414407128","426899800","439338948","452261445","465510912","479171693","492983652","507001395","521314712","535621670","550274082","565570780","580801913","596382250","612553970","628853819","645803591","663257231","681125107","699588585","718662153","738316131","758653144","779665113","801269368","823564883","846656872","870347292","894666657","919528126","944970310","971232906","997961037","1025251114","1052824144","1080941647","1109997000","1139315618","1169015451","1199011925","1229208573","1259902353","1291058694"
Sub-Saharan Africa (excluding high income),"SSA","Fertility rate, total (births per woman)","SP.DYN.TFRT.IN","6.57818814839887","6.59161999136443","6.60876303628043","6.62345393178783","6.63882533288924","6.65278222654627","6.67936344851659","6.69525465860635","6.70985599687503","6.72049983677885","6.73065920828986","6.74802061417959","6.75845731612017","6.76411402492461","6.77374208506473","6.77807184667946","6.77206987114063","6.76835451616727","6.76580592883253","6.74754102447471","6.72379290026689","6.69389729465303","6.66130314767739","6.62107075584832","6.56829693159577","6.51373661656233","6.46275207486535","6.41145537432426","6.35195303522651","6.28790540640626","6.21102157688593","6.14906524709364","6.08423073228002","6.02511969672555","5.96207129638516","5.90167342427617","5.83305003690869","5.76300961066377","5.71429074177931","5.68077254649992","5.64451391795095","5.60639867650098","5.56514064171337","5.53272648375944","5.51318834018681","5.49311482886089","5.4673245908424","5.43322101571662","5.41961449457291","5.37527348503089","5.32986470328555","5.27394917969952","5.21031551394988","5.14059756254553","5.07096662762461","4.99030704250289","4.90404874785378","4.82405664212628","4.73447002191981","4.64434907291966","4.55960366925971","4.49809752335738","4.43349107645845","4.37280825768042",".."
Sub-Saharan Africa (excluding high income),"SSA","Life expectancy at birth, total (years)","SP.DYN.LE00.IN","41.6140959518659","41.883595055599","42.4109044904165","42.674031749391","43.0127128107194","43.290127899967","43.6233125785538","43.7072282724043","44.2307050949993","44.5323271071233","45.0431223219481","45.3867659696911","45.6090939998956","46.2162315029734","46.6872427216433","47.0878756401893","47.5876220950202","48.0411929960374","48.3356422975936","48.7260141460653","49.0940889963071","49.3690023644446","49.6518228789762","49.5492539623599","49.6472616658622","49.872703190314","50.2593468898719","50.2740727974803","50.2768744740741","50.5968400732899","50.5280830180809","50.2644714242388","50.1708162182593","50.442527631122","50.3493238239877","50.7416017743956","50.6371814217565","50.7740198140676","50.6481616974327","51.1706008827801","51.7265175611419","52.0461193591249","52.3851323744449","52.8195933741308","53.3008170562853","53.838506011466","54.4971153374699","55.1150527827157","55.6778747022329","56.1020432787877","56.8122732906384","57.1199263048404","57.8637275594482","58.3281102187957","58.5396963590643","58.9244569362249","59.3199433875513","59.6367115940116","60.2582610385453","60.6065912895076","60.6222294256854","60.1774746494858","61.2833535992957","62.0654798813283",".."
Sub-Saharan Africa (excluding high income),"SSA","Population, total","SP.POP.TOTL","206288260","211292606","216517247","221937898","227579664","233447992","239526768","245829213","252384968","259166830","266188793","273440461","280872413","288750400","297083013","305701947","314545326","323710360","333680160","344394495","355467472","366437525","377641425","389094648","400538509","412354065","424407604","436643155","448764072","461052538","473635450","485834033","498349572","511789636","525116200","538769611","553009918","567371961","582361221","597802260","613632482","630019621","646942913","664400687","682493463","701214785","720481278","740376633","761026248","782252358","804038373","826290715","849083240","872704206","896754068","921290560","946011305","971179323","997236086","1023480610","1049999318","1076774079","1103704408","1131090888","1158877573"
Sub-Saharan Africa (IDA & IBRD countries),"TSS","Fertility rate, total (births per woman)","SP.DYN.TFRT.IN","6.57175107156462","6.58571655380682","6.60390996665115","6.61960920539895","6.63603034843255","6.650388568379","6.67747347276145","6.69402613956889","6.70872169060774","6.72015983325188","6.73541748554794","6.75655309270745","6.77135263182088","6.78278723428114","6.79683073910367","6.80639805760758","6.80547710156736","6.80735011453269","6.80824261381843","6.7926282121244","6.77334619886944","6.74806811693294","6.72084570386242","6.68550687265287","6.63803070080624","6.5869276136374","6.53893839277634","6.49032982846357","6.43404367064139","6.373415097691","6.30104158509286","6.24298819620137","6.18200606176961","6.12528105635408","6.06470169714644","6.00466548721661","5.93565342182207","5.86627830955653","5.81443019518496","5.7770198423302","5.73773655872012","5.69618761864136","5.65152239416774","5.61321051983255","5.58655124417467","5.55866997151161","5.52178259567579","5.4761027827376","5.44570154645802","5.3858400117165","5.32483728093835","5.25454227435434","5.17788889708355","5.09694190762164","5.02360313569775","4.94309396610617","4.8596413722183","4.78022796585899","4.69665184284359","4.61328768259518","4.5296824078878","4.46442444851627","4.39651820585481","4.33242043176509",".."
Sub-Saharan Africa (IDA & IBRD countries),"TSS","Life expectancy at birth, total (years)","SP.DYN.LE00.IN","41.4298887419235","41.7287263390955","42.2375875851933","42.5168097817683","42.8510896648394","43.1164726168028","43.2228876153914","43.5439384775619","44.032026628393","44.3086800254961","44.7694765853369","45.09007091812","45.1796589281654","45.736173216604","45.9732500763121","46.3255594107969","47.0036478662147","47.4272046346911","47.7120083712455","48.1551440811002","48.5430503046262","48.8200984112774","49.1042093457257","48.382750114588","48.5119195187103","48.8073449381137","49.2139103725853","49.8883393110629","49.8679346475843","50.1510167097872","50.0362525535801","49.9323096320009","49.9010190613144","50.1822375532185","50.1198955189797","50.494895191951","50.4514360464676","50.6238137510063","50.5660477844902","51.007162915265","51.6452445598305","51.9871852409843","52.3573943143863","52.8273758116531","53.3464613070226","53.8932697449504","54.5901258302239","55.263324559654","55.8873142457425","56.3679630366864","57.1070604462139","57.4734418430734","58.2281190131813","58.7179604310977","58.9855723923094","59.398721466191","59.8121001978138","60.1584015341065","60.7667275136709","61.1293218424873","61.1675270829902","60.7034363660672","61.8571795894802","62.6029134885664",".."
Sub-Saharan Africa (IDA & IBRD countries),"TSS","Population, total","SP.POP.TOTL","227706653","233241597","239026415","245034711","251292534","257806104","264528156","271499400","278774032","286291766","294071521","302095262","310303050","318974077","328098223","337484491","347140248","356939418","367476902","378695833","389959247","401805572","414407128","426899800","439338948","452261445","465510912","479171693","492983652","507001395","521314712","535621670","550274082","565570780","580801913","596382250","612553970","628853819","645803591","663257231","681125107","699588585","718662153","738316131","758653144","779665113","801269368","823564883","846656872","870347292","894666657","919528126","944970310","971232906","997961037","1025251114","1052824144","1080941647","1109997000","1139315618","1169015451","1199011925","1229208573","1259902353","1291058694"
Upper middle income,"UMC","Fertility rate, total (births per woman)","SP.DYN.TFRT.IN","4.86607364303605","4.54703154668911","5.78602894046546","6.56923537526776","6.08504101510918","6.02714593412678","5.84783684981244","5.54562053556207","5.90716151000014","5.69443222825594","5.61356162083455","5.26564923150025","4.99829223554557","4.74088876007161","4.38296987469537","4.01449444225279","3.79400133888857","3.53879957559396","3.43031590244961","3.40952794317412","3.36667690272702","3.35772268589976","3.42542228116797","3.15645970025425","3.13880459237082","3.09923706336234","3.10219990299568","3.07814064505131","2.91213669482661","2.85743807496573","2.80684838979167","2.44643629011219","2.31590438082727","2.23399755010931","2.16515348646058","2.10873634804387","2.05569716502268","2.01098945684604","1.98018158540084","1.95566253686059","1.97995536450987","1.92066193134178","1.9004098952096","1.88959550104105","1.90546143650987","1.91282604162944","1.91969851496058","1.92855296902382","1.94740667177155","1.94794921093757","1.93188483222883","1.928786334023","1.99994258672591","1.94954929775326","1.97717150853911","1.91297576323342","1.94488642797937","1.93968791303038","1.79871354206606","1.75920465416601","1.61466211821998","1.54948810142727","1.49759033600446","1.47471010969164",".."
Upper middle income,"UMC","Life expectancy at birth, total (years)","SP.DYN.LE00.IN","41.9630124935965","46.2182773394634","52.5839417526531","53.2370588570763","53.8183860285474","53.7936898523034","54.7638771228289","55.5413767084306","56.1226766289888","56.74374359456","57.3314207471159","58.1137699157901","58.7956434940451","59.5062525184061","60.1022975301928","60.7001299364329","61.0230816271086","61.9537368221238","62.4726537906261","63.0261631222681","63.455091480496","63.8718860702381","64.3339857057491","64.8453206607734","65.3191875476391","65.7110087845032","66.1406225407004","66.5085508348244","66.7792976048885","67.1764295671066","67.3594421529339","67.7871872826629","68.1090893149057","68.46782287278","68.7549742168208","69.1464007505357","69.5207235180466","69.8746942953019","70.1875900296196","70.438675790471","70.7737035763786","71.0962768701794","71.4010777486735","71.649535070684","71.8008960032206","72.2940907050527","72.5738691375552","72.912796750858","73.0980299785479","73.5030015253387","73.8314745903693","74.090553966773","74.4122505468625","74.6708599526613","74.9251182605804","75.1754691734539","75.3404185539196","75.4810427213008","75.8220642064271","76.029480770985","75.2315516201179","74.7276149865895","76.0092804332746","76.1953051028563",".."
Upper middle income,"UMC","Population, total","SP.POP.TOTL","1149653372","1155585967","1174054217","1204001559","1233716139","1264038910","1297805820","1330989567","1365250009","1401337527","1438175379","1475716769","1511690371","1546811742","1580570358","1612227500","1642473603","1671398930","1700492780","1729895531","1759188322","1789774534","1822722888","1855424369","1887255119","1919685969","1953571641","1988890401","2024305816","2059000415","2092646700","2124538033","2154585863","2182939692","2210505244","2237605345","2264443158","2290953835","2316706589","2341274091","2365022283","2387807616","2409341702","2430373908","2451601935","2472862826","2493333038","2512165159","2532345548","2553016162","2573477299","2594753350","2618433663","2642565703","2665784793","2688052361","2709558794","2731375253","2751833495","2770250954","2785181241","2796326198","2803432387","2809441887","2818128105"
World,"WLD","Fertility rate, total (births per woman)","SP.DYN.TFRT.IN","4.68612947945316","4.56475472574651","5.02406253709377","5.31430470898607","5.13081514120538","5.08093194731238","4.96824850941136","4.86580781697261","4.97825772929304","4.88003252839929","4.84002925303769","4.68936443294191","4.54782350464613","4.41717270704073","4.25592776900705","4.07351252962063","3.96690791257671","3.84198804720794","3.77381897612466","3.75640639104685","3.73131942039854","3.70557208491763","3.72160021425981","3.59480031460332","3.56788194797433","3.52964844274917","3.51437325637263","3.48258039588679","3.39314531574198","3.34612386549902","3.30678722501726","3.12602592780501","3.0390101049031","2.97156251924491","2.91910113219286","2.86595680130739","2.81877812096175","2.77886494341004","2.74684521774943","2.7213862857813","2.72993367447802","2.68857132229265","2.66013030477774","2.63807688583646","2.62802684604042","2.61073450761972","2.60628111157862","2.60198840418013","2.60338909222478","2.59304109484737","2.5681653452478","2.5480532851205","2.56448438759565","2.52503075753693","2.51756080985842","2.49004018570915","2.49139765692078","2.45982929722276","2.39173536464011","2.35323784811332","2.27638060434278","2.24573573357195","2.21514971296505","2.19582603257397",".."
World,"WLD","Life expectancy at birth, total (years)","SP.DYN.LE00.IN","50.9418860745353","52.7972301278289","55.2860734026534","55.6522285444853","56.0966979719764","55.926447643924","56.4490075635882","56.9037526493978","57.3352975180805","57.6800785564019","57.9370058876749","58.0244668517985","58.8441211130805","59.2960784406295","59.6995632328215","60.1304898805725","60.4539569952357","61.0411765312782","61.3940866427936","61.8407172981247","62.1512081191639","62.5165275005898","62.8741022956614","63.1311212956406","63.4354202912027","63.7248894859918","64.1159967641844","64.4571752738082","64.6658654777791","64.95702210046","65.1079831133031","65.3032697388307","65.5470515911472","65.7420496975541","65.9579138029615","66.2002309366679","66.5147981675832","66.8302940886563","67.0659534434212","67.3114785085325","67.6497257264509","67.9443984335696","68.2305637045849","68.5149610664907","68.7702524523833","69.1105758161451","69.4681165505109","69.8040978740415","70.0034739280642","70.3795251115457","70.6818433466142","70.9680134853525","71.2637545794112","71.5326702064453","71.7755436817156","71.9647545102466","72.1848945967684","72.3653447819616","72.6436120803356","72.8689103086688","72.1822239463874","71.2154841745704","72.9690157226638","73.3297162833404",".."
World,"WLD","Population, total","SP.POP.TOTL","3021512598","3062768116","3117372187","3184063049","3251253200","3318997522","3389087189","3459015356","3530703561","3604815552","3680589045","3758613546","3834446322","3911068458","3987294240","4062070771","4135758539","4208958804","4283431043","4360056401","4437602892","4516926190","4599539241","4682924536","4766040300","4850740788","4937711562","5027030278","5117167006","5207654866","5299246757","5388496228","5477123965","5564778620","5650853177","5736505516","5822614626","5908466557","5994040064","6078404337","6161884811","6245112906","6327557399","6409750441","6492769815","6575841506","6659977025","6744489399","6830513541","6916589116","7001266876","7087120034","7176968877","7265970522","7354183367","7441826877","7529066617","7614748582","7697492379","7778303912","7855075060","7920861888","7990399768","8064976601","8142056446"
,"","","","","","","","","","","","","","","","","","","","","","","","","","","","","","","","","","","","","","","","","","","","","","","","","","","","","","","","","","","","","","","","","","","",""
,"","","","","","","","","","","","","","","","","","","","","","","","","","","","","","","","","","","","","","","","","","","","","","","","","","","","","","","","","","","","","","","","","","","",""
,"","","","","","","","","","","","","","","","","","","","","","","","","","","","","","","","","","","","","","","","","","","","","","","","","","","","","","","","","","","","","","","","","","","",""
Data from database: World Development Indicators,"","","","","","","","","","","","","","","","","","","","","","","","","","","","","","","","","","","","","","","","","","","","","","","","","","","","","","","","","","","","","","","","","","","",""
Last Updated: 07/01/2025,"","","","","","","","","","","","","","","","","","","","","","","","","","","","","","","","","","","","","","","","","","","","","","","","","","","","","","","","","","","","","","","","","","","",""
